query_id,document_id,field,rating,anchor_chars,positive_chars
1,10068569,description,3,20,123
1,10196249,title,3,20,65
1,10158627,description,3,20,126
1,10058203,description,3,20,140
1,10038921,description,3,20,95
1,10039367,description,3,20,145
1,10058199,description,3,20,139
1,10058339,description,3,20,132
1,10009775,description,3,20,127
1,10009623,description,3,20,130
1,10166763,description,3,20,124
1,10075725,title,3,20,59
1,10095231,description,3,20,138
1,10039387,description,3,20,154
1,10009671,description,3,20,132
1,10101395,title,3,20,54
1,10098527,description,3,20,125
1,10058499,title,3,20,88
1,10068567,title,3,20,65
1,10058435,title,3,20,63
1,10170215,title,3,20,67
1,10009621,description,3,20,140
1,10058453,description,3,20,130
1,10058181,title,3,20,75
1,10009617,description,3,20,120
1,10058305,description,3,20,139
1,10058535,description,3,20,149
1,10196233,title,3,20,71
1,10058223,title,3,20,71
1,10068583,description,3,20,123
1,10128353,description,3,20,126
1,10009619,description,3,20,156
1,10058399,description,3,20,126
1,10058469,title,3,20,71
1,10058387,title,3,20,76
1,10068611,title,3,20,67
1,10156749,description,3,20,133
1,10235537,title,3,20,75
1,10158641,title,3,20,74
1,10158755,description,3,20,133
1,10009647,title,3,20,80
1,10009681,title,3,20,85
1,10211983,description,3,20,125
1,10009773,description,3,20,140
1,10009711,description,3,20,124
1,10038921,title,3,20,91
1,10048073,title,3,20,79
10,10170661,description,3,14,45
10,10148361,title,3,14,65
10,10009611,description,3,14,125
10,10017113,title,3,14,64
10,1010498,description,3,14,112
10,10148345,description,3,14,60
10,10041745,title,3,14,57
10,10004161,description,3,14,62
10,10170363,title,3,14,66
10,10269809,description,3,14,120
10,10136201,title,3,14,58
10,10150241,description,3,14,60
10,10202235,description,3,14,172
10,10270099,title,3,14,53
10,10148361,description,3,14,147
10,10003277,title,3,14,49
10,10004179,description,3,14,75
10,10242711,title,3,14,58
10,10024767,description,3,14,57
10,10236115,title,3,14,55
10,10019869,title,3,14,61
10,10136037,description,3,14,60
10,10004179,title,3,14,54
10,10004181,description,3,14,75
10,10270053,description,3,14,104
10,10028843,title,3,14,52
10,10070729,title,3,14,49
10,10136157,description,3,14,69
10,10070729,description,3,14,60
10,10144531,title,3,14,61
10,10242855,title,3,14,48
10,10220737,title,3,14,55
10,10177215,description,3,14,47
10,10201823,title,3,14,52
10,10004181,title,3,14,65
10,10144531,description,3,14,71
10,10003075,description,3,14,57
10,10013261,description,3,14,82
10,10003417,title,3,14,58
10,10202235,title,3,14,70
10,10136157,title,3,14,52
10,10150581,title,3,14,66
10,1015476,description,3,14,204
10,10047999,description,3,14,138
10,10263185,description,3,14,117
100,10261367,title,3,16,50
100,10166959,title,3,16,67
100,10167821,title,3,16,50
100,10181833,title,3,16,47
100,10143543,description,3,16,262
100,10181783,title,3,16,38
100,10181899,description,3,16,204
100,10017429,title,3,16,51
100,10181823,title,3,16,37
100,10181867,title,3,16,43
100,10101529,description,3,16,199
100,10017429,description,3,16,220
100,10167837,description,3,16,241
100,10167851,title,3,16,49
100,10181885,title,3,16,36
100,10017439,title,3,16,52
100,10167851,description,3,16,226
100,10166959,description,3,16,253
100,10181783,description,3,16,208
100,10181809,description,3,16,234
100,10181809,title,3,16,52
100,10181913,title,3,16,31
100,10181869,description,3,16,195
100,10017439,description,3,16,222
100,10181867,description,3,16,196
100,10167843,title,3,16,55
100,10074201,description,3,16,203
100,10167821,description,3,16,227
100,10181885,description,3,16,193
100,10181869,title,3,16,52
100,10143543,title,3,16,54
100,10167837,title,3,16,63
100,10181883,description,3,16,194
100,10181823,description,3,16,194
100,10074201,title,3,16,47
100,10181883,title,3,16,32
100,10181913,description,3,16,192
100,10167843,description,3,16,211
100,10181899,title,3,16,50
100,10261367,description,3,16,298
100,10101529,title,3,16,65
100,10181833,description,3,16,496
101,10015165,title,3,14,55
101,10180905,description,3,14,77
101,10252481,description,3,14,82
101,10015159,description,3,14,74
101,1011672,title,3,14,25
101,10015163,title,3,14,50
101,1011679,description,3,14,155
101,10015167,description,3,14,75
101,10015171,title,3,14,51
101,1011672,description,3,14,128
101,10015165,description,3,14,77
101,10237425,title,3,14,62
101,10232793,title,3,14,56
101,10015155,description,3,14,72
101,10252481,title,3,14,58
101,10236763,title,3,14,53
101,10015171,description,3,14,73
101,10015153,title,3,14,59
101,10236763,description,3,14,81
101,1011679,title,3,14,17
101,10237425,description,3,14,84
101,10015159,title,3,14,52
101,10015167,title,3,14,53
101,10184387,description,3,14,74
101,10015153,description,3,14,81
101,10180905,title,3,14,49
101,10184387,title,3,14,56
101,10232793,description,3,14,1077
103,10234523,description,3,14,334
103,10168463,title,3,14,75
103,10245789,description,3,14,220
103,10197727,title,3,14,79
103,10197729,description,3,14,602
103,10144797,title,3,14,65
103,10234533,description,3,14,291
103,10197741,title,3,14,91
103,10234533,title,3,14,68
103,10168463,description,3,14,220
103,10075165,title,3,14,72
103,10236739,title,3,14,84
103,10236739,description,3,14,211
103,10197737,description,3,14,476
103,10197729,title,3,14,55
103,10197727,description,3,14,470
103,10245789,title,3,14,72
103,10075177,description,3,14,496
103,10144797,description,3,14,167
103,10075177,title,3,14,64
103,10225009,title,3,14,78
103,10271953,description,3,14,87
103,10225009,description,3,14,207
103,10197741,description,3,14,736
103,10075165,description,3,14,630
103,10234523,title,3,14,70
103,10271953,title,3,14,48
103,10197737,title,3,14,63
106,10242673,title,3,18,45
106,10242673,description,3,18,80
107,10040089,description,3,12,160
107,1026857,title,3,12,42
107,1026713,description,3,12,290
107,10013539,description,3,12,185
107,10013631,title,3,12,73
107,10000805,title,3,12,57
107,10203469,description,3,12,167
107,10178569,description,3,12,155
107,10216741,description,3,12,159
107,1026703,title,3,12,28
107,10017503,description,3,12,154
107,10017499,title,3,12,61
107,10017501,description,3,12,185
107,10013671,title,3,12,69
107,10040091,description,3,12,162
107,10178563,title,3,12,62
107,10000805,description,3,12,167
107,10000777,description,3,12,169
107,10000777,title,3,12,57
107,10203469,title,3,12,90
107,1027080,title,3,12,30
107,10017481,description,3,12,185
107,10013679,description,3,12,168
107,10013731,title,3,12,70
107,10013731,description,3,12,175
107,10013603,title,3,12,74
107,10129417,title,3,12,82
107,10129433,title,3,12,62
107,10013691,description,3,12,162
107,10017481,title,3,12,64
107,10017491,title,3,12,79
107,10017491,description,3,12,184
107,10216741,title,3,12,69
107,1026857,description,3,12,296
107,10017499,description,3,12,158
107,10017567,description,3,12,192
107,1027080,description,3,12,221
107,1026933,title,3,12,35
107,10013679,title,3,12,73
107,10193717,title,3,12,64
107,10178569,title,3,12,58
107,10017501,title,3,12,73
107,10040089,title,3,12,68
107,10216743,title,3,12,80
107,1026716,description,3,12,170
107,10193717,description,3,12,154
107,10013539,title,3,12,75
108,10185901,description,3,15,82
108,1011625,description,3,15,61
108,10234493,title,3,15,69
108,1020500,title,3,15,48
108,10255065,description,3,15,174
108,10234493,description,3,15,340
108,10255061,title,3,15,52
108,10255059,description,3,15,164
108,10185911,description,3,15,70
108,10186821,title,3,15,87
108,10185911,title,3,15,51
108,10186793,description,3,15,271
108,10255067,title,3,15,56
108,1020500,description,3,15,107
108,10186807,description,3,15,394
108,1011625,title,3,15,35
108,10186821,description,3,15,399
108,10207611,description,3,15,88
108,10207619,title,3,15,38
108,10185909,title,3,15,44
108,10185931,description,3,15,68
108,10185931,title,3,15,49
108,10185927,description,3,15,95
108,10185927,title,3,15,51
108,10186807,title,3,15,86
108,1011624,description,3,15,65
108,10207619,description,3,15,90
108,10186793,title,3,15,83
108,10255059,title,3,15,51
108,10185909,description,3,15,88
108,10185893,description,3,15,88
108,10185893,title,3,15,43
108,10255073,description,3,15,183
108,10255067,description,3,15,184
108,10207611,title,3,15,36
108,10255061,description,3,15,176
108,1011624,title,3,15,39
108,10185901,title,3,15,58
11,10032531,description,3,13,130
11,10032707,title,3,13,39
11,10178037,title,3,13,44
11,10160767,description,3,13,111
11,10178009,description,3,13,104
11,10025037,title,3,13,67
11,10161373,title,3,13,42
11,10178009,title,3,13,40
11,10032459,title,3,13,56
11,10032595,description,3,13,133
11,10032719,description,3,13,155
11,10178041,description,3,13,113
11,10032719,title,3,13,54
11,10032681,description,3,13,75
11,10032791,title,3,13,55
11,10159111,title,3,13,38
11,10257543,title,3,13,47
11,10244469,title,3,13,36
11,10032475,description,3,13,141
11,10032741,title,3,13,54
11,10177965,description,3,13,109
11,10025037,description,3,13,137
11,10178013,description,3,13,277
11,10178047,description,3,13,125
11,10032823,title,3,13,58
11,10032631,title,3,13,63
11,10032707,description,3,13,113
11,10178057,description,3,13,112
11,10135081,description,3,13,94
11,10244549,title,3,13,29
11,10032531,title,3,13,76
11,10032637,title,3,13,58
11,10032551,title,3,13,50
11,10160767,title,3,13,44
11,10185863,description,3,13,111
11,10032643,description,3,13,165
11,10185863,title,3,13,50
11,10032465,description,3,13,121
11,10032537,description,3,13,135
11,10178013,title,3,13,56
11,10134545,title,3,13,53
11,10177993,title,3,13,39
11,10000901,title,3,13,42
11,10244549,description,3,13,304
11,10134909,description,3,13,76
11,10178027,description,3,13,126
11,10134879,title,3,13,54
11,10185875,description,3,13,103
110,10021145,title,3,14,44
110,10193961,title,3,14,54
110,10074625,description,3,14,102
110,10016747,title,3,14,51
110,10185627,title,3,14,50
110,10206765,description,3,14,113
110,10207129,description,3,14,141
110,10207021,title,3,14,49
110,10246991,description,3,14,62
110,10206755,description,3,14,127
110,10197067,title,3,14,58
110,10238397,title,3,14,39
110,10185627,description,3,14,85
110,10074625,title,3,14,45
110,10172905,description,3,14,134
110,10193961,description,3,14,69
110,10021145,description,3,14,83
110,10172921,title,3,14,67
110,10193915,title,3,14,54
110,10207123,title,3,14,50
110,10197067,description,3,14,136
110,10206769,description,3,14,109
110,10172903,title,3,14,52
110,10172907,title,3,14,49
110,10193935,title,3,14,56
110,10246991,title,3,14,51
110,10197665,title,3,14,68
110,10021167,title,3,14,57
110,10207021,description,3,14,138
110,10172921,description,3,14,117
110,10172903,description,3,14,120
110,10206899,title,3,14,52
110,1003783,title,3,14,30
110,10206755,title,3,14,41
110,10021167,description,3,14,88
110,1003781,description,3,14,171
110,10206765,title,3,14,50
110,10238397,description,3,14,117
110,10172907,description,3,14,153
110,10016747,description,3,14,159
110,10206763,description,3,14,121
110,10193915,description,3,14,103
110,1003781,title,3,14,17
110,10238421,title,3,14,53
110,10172905,title,3,14,66
110,1003783,description,3,14,107
110,10238421,description,3,14,188
110,10206769,title,3,14,40
110,10193935,description,3,14,105
110,10206899,description,3,14,101
111,10101607,title,3,17,45
111,10244513,description,3,17,63
111,10244459,title,3,17,37
111,10145245,title,3,17,33
111,10145333,description,3,17,108
111,10244443,description,3,17,64
111,10101129,description,3,17,57
111,10129605,description,3,17,62
111,10129601,title,3,17,48
111,10197221,description,3,17,67
111,10071499,title,3,17,44
111,10245441,title,3,17,58
111,10013361,title,3,17,62
111,10101121,description,3,17,79
111,10188253,title,3,17,40
111,10180681,title,3,17,33
111,10000369,description,3,17,46
111,10145295,title,3,17,37
111,10101619,title,3,17,49
111,10145245,description,3,17,106
111,10243471,title,3,17,35
111,10244447,description,3,17,115
111,10101121,title,3,17,54
111,10244459,description,3,17,88
111,10243463,description,3,17,79
111,10145323,description,3,17,105
111,10264983,description,3,17,169
111,10244443,title,3,17,46
111,10274645,title,3,17,40
111,10205425,title,3,17,26
111,10101129,title,3,17,42
111,10197225,title,3,17,64
111,10205425,description,3,17,56
111,10000107,title,3,17,41
111,10264983,title,3,17,63
111,10000107,description,3,17,55
111,10180923,description,3,17,56
111,10101607,description,3,17,54
111,10244303,title,3,17,34
111,10121853,description,3,17,57
111,10188253,description,3,17,56
111,10243509,title,3,17,35
111,10121853,title,3,17,68
111,10243463,title,3,17,35
111,10244447,title,3,17,37
112,10234551,title,3,18,34
112,10234495,description,3,18,298
112,10234495,title,3,18,57
112,10234549,description,3,18,107
112,10234511,title,3,18,50
112,10234511,description,3,18,266
112,10234545,description,3,18,120
112,10234549,title,3,18,46
112,10053963,description,3,18,89
112,10234551,description,3,18,103
112,10234553,description,3,18,129
112,10043077,description,3,18,417
112,10234553,title,3,18,54
112,10053963,title,3,18,30
112,10043077,title,3,18,54
112,10234545,title,3,18,48
113,1000507,description,3,15,117
113,1000507,title,3,15,33
113,10157913,description,3,15,92
113,10157913,title,3,15,33
114,10274569,title,3,16,22
114,10021449,description,3,16,189
114,10242891,title,3,16,34
114,10117173,description,3,16,141
114,10241331,description,3,16,205
114,10224509,title,3,16,27
114,10117173,title,3,16,33
114,10021469,description,3,16,186
114,10159405,description,3,16,137
114,10117195,title,3,16,25
114,10117157,title,3,16,37
114,10029687,description,3,16,140
114,10242891,description,3,16,471
114,10117065,title,3,16,33
114,10266877,description,3,16,198
114,10159407,title,3,16,37
114,10029687,title,3,16,26
114,10242953,title,3,16,35
114,10021447,description,3,16,189
114,10117203,title,3,16,25
114,10137319,title,3,16,54
114,10117201,description,3,16,139
114,10137043,title,3,16,49
114,10137101,title,3,16,47
114,10248349,description,3,16,411
114,10266917,title,3,16,24
114,10137145,title,3,16,46
114,10247655,title,3,16,29
114,10021449,title,3,16,26
114,10117065,description,3,16,141
114,10037001,description,3,16,139
114,10247655,description,3,16,221
114,10159395,title,3,16,25
114,10064639,description,3,16,695
114,10092025,description,3,16,636
114,10064639,title,3,16,58
114,10021469,title,3,16,36
114,10063557,description,3,16,188
114,10266823,description,3,16,217
114,10117203,description,3,16,133
114,10117101,description,3,16,147
114,10071795,title,3,16,34
115,10085061,title,3,17,47
115,10170161,description,3,17,44
115,10243499,title,3,17,53
115,10243435,description,3,17,103
115,10206969,description,3,17,92
115,10270099,description,3,17,98
115,10243479,description,3,17,161
115,10243499,description,3,17,221
115,10206867,title,3,17,48
115,10185561,title,3,17,42
115,10220711,description,3,17,97
115,10243473,description,3,17,163
115,10207069,title,3,17,36
115,10243563,title,3,17,30
115,10166441,description,3,17,61
115,10270099,title,3,17,53
115,10243473,title,3,17,34
115,10206943,title,3,17,43
115,10085061,description,3,17,78
115,10170161,title,3,17,67
115,10243435,title,3,17,28
115,10220711,title,3,17,54
115,10166441,title,3,17,34
115,10206943,description,3,17,92
115,10185561,description,3,17,72
115,10207133,description,3,17,91
115,10207379,description,3,17,76
115,10207379,title,3,17,35
115,10243563,description,3,17,159
115,10207069,description,3,17,99
115,10207133,title,3,17,42
116,10259963,title,3,13,45
116,10259963,description,3,13,110
117,10185717,description,3,10,71
117,10188055,title,3,10,48
117,10259411,title,3,10,39
117,10128885,title,3,10,28
117,10236393,title,3,10,46
117,10259443,description,3,10,74
117,10188139,title,3,10,56
117,10188139,description,3,10,91
117,10128873,title,3,10,32
117,10236385,description,3,10,329
117,10259467,title,3,10,42
117,10259467,description,3,10,87
117,10128915,title,3,10,41
117,10259427,description,3,10,63
117,10218293,description,3,10,89
117,10099591,description,3,10,103
117,10263425,description,3,10,88
117,10236475,title,3,10,32
117,10218293,title,3,10,43
117,10236393,description,3,10,324
117,10062775,description,3,10,52
117,10099591,title,3,10,55
117,10259427,title,3,10,41
117,10263425,title,3,10,51
117,10110737,title,3,10,69
117,10236475,description,3,10,122
117,10128885,description,3,10,121
117,10236439,title,3,10,32
117,10128873,description,3,10,159
117,10259411,description,3,10,87
117,10128879,title,3,10,32
117,10128915,description,3,10,91
117,10062775,title,3,10,43
117,10236439,description,3,10,100
117,10185717,title,3,10,51
117,10128879,description,3,10,156
117,10110737,description,3,10,105
117,10259443,title,3,10,40
119,10211875,description,3,20,127
119,10211875,title,3,20,51
12,10242891,description,3,13,471
12,10029811,description,3,13,130
12,10248721,description,3,13,258
12,10248349,description,3,13,411
12,10248331,description,3,13,195
12,10064639,title,3,13,58
12,10071081,title,3,13,36
12,10248355,description,3,13,571
12,10248721,title,3,13,48
12,10248557,description,3,13,854
12,10248539,title,3,13,44
12,10075915,title,3,13,39
12,10243977,description,3,13,505
12,10137231,title,3,13,49
12,10029731,title,3,13,42
12,10173883,title,3,13,40
12,10182143,description,3,13,683
12,10071793,description,3,13,190
12,10262065,description,3,13,189
12,10137127,description,3,13,660
12,10071051,description,3,13,189
12,10243959,title,3,13,37
12,10137167,title,3,13,41
12,10137145,title,3,13,46
12,10233965,title,3,13,42
12,10029717,description,3,13,134
12,10029745,title,3,13,35
12,10029717,title,3,13,41
12,10124997,title,3,13,52
12,10071785,description,3,13,185
12,10262107,title,3,13,59
12,10071081,description,3,13,615
12,10253421,description,3,13,218
12,10248405,description,3,13,208
12,10248539,description,3,13,316
12,10063569,title,3,13,35
12,10248373,title,3,13,47
12,10253427,title,3,13,52
12,10101427,description,3,13,186
12,10029819,description,3,13,140
12,10248447,title,3,13,54
12,10137337,title,3,13,50
12,10243995,title,3,13,41
12,10029805,title,3,13,44
12,10243989,description,3,13,500
12,10182147,description,3,13,185
120,10255051,title,3,15,44
120,10222929,description,3,15,109
120,10208587,description,3,15,98
120,10208603,title,3,15,50
120,10208633,title,3,15,53
120,10158165,description,3,15,676
120,10091247,description,3,15,103
120,10208633,description,3,15,110
120,10255045,title,3,15,49
120,10222933,description,3,15,101
120,10205533,title,3,15,46
120,10208603,description,3,15,100
120,10231811,description,3,15,99
120,10255043,title,3,15,46
120,10158165,title,3,15,79
120,10202281,description,3,15,103
120,10255051,description,3,15,103
120,10208579,title,3,15,46
120,10208561,title,3,15,52
120,10208547,title,3,15,58
120,10255045,description,3,15,104
120,10208567,description,3,15,110
120,10202281,title,3,15,48
120,10255053,description,3,15,105
120,10208561,description,3,15,109
120,10208579,description,3,15,101
120,10208559,title,3,15,46
120,10223319,description,3,15,100
120,10208547,description,3,15,115
120,10222929,title,3,15,54
120,10222933,title,3,15,46
120,10223319,title,3,15,45
120,10202283,description,3,15,118
120,10091247,title,3,15,44
120,10208567,title,3,15,55
120,10208587,title,3,15,43
120,10202283,title,3,15,44
120,10208559,description,3,15,101
120,10255043,description,3,15,105
120,10205535,title,3,15,45
121,10244677,description,3,9,84
121,10144961,description,3,9,351
121,10256975,description,3,9,92
121,10145017,description,3,9,341
121,10197121,title,3,9,59
121,10256885,title,3,9,54
121,10145033,description,3,9,380
121,10144961,title,3,9,31
121,10180489,title,3,9,48
121,10257029,description,3,9,125
121,10257047,title,3,9,67
121,10144959,title,3,9,48
121,10144959,description,3,9,365
121,10256967,title,3,9,71
121,10256975,title,3,9,79
121,10257031,title,3,9,46
121,10257047,description,3,9,96
121,10257007,title,3,9,50
121,10180489,description,3,9,437
121,10256885,description,3,9,112
121,10197125,description,3,9,126
121,10197115,description,3,9,124
121,10197121,description,3,9,124
121,10145033,title,3,9,47
121,10145017,title,3,9,46
121,10257031,description,3,9,77
121,10257007,description,3,9,125
121,10244677,title,3,9,45
123,10050725,description,3,12,188
123,10050725,title,3,12,23
123,10050735,title,3,12,24
123,10050735,description,3,12,190
124,10244575,title,3,11,42
124,10244371,title,3,11,36
124,10244371,description,3,11,227
124,10244575,description,3,11,114
124,10145065,description,3,11,139
124,10244385,description,3,11,133
124,10145065,title,3,11,41
124,10244385,title,3,11,47
124,10145021,title,3,11,60
124,10145021,description,3,11,300
125,10040177,description,3,16,360
125,10040171,description,3,16,351
125,10015863,title,3,16,57
125,10015863,description,3,16,148
125,10040177,title,3,16,57
125,10015921,description,3,16,340
125,10054047,description,3,16,339
125,10040171,title,3,16,52
125,10238567,title,3,16,73
125,10217109,description,3,16,307
125,10015921,title,3,16,59
125,10054037,title,3,16,44
125,10054037,description,3,16,339
125,10217109,title,3,16,79
125,10054047,title,3,16,44
125,10238567,description,3,16,283
126,10145677,description,3,15,174
126,10145677,title,3,15,60
127,10006199,description,3,19,78
127,10039969,title,3,19,61
127,10006191,title,3,19,60
127,10216863,description,3,19,419
127,10216863,title,3,19,39
127,1010018,title,3,19,52
127,10162059,description,3,19,92
127,10162059,title,3,19,52
127,10039969,description,3,19,77
127,10006191,description,3,19,95
127,1010018,description,3,19,147
128,10006029,title,3,19,36
128,10006029,description,3,19,263
128,10044701,description,3,19,233
128,10201167,title,3,19,51
128,10044701,title,3,19,33
128,10029253,title,3,19,47
128,10029253,description,3,19,214
128,10201293,title,3,19,51
128,1005386,title,3,19,41
128,10201293,description,3,19,195
128,1005386,description,3,19,245
128,10201167,description,3,19,244
128,10111179,description,3,19,107
128,10111179,title,3,19,30
129,10234525,title,3,18,73
129,10271953,description,3,18,87
129,10234525,description,3,18,305
129,10271953,title,3,18,48
13,10025543,title,3,15,66
13,10054047,description,3,15,339
13,1010546,title,3,15,52
13,10241779,description,3,15,319
13,10026855,description,3,15,308
13,10054047,title,3,15,44
13,10239511,description,3,15,329
13,10238561,title,3,15,54
13,10015919,description,3,15,326
13,1010554,description,3,15,473
13,10025543,description,3,15,397
13,10015919,title,3,15,52
13,10025541,title,3,15,62
13,10241801,title,3,15,67
13,10217131,title,3,15,57
13,10024583,title,3,15,46
13,10015915,title,3,15,58
13,10238557,title,3,15,39
13,10020307,description,3,15,341
13,10025541,description,3,15,312
13,10241783,description,3,15,400
13,10024927,description,3,15,327
13,10241793,title,3,15,50
13,1010542,description,3,15,408
13,10020223,title,3,15,52
13,10020223,description,3,15,318
13,10234797,title,3,15,14
13,10024935,description,3,15,313
13,10025539,title,3,15,55
13,10026855,title,3,15,55
13,10024945,description,3,15,341
13,10234813,description,3,15,84
13,10025539,description,3,15,311
13,10241781,title,3,15,56
13,10217055,title,3,15,55
13,10020329,title,3,15,59
13,10234797,description,3,15,190
13,10241783,title,3,15,66
13,10217089,description,3,15,376
13,10024583,description,3,15,315
13,10020329,description,3,15,312
13,10015921,description,3,15,340
13,10217111,title,3,15,69
13,10024945,title,3,15,53
13,1010546,description,3,15,368
13,10238561,description,3,15,219
13,10020307,title,3,15,56
13,10217063,title,3,15,52
130,10002627,description,3,19,86
130,10025885,description,3,19,703
130,10179319,description,3,19,118
130,10179319,title,3,19,54
130,10111411,description,3,19,92
130,10027173,description,3,19,94
130,10027167,title,3,19,56
130,10179331,title,3,19,51
130,10027163,title,3,19,51
130,10025889,title,3,19,65
130,10027189,title,3,19,58
130,10027165,title,3,19,48
130,10179283,title,3,19,62
130,10179331,description,3,19,96
130,10027195,title,3,19,63
130,10051339,title,3,19,53
130,10051349,description,3,19,90
130,10027171,title,3,19,56
130,10051351,title,3,19,53
130,10027167,description,3,19,92
130,10027197,description,3,19,89
130,10027165,description,3,19,84
130,10027155,description,3,19,90
130,10179309,description,3,19,94
130,10068465,description,3,19,104
130,10027183,title,3,19,69
130,10051337,description,3,19,85
130,10179283,description,3,19,93
130,10051367,title,3,19,54
130,10051371,title,3,19,51
130,10025885,title,3,19,68
130,10027197,title,3,19,61
130,10051337,title,3,19,48
130,10051369,title,3,19,48
130,10002627,title,3,19,50
130,10027171,description,3,19,92
130,10179353,title,3,19,57
130,10179353,description,3,19,93
130,10027161,description,3,19,95
130,10027173,title,3,19,58
130,10025889,description,3,19,706
130,10051369,description,3,19,92
130,10051339,description,3,19,90
130,10051351,description,3,19,90
130,10027195,description,3,19,99
130,10027189,description,3,19,94
130,10051367,description,3,19,91
130,10111407,title,3,19,62
131,10244671,title,3,10,33
131,10244671,description,3,10,158
131,10247475,title,3,10,54
131,10244695,title,3,10,27
131,10247475,description,3,10,118
131,10244695,description,3,10,76
134,10063995,title,3,15,51
134,10002791,description,3,15,240
134,10064015,title,3,15,50
134,10063995,description,3,15,232
134,10002791,title,3,15,44
134,10202279,title,3,15,40
134,10064015,description,3,15,230
134,10177627,title,3,15,44
134,10202279,description,3,15,320
134,10002785,description,3,15,242
134,10177627,description,3,15,324
134,10177629,description,3,15,318
134,10096481,description,3,15,244
134,10096481,title,3,15,39
134,10002785,title,3,15,45
135,10193875,title,3,15,62
135,10013515,title,3,15,55
135,10193869,description,3,15,102
135,10193865,description,3,15,200
135,10193873,description,3,15,174
135,10231721,title,3,15,59
135,10231721,description,3,15,135
135,10193865,title,3,15,59
135,10193871,title,3,15,55
135,10193867,description,3,15,152
135,10013515,description,3,15,79
135,10193861,description,3,15,171
135,10193875,description,3,15,185
135,10193871,description,3,15,197
135,10193867,title,3,15,41
135,10193873,title,3,15,48
135,10193861,title,3,15,62
135,10193869,title,3,15,63
137,10012741,title,3,20,37
137,10239619,title,3,20,47
137,10027097,description,3,20,773
137,10018931,title,3,20,84
137,10018983,description,3,20,585
137,10174335,description,3,20,59
137,10018931,description,3,20,457
137,10132133,description,3,20,60
137,10098655,title,3,20,45
137,10132123,title,3,20,48
137,10018985,description,3,20,576
137,10132139,description,3,20,65
137,10012741,description,3,20,47
137,10018985,title,3,20,63
137,10012721,title,3,20,79
137,10098661,description,3,20,66
137,10098657,description,3,20,68
137,10132125,title,3,20,45
137,10012715,title,3,20,53
137,10239619,description,3,20,59
137,10098661,title,3,20,57
137,10012715,description,3,20,81
137,10132133,title,3,20,45
137,10098657,title,3,20,48
137,10207207,title,3,20,55
137,10132123,description,3,20,136
137,10012719,title,3,20,57
137,10027097,title,3,20,70
137,10012705,title,3,20,54
137,10174335,title,3,20,47
137,10207207,description,3,20,841
137,10098655,description,3,20,179
137,10018983,title,3,20,77
137,10012729,title,3,20,32
137,10012719,description,3,20,135
137,10012721,description,3,20,121
137,10132125,description,3,20,77
138,10186129,description,3,18,152
138,10073653,title,3,18,29
138,10186305,title,3,18,36
138,10186559,description,3,18,152
138,10179075,title,3,18,39
138,10035405,description,3,18,95
138,10186309,title,3,18,36
138,10073645,title,3,18,28
138,10073625,title,3,18,29
138,10179075,description,3,18,139
138,10186429,title,3,18,40
138,10073679,title,3,18,44
138,10073679,description,3,18,207
138,10073749,description,3,18,191
138,10186717,description,3,18,180
138,10254771,title,3,18,40
138,10035427,title,3,18,50
138,10073645,description,3,18,206
138,10073677,title,3,18,27
138,10186429,description,3,18,155
138,10254773,title,3,18,47
138,10073685,description,3,18,213
138,10186129,title,3,18,36
138,10186305,description,3,18,146
138,10073635,description,3,18,207
138,10092533,title,3,18,36
138,10035427,description,3,18,111
138,10073681,title,3,18,30
138,10186079,title,3,18,31
138,10254771,description,3,18,98
138,10186079,description,3,18,139
138,10035383,title,3,18,44
138,10035405,title,3,18,51
138,10097251,title,3,18,39
138,10186693,title,3,18,26
138,10073681,description,3,18,191
138,10092533,description,3,18,178
138,10186155,title,3,18,34
138,10254773,description,3,18,105
138,10073685,title,3,18,35
138,10186155,description,3,18,144
138,10186717,title,3,18,47
138,10097251,description,3,18,190
138,10073661,description,3,18,188
138,10186559,title,3,18,37
138,10073625,description,3,18,177
138,10186693,description,3,18,89
139,10267605,description,3,12,149
139,10260239,description,3,12,155
139,10268825,description,3,12,294
139,10260233,description,3,12,187
139,10258533,description,3,12,222
139,10260233,title,3,12,49
139,10179739,description,3,12,185
139,10206759,description,3,12,91
139,10179743,description,3,12,193
139,10127943,description,3,12,265
139,10258273,description,3,12,289
139,10268825,title,3,12,73
139,10258273,title,3,12,62
139,10207639,title,3,12,57
139,10206975,title,3,12,66
139,10267605,title,3,12,57
139,10260239,title,3,12,55
139,10179599,description,3,12,278
139,10179739,title,3,12,63
139,10206975,description,3,12,90
139,10234553,title,3,12,54
139,10127933,description,3,12,264
139,10255921,description,3,12,208
139,10002833,title,3,12,71
139,10001511,title,3,12,63
139,10179599,title,3,12,57
139,10127943,title,3,12,56
139,10001511,description,3,12,78
139,10179743,title,3,12,62
139,10268827,title,3,12,74
139,10234541,title,3,12,67
139,10207639,description,3,12,299
139,10258533,title,3,12,58
139,10002833,description,3,12,262
139,10268827,description,3,12,300
139,10206759,title,3,12,32
139,10255921,title,3,12,68
139,10234553,description,3,12,129
139,10234541,description,3,12,93
139,10127933,title,3,12,55
140,10092113,description,3,15,110
140,10089225,description,3,15,91
140,10036553,description,3,15,107
140,10038875,description,3,15,106
140,10038885,description,3,15,111
140,10159765,description,3,15,501
140,10036465,description,3,15,109
140,10205399,title,3,15,48
140,10030019,description,3,15,108
140,10128883,description,3,15,167
140,10245045,title,3,15,44
140,10030019,title,3,15,49
140,10235181,title,3,15,45
140,10245355,description,3,15,87
140,10166663,description,3,15,108
140,10132007,description,3,15,117
140,10205425,title,3,15,26
140,10245259,title,3,15,54
140,10036465,title,3,15,52
140,10169037,title,3,15,42
140,10038875,title,3,15,45
140,10247807,description,3,15,53
140,10205403,description,3,15,244
140,10245063,title,3,15,44
140,10245063,description,3,15,107
140,10187581,title,3,15,35
140,10089225,title,3,15,42
140,10202599,description,3,15,101
140,10205385,description,3,15,234
140,10132007,title,3,15,48
140,10233999,title,3,15,58
140,10247703,title,3,15,51
140,10127543,title,3,15,58
140,10245045,description,3,15,112
140,10159833,description,3,15,500
140,10060375,title,3,15,64
140,10036541,title,3,15,51
140,10036349,title,3,15,51
140,10202585,title,3,15,48
140,10202595,description,3,15,108
140,10205401,title,3,15,37
140,10205399,description,3,15,224
140,10205395,title,3,15,50
140,10205425,description,3,15,56
140,10205441,description,3,15,594
140,10247703,description,3,15,52
140,10202571,title,3,15,46
140,10060375,description,3,15,118
141,10274569,description,3,15,130
141,10274623,title,3,15,23
141,10248157,description,3,15,774
141,10137341,description,3,15,731
141,10127099,title,3,15,26
141,10274563,title,3,15,29
141,10266951,title,3,15,24
141,10266877,description,3,15,198
141,10274563,description,3,15,133
141,10248687,title,3,15,46
141,10274569,title,3,15,22
141,10127099,description,3,15,140
141,10063557,description,3,15,188
141,10101691,description,3,15,235
141,10182581,title,3,15,25
141,10117203,description,3,15,133
141,10137341,title,3,15,44
141,10248157,title,3,15,43
141,10253275,title,3,15,58
141,10253275,description,3,15,657
141,10036981,description,3,15,139
141,10252943,title,3,15,61
141,10021447,title,3,15,26
141,10252943,description,3,15,704
141,10063557,title,3,15,25
141,10118903,title,3,15,27
141,10266795,title,3,15,23
141,10101691,title,3,15,34
141,10021447,description,3,15,189
141,10266795,description,3,15,197
141,10137063,description,3,15,540
141,10021449,title,3,15,26
141,10159395,description,3,15,141
141,10137063,title,3,15,44
141,10117143,title,3,15,23
141,10266823,description,3,15,217
141,10159395,title,3,15,25
141,10248687,description,3,15,749
141,10036981,title,3,15,36
141,10182581,description,3,15,130
142,10024517,title,3,14,55
142,10012769,title,3,14,65
142,10012779,title,3,14,65
142,10012799,title,3,14,51
142,10024515,title,3,14,47
142,10012791,description,3,14,122
142,10012779,description,3,14,122
142,10024513,description,3,14,113
142,10024489,description,3,14,135
142,10012771,title,3,14,51
142,10012797,description,3,14,114
142,10024513,title,3,14,47
142,10012813,description,3,14,122
142,10012767,description,3,14,127
142,10024515,description,3,14,114
142,10012807,description,3,14,127
142,10012799,description,3,14,132
142,10012771,description,3,14,132
142,10024517,description,3,14,121
142,10012821,title,3,14,65
142,10012821,description,3,14,128
142,10012769,description,3,14,121
143,10240047,description,3,24,133
143,10027319,title,3,24,47
143,10234485,description,3,24,371
143,10188813,description,3,24,103
143,10071025,title,3,24,45
143,10197735,title,3,24,75
143,10197735,description,3,24,555
143,10188829,description,3,24,102
143,10127797,title,3,24,60
143,10185217,title,3,24,43
143,10234511,title,3,24,50
143,10188821,description,3,24,112
143,10016753,description,3,24,108
143,10188731,title,3,24,52
143,10133063,title,3,24,60
143,10188823,description,3,24,108
143,10186843,title,3,24,71
143,10186777,description,3,24,294
143,10186779,title,3,24,69
143,10240047,title,3,24,53
143,10197633,description,3,24,614
143,10188821,title,3,24,51
143,10016753,title,3,24,60
143,10206971,title,3,24,40
143,10206971,description,3,24,148
143,10188781,description,3,24,112
143,10188823,title,3,24,60
143,10016747,title,3,24,51
143,10018801,title,3,24,45
143,10127797,description,3,24,245
143,10133059,description,3,24,116
143,10188845,description,3,24,101
143,10016747,description,3,24,159
143,1003783,title,3,24,30
143,10188731,description,3,24,104
143,10133081,description,3,24,108
143,10207043,title,3,24,48
143,10188713,description,3,24,73
143,10186777,title,3,24,61
143,10188829,title,3,24,43
143,10188845,title,3,24,42
143,10197159,description,3,24,275
143,10109017,description,3,24,112
143,10133083,title,3,24,53
143,10016717,title,3,24,45
143,10188713,title,3,24,51
143,10027319,description,3,24,105
143,10197633,title,3,24,81
143,10133067,title,3,24,59
143,1003783,description,3,24,107
145,10244371,title,3,11,36
145,10145021,title,3,11,60
145,10244371,description,3,11,227
145,10062173,title,3,11,58
145,10062173,description,3,11,137
145,10145021,description,3,11,300
146,10134705,title,3,10,51
146,10145245,title,3,10,33
146,10213017,description,3,10,91
146,10255751,title,3,10,56
146,10255637,description,3,10,108
146,10213017,title,3,10,64
146,10101129,title,3,10,42
146,10212987,title,3,10,58
146,10134851,description,3,10,57
146,10145245,description,3,10,106
146,10212957,title,3,10,56
146,10244447,description,3,10,115
146,10255755,title,3,10,86
146,10145303,title,3,10,40
146,10212989,description,3,10,65
146,10197221,description,3,10,67
146,10255557,description,3,10,379
146,10255557,title,3,10,71
146,10145303,description,3,10,56
146,10181381,description,3,10,870
146,10244447,title,3,10,37
146,10212987,description,3,10,58
146,10255637,title,3,10,46
146,10181381,title,3,10,74
146,10212989,title,3,10,64
146,10145313,description,3,10,105
146,10212917,title,3,10,57
146,10255831,description,3,10,431
146,10145333,description,3,10,108
146,10197221,title,3,10,65
146,10255751,description,3,10,416
146,10201927,title,3,10,37
146,10255831,title,3,10,61
146,10203221,title,3,10,47
146,10203221,description,3,10,56
146,10255755,description,3,10,413
146,10197225,title,3,10,64
148,10217977,title,3,14,61
148,10000751,title,3,14,57
148,10193871,title,3,14,55
148,10040091,title,3,14,70
148,10017475,title,3,14,59
148,10217967,title,3,14,53
148,10000777,title,3,14,57
148,10217967,description,3,14,199
148,10000805,description,3,14,167
148,10217963,description,3,14,163
148,10217969,description,3,14,200
148,10013595,title,3,14,68
148,10193873,title,3,14,48
148,10217961,title,3,14,58
148,10193873,description,3,14,174
148,10193875,title,3,14,62
148,1026716,description,3,14,170
148,10000813,title,3,14,57
148,10217969,title,3,14,55
148,10193869,description,3,14,102
148,10129433,description,3,14,258
148,10217961,description,3,14,168
148,10013565,description,3,14,111
148,1026716,title,3,14,35
148,10129433,title,3,14,62
148,10013565,title,3,14,67
148,10000751,description,3,14,167
148,10013595,description,3,14,102
148,10017475,description,3,14,163
148,10217963,title,3,14,53
148,10017571,title,3,14,73
148,10000805,title,3,14,57
148,10217977,description,3,14,174
148,10193861,title,3,14,62
148,10193871,description,3,14,197
148,10193869,title,3,14,63
148,10040091,description,3,14,162
148,10000813,description,3,14,168
148,10193875,description,3,14,185
148,10017571,description,3,14,217
148,10000775,description,3,14,165
148,10000775,title,3,14,57
148,10193861,description,3,14,171
148,10193867,description,3,14,152
148,10000777,description,3,14,169
148,10193867,title,3,14,41
149,10017355,description,3,18,114
149,10017397,title,3,18,91
149,10017405,title,3,18,87
149,10017387,description,3,18,106
149,10017391,title,3,18,80
149,10017387,title,3,18,73
149,10017407,description,3,18,118
149,10017363,description,3,18,117
149,10017365,description,3,18,112
149,10259381,title,3,18,77
149,10017347,description,3,18,125
149,10017397,description,3,18,127
149,10017405,description,3,18,123
149,10017401,description,3,18,121
149,10017407,title,3,18,84
149,10017359,title,3,18,74
149,10017369,description,3,18,119
149,10017383,title,3,18,84
149,10017401,title,3,18,83
149,10259381,description,3,18,121
149,10017363,title,3,18,82
149,10017391,description,3,18,120
149,10017383,description,3,18,123
149,10017377,description,3,18,119
149,10017347,title,3,18,90
149,10017359,description,3,18,107
149,10017365,title,3,18,74
149,10017355,title,3,18,76
149,10017369,title,3,18,84
15,10156877,description,3,20,456
15,10156877,title,3,20,59
15,10185733,description,3,20,905
15,10181823,description,3,20,194
15,10181867,title,3,20,43
15,10181785,title,3,20,43
15,10185739,description,3,20,219
15,10167837,title,3,20,63
15,10181809,title,3,20,52
15,10181923,title,3,20,78
15,10181923,description,3,20,228
15,10181833,description,3,20,496
15,10181809,description,3,20,234
15,10185739,title,3,20,32
15,10167837,description,3,20,241
15,10181785,description,3,20,228
15,10181823,title,3,20,37
15,10185733,title,3,20,37
15,10181867,description,3,20,196
15,10181833,title,3,20,47
151,10184915,title,3,19,50
151,10256689,title,3,19,42
151,10240225,title,3,19,41
151,10240213,title,3,19,48
151,10240213,description,3,19,472
151,10266603,description,3,19,311
151,10256645,title,3,19,49
151,10256739,description,3,19,671
151,10256737,description,3,19,597
151,10256711,title,3,19,36
151,10266773,title,3,19,50
151,10256675,title,3,19,37
151,10256701,title,3,19,56
151,10256689,description,3,19,335
151,10256649,title,3,19,42
151,10256709,title,3,19,56
151,10256733,description,3,19,730
151,10019559,title,3,19,39
151,10000973,title,3,19,65
151,10256663,description,3,19,365
151,10256709,description,3,19,410
151,10256671,description,3,19,433
151,10019559,description,3,19,191
151,10256645,description,3,19,266
151,10256673,title,3,19,51
151,10256711,description,3,19,610
151,10240299,description,3,19,509
151,10266603,title,3,19,34
151,10256673,description,3,19,253
151,10256675,description,3,19,232
151,10019563,title,3,19,40
151,10256649,description,3,19,425
151,10256703,description,3,19,596
151,10256677,title,3,19,37
151,10240299,title,3,19,42
151,10240225,description,3,19,518
151,10256685,description,3,19,426
151,10000973,description,3,19,854
151,10256697,description,3,19,350
151,10256647,description,3,19,406
151,10240201,title,3,19,42
153,10207639,description,3,15,299
153,10190653,description,3,15,243
153,10190653,title,3,15,65
153,10207639,title,3,15,57
154,10265153,title,3,18,46
154,10264901,description,3,18,143
154,10267633,title,3,18,69
154,10267633,description,3,18,386
154,10205431,description,3,18,98
154,10267989,title,3,18,65
154,10265153,description,3,18,142
154,10205425,description,3,18,56
154,10205425,title,3,18,26
154,10265263,description,3,18,156
154,10265297,description,3,18,147
154,10205463,title,3,18,39
154,10005937,title,3,18,64
154,10267989,description,3,18,109
154,10265263,title,3,18,48
154,10265297,title,3,18,51
154,10264901,title,3,18,47
155,10032455,title,3,13,40
155,1010442,title,3,13,41
155,10032797,title,3,13,40
155,10032795,title,3,13,71
155,10260209,description,3,13,159
155,10032521,description,3,13,90
155,10032765,title,3,13,39
155,10260209,title,3,13,37
155,10260207,description,3,13,156
155,10260173,title,3,13,41
155,10260181,title,3,13,45
155,10032449,title,3,13,39
155,10260207,title,3,13,48
155,10032581,description,3,13,109
155,10260173,description,3,13,163
155,10260195,title,3,13,51
155,10032581,title,3,13,44
155,10032449,description,3,13,117
155,10032795,description,3,13,377
155,10063927,title,3,13,26
155,10032817,description,3,13,117
155,10063927,description,3,13,100
155,10032817,title,3,13,38
155,10032753,description,3,13,89
155,10032455,description,3,13,105
155,10063911,title,3,13,27
155,1010439,title,3,13,44
155,10032521,title,3,13,38
155,10260181,description,3,13,188
155,10032487,description,3,13,99
155,1010442,description,3,13,134
155,10032765,description,3,13,120
155,10032753,title,3,13,39
155,1010439,description,3,13,137
155,10260203,description,3,13,122
155,10063911,description,3,13,101
155,10032797,description,3,13,105
155,10260171,description,3,13,168
155,10260195,description,3,13,154
155,10032487,title,3,13,51
155,10260171,title,3,13,36
156,10236797,title,3,15,30
156,10207433,description,3,15,68
156,10265385,title,3,15,32
156,10236797,description,3,15,58
156,10207433,title,3,15,27
157,10071097,description,3,17,185
157,10013495,title,3,17,91
157,10243959,description,3,17,185
157,10231557,title,3,17,61
157,10243979,description,3,17,190
157,10231599,description,3,17,666
157,10071073,title,3,17,41
157,10157877,title,3,17,27
157,10013495,description,3,17,197
157,10071073,description,3,17,190
157,10108333,description,3,17,877
157,10108333,title,3,17,37
157,10231569,description,3,17,441
157,10182159,title,3,17,38
157,10243983,title,3,17,36
157,10231557,description,3,17,499
157,10231569,title,3,17,67
157,10207363,title,3,17,45
157,10231599,title,3,17,86
157,10157877,description,3,17,322
157,10045711,description,3,17,134
157,10207353,description,3,17,74
157,10243987,description,3,17,414
157,10182159,description,3,17,351
157,10182143,description,3,17,683
157,10243989,title,3,17,36
157,10157913,description,3,17,92
157,10207363,description,3,17,88
157,10207353,title,3,17,40
157,10243989,description,3,17,500
157,10243967,description,3,17,763
157,10071081,description,3,17,615
157,10045711,title,3,17,43
157,10182147,description,3,17,185
157,10157913,title,3,17,33
157,10243987,title,3,17,35
157,10243983,description,3,17,500
158,10074437,title,3,16,35
158,10074437,description,3,16,193
158,10001209,description,3,16,164
158,10074451,title,3,16,34
158,10001209,title,3,16,48
158,10234239,title,3,16,52
158,10074433,description,3,16,196
158,10074463,description,3,16,197
158,10234239,description,3,16,633
158,10074433,title,3,16,35
158,10074463,title,3,16,39
159,10162325,description,3,22,227
159,10012701,description,3,22,63
159,10127531,description,3,22,114
159,10012739,description,3,22,65
159,10065659,title,3,22,48
159,10012707,description,3,22,63
159,10065623,description,3,22,66
159,10127531,title,3,22,51
159,10012739,title,3,22,64
159,10162325,title,3,22,86
159,10012701,title,3,22,65
159,10012721,description,3,22,121
159,10127533,description,3,22,114
159,10012723,title,3,22,69
159,10065623,title,3,22,45
159,10162339,title,3,22,65
159,10012707,title,3,22,73
159,10065659,description,3,22,82
159,10162339,description,3,22,213
159,10127533,title,3,22,51
159,10012721,title,3,22,79
16,10256697,description,3,15,350
16,10001887,title,3,15,50
16,10240213,description,3,15,472
16,10240225,description,3,15,518
16,10256739,title,3,15,36
16,10019559,description,3,15,191
16,10000973,description,3,15,854
16,10001931,title,3,15,47
16,10256671,title,3,15,42
16,10240005,description,3,15,448
16,10256677,description,3,15,357
16,10001561,description,3,15,247
16,10256673,title,3,15,51
16,10256675,description,3,15,232
16,10240201,description,3,15,221
16,10266603,title,3,15,34
16,10239821,title,3,15,53
16,10001931,description,3,15,125
16,10240299,title,3,15,42
16,10256711,description,3,15,610
16,10256663,description,3,15,365
16,10256675,title,3,15,37
16,10256689,description,3,15,335
16,10256697,title,3,15,42
16,10256723,description,3,15,296
16,10256737,description,3,15,597
16,10019559,title,3,15,39
16,10184915,title,3,15,50
16,10256645,title,3,15,49
16,10002151,description,3,15,468
16,10256661,description,3,15,247
16,10256661,title,3,15,49
16,10266773,description,3,15,865
16,10256733,description,3,15,730
16,10001561,title,3,15,51
16,10266773,title,3,15,50
16,10256647,description,3,15,406
16,10256717,description,3,15,368
16,10256673,description,3,15,253
16,10019563,title,3,15,40
16,10256649,description,3,15,425
16,10266603,description,3,15,311
16,10256717,title,3,15,50
16,10239853,description,3,15,710
16,10261449,title,3,15,55
161,10180309,title,3,19,46
161,10180313,title,3,19,49
161,10180315,description,3,19,221
161,10180309,description,3,19,216
161,10180303,description,3,19,189
161,10203395,description,3,19,201
161,10180315,title,3,19,38
161,10274275,title,3,19,36
161,10203397,description,3,19,199
161,10180325,title,3,19,49
161,10274275,description,3,19,198
161,10203397,title,3,19,36
161,10180303,title,3,19,46
161,10203395,title,3,19,44
161,10180325,description,3,19,216
163,10044109,title,3,18,33
163,10239615,title,3,18,28
163,10006051,title,3,18,39
163,10063897,title,3,18,38
163,10063887,description,3,18,160
163,10248523,description,3,18,199
163,10063877,description,3,18,159
163,10048145,description,3,18,106
163,10274349,description,3,18,166
163,10129533,description,3,18,109
163,10248237,description,3,18,185
163,10248365,title,3,18,38
163,10063897,description,3,18,160
163,10248723,title,3,18,38
163,10044019,description,3,18,107
163,10006039,title,3,18,32
163,10248503,title,3,18,39
163,10006079,description,3,18,120
163,10216711,description,3,18,189
163,10163919,title,3,18,31
163,10006033,title,3,18,28
163,10248237,title,3,18,40
163,10043881,title,3,18,25
163,10248503,description,3,18,203
163,10044165,description,3,18,108
163,10129533,title,3,18,23
163,10063877,title,3,18,37
163,10006039,description,3,18,166
163,10006001,description,3,18,171
163,10120903,description,3,18,167
163,10163919,description,3,18,159
163,10248297,title,3,18,48
163,10044165,title,3,18,31
163,10006051,description,3,18,168
163,10216711,title,3,18,37
163,10044019,title,3,18,43
163,10173891,description,3,18,121
163,10063861,title,3,18,36
163,10006059,title,3,18,38
163,10248659,title,3,18,39
163,10248523,title,3,18,43
163,10243943,title,3,18,41
163,10248321,title,3,18,39
163,10158163,title,3,18,42
163,10006001,title,3,18,42
163,10248215,description,3,18,169
165,10234511,title,3,21,50
165,10234551,description,3,21,103
165,10239333,title,3,21,72
165,10234545,description,3,21,120
165,10234545,title,3,21,48
165,10234549,title,3,21,46
165,10239333,description,3,21,246
165,10234551,title,3,21,34
165,10234549,description,3,21,107
165,10234511,description,3,21,266
167,10196265,title,3,15,31
167,10012695,title,3,15,44
167,10019005,description,3,15,45
167,10196265,description,3,15,66
167,10019005,title,3,15,20
167,10012695,description,3,15,147
167,10053899,description,3,15,100
17,10161945,description,3,12,106
17,10161981,title,3,12,41
17,10139021,description,3,12,61
17,10161983,description,3,12,109
17,10161955,description,3,12,101
17,10139033,title,3,12,37
17,1000721,description,3,12,104
17,10161993,title,3,12,42
17,10139563,title,3,12,56
17,10038731,title,3,12,50
17,10137787,title,3,12,52
17,10145419,description,3,12,113
17,10014939,title,3,12,41
17,10145451,description,3,12,80
17,10012861,title,3,12,53
17,10012555,title,3,12,78
17,10161903,description,3,12,110
17,10012539,description,3,12,150
17,10139019,description,3,12,100
17,10145411,description,3,12,107
17,10161927,title,3,12,60
17,10014759,description,3,12,198
17,10161929,title,3,12,60
17,10251547,description,3,12,111
17,10012497,title,3,12,72
17,10161969,title,3,12,56
17,10180959,description,3,12,99
17,1000725,description,3,12,151
17,10135485,title,3,12,66
17,10258615,description,3,12,101
17,10014843,title,3,12,45
17,10145421,title,3,12,87
17,10014941,description,3,12,113
17,10251547,title,3,12,41
17,10014765,description,3,12,138
17,10098467,title,3,12,37
17,10014837,description,3,12,104
17,1000714,title,3,12,48
17,10012877,title,3,12,45
17,10012855,description,3,12,86
17,10161929,description,3,12,201
17,10180939,title,3,12,53
17,10161919,title,3,12,58
17,10145413,description,3,12,60
17,10258611,description,3,12,97
17,1000725,title,3,12,56
17,10137645,description,3,12,116
17,10258609,description,3,12,102
170,10245789,title,3,15,72
170,10245789,description,3,15,220
171,10012733,description,3,21,70
171,10012699,title,3,21,66
171,10012699,description,3,21,58
171,10254201,description,3,21,68
171,10207207,description,3,21,841
171,10012733,title,3,21,33
171,10012695,description,3,21,147
171,10207207,title,3,21,55
171,10207205,title,3,21,54
171,10012695,title,3,21,44
171,10254201,title,3,21,49
171,10207205,description,3,21,908
172,10014675,description,3,17,130
172,10014675,title,3,17,41
173,10052133,title,3,14,41
173,10052677,description,3,14,289
173,10052133,description,3,14,313
173,10052591,description,3,14,291
173,1022184,title,3,14,48
173,10052441,description,3,14,378
173,10071413,description,3,14,273
173,1022179,title,3,14,45
173,10052441,title,3,14,51
173,10223321,description,3,14,460
173,10052097,description,3,14,294
173,10052097,title,3,14,40
173,1022177,title,3,14,46
173,1022177,description,3,14,805
173,10052379,description,3,14,293
173,10052591,title,3,14,32
173,10223339,description,3,14,462
173,10052379,title,3,14,45
173,1022179,description,3,14,313
173,10223347,title,3,14,39
173,1022184,description,3,14,345
173,10052677,title,3,14,40
173,10223321,title,3,14,46
173,10071413,title,3,14,49
173,10223347,description,3,14,390
173,10223339,title,3,14,48
175,10197727,title,3,12,79
175,10197727,description,3,12,470
176,10231427,description,3,16,107
176,10259945,description,3,16,240
176,10271347,title,3,16,67
176,10252509,description,3,16,115
176,10271347,description,3,16,403
176,10180915,title,3,16,45
176,10180915,description,3,16,100
176,10214157,title,3,16,33
176,10214157,description,3,16,293
176,10139165,title,3,16,82
176,10252595,description,3,16,115
176,10252509,title,3,16,62
176,10139165,description,3,16,522
176,10235891,description,3,16,95
176,10260133,title,3,16,38
176,10260133,description,3,16,239
176,10235891,title,3,16,58
176,10259945,title,3,16,54
176,10231427,title,3,16,44
177,10106535,title,3,15,62
177,10106069,title,3,15,69
177,10168021,title,3,15,78
177,10106009,title,3,15,68
177,10106181,title,3,15,83
177,10106159,title,3,15,64
177,10106011,title,3,15,68
177,10106163,title,3,15,70
177,10106069,description,3,15,429
177,10106009,description,3,15,414
177,10235893,description,3,15,52
177,10106535,description,3,15,383
177,10235893,title,3,15,52
177,10106011,description,3,15,359
177,10168021,description,3,15,446
177,10235903,title,3,15,47
177,10235903,description,3,15,84
177,10235901,description,3,15,48
177,10106163,description,3,15,428
177,10163631,description,3,15,92
177,10106181,description,3,15,339
177,10106159,description,3,15,365
177,10163631,title,3,15,71
177,10235901,title,3,15,48
177,10106321,title,3,15,76
178,10212995,title,3,17,71
178,10236739,title,3,17,84
178,10213281,title,3,17,59
178,10245789,title,3,17,72
178,10212949,title,3,17,59
178,10236739,description,3,17,211
178,10213077,title,3,17,65
178,10212995,description,3,17,73
178,10213219,description,3,17,69
178,10212949,description,3,17,59
178,10245789,description,3,17,220
178,10213029,description,3,17,53
178,10213077,description,3,17,77
178,10213093,description,3,17,56
178,10212991,description,3,17,85
178,10212957,description,3,17,56
178,10212991,title,3,17,57
178,10213281,description,3,17,94
178,10213093,title,3,17,56
178,10213029,title,3,17,57
178,10213219,title,3,17,47
178,10212957,title,3,17,56
180,10003077,description,3,15,127
180,10247483,description,3,15,117
180,10254241,description,3,15,256
180,10247479,title,3,15,61
180,10254245,title,3,15,52
180,10145065,description,3,15,139
180,10244695,description,3,15,76
180,10247443,title,3,15,62
180,10254241,title,3,15,76
180,10145021,description,3,15,300
180,10247479,description,3,15,132
180,10247443,description,3,15,136
180,10003077,title,3,15,53
180,10247483,title,3,15,64
180,10244371,title,3,15,36
180,10254245,description,3,15,127
180,10254239,description,3,15,275
180,10244695,title,3,15,27
180,10145021,title,3,15,60
180,10244671,title,3,15,33
180,10244671,description,3,15,158
180,10145065,title,3,15,41
180,10254239,title,3,15,76
180,10244371,description,3,15,227
181,10012851,title,3,18,45
181,10012979,title,3,18,47
181,10012843,description,3,18,61
181,10233161,title,3,18,35
181,10012879,description,3,18,61
181,10012845,description,3,18,46
181,10012853,description,3,18,43
181,10012961,description,3,18,100
181,10012839,description,3,18,59
181,10233163,description,3,18,57
181,10012977,description,3,18,90
181,10233173,description,3,18,87
181,10233187,title,3,18,48
181,10012881,title,3,18,49
181,10012849,description,3,18,89
181,10012841,description,3,18,88
181,10012853,title,3,18,42
181,10012881,description,3,18,52
181,10233163,title,3,18,47
181,10012859,title,3,18,40
181,10012879,title,3,18,58
181,10012863,title,3,18,49
181,10233189,description,3,18,79
181,10012851,description,3,18,97
181,10012859,description,3,18,81
181,10233173,title,3,18,36
187,10115235,description,3,24,46
187,10132065,title,3,24,72
187,10196281,description,3,24,71
187,10012713,title,3,24,48
187,10115213,title,3,24,33
187,10196265,title,3,24,31
187,10115337,title,3,24,58
187,10115283,title,3,24,51
187,10115215,title,3,24,44
187,10115331,description,3,24,110
187,10012713,description,3,24,94
187,10132059,description,3,24,122
187,10053899,description,3,24,100
187,10132065,description,3,24,132
187,10012733,description,3,24,70
187,10115303,title,3,24,53
187,10196281,title,3,24,46
187,10115331,title,3,24,46
187,10012733,title,3,24,33
187,10132063,title,3,24,73
187,10196265,description,3,24,66
189,10248355,title,3,19,36
189,10242891,title,3,19,34
189,10071785,title,3,19,34
189,10092019,description,3,19,190
189,10101427,description,3,19,186
189,10182147,title,3,19,36
189,10244149,title,3,19,53
189,10182159,title,3,19,38
189,10029797,title,3,19,42
189,10243989,description,3,19,500
189,10243977,description,3,19,505
189,10029809,title,3,19,32
189,10243989,title,3,19,36
189,10029745,title,3,19,35
189,10029819,description,3,19,140
189,10243987,description,3,19,414
189,10071097,description,3,19,185
189,10018287,description,3,19,208
189,10071081,description,3,19,615
189,10021469,title,3,19,36
189,10029731,description,3,19,135
189,10029753,title,3,19,46
189,10137101,description,3,19,1027
189,10029695,title,3,19,41
189,10137127,description,3,19,660
189,10029745,description,3,19,128
189,10029695,description,3,19,134
189,10137127,title,3,19,44
189,10045711,description,3,19,134
189,10242953,description,3,19,637
189,10137101,title,3,19,47
189,10029819,title,3,19,40
189,10242953,title,3,19,35
189,10248547,title,3,19,37
189,10248355,description,3,19,571
189,10029869,description,3,19,134
189,10029869,title,3,19,41
189,10101427,title,3,19,33
189,10018287,title,3,19,50
189,10092025,description,3,19,636
189,10108333,description,3,19,877
189,10182143,description,3,19,683
189,10182159,description,3,19,351
189,10137319,description,3,19,841
189,10029753,description,3,19,139
191,10163847,title,3,23,34
191,10163789,description,3,23,90
191,10027145,description,3,23,102
191,10163815,title,3,23,51
191,10096329,title,3,23,83
191,10232599,description,3,23,129
191,10098661,description,3,23,66
191,10098647,title,3,23,45
191,10132123,title,3,23,48
191,10132135,description,3,23,63
191,10163815,description,3,23,90
191,10232555,title,3,23,59
191,10132131,description,3,23,67
191,10098647,description,3,23,84
191,10035561,description,3,23,114
191,10098661,title,3,23,57
191,10163801,description,3,23,91
191,10163773,description,3,23,90
191,10027145,title,3,23,56
191,10162325,title,3,23,86
191,10132135,title,3,23,54
191,10132123,description,3,23,136
191,10162325,description,3,23,227
191,10096329,description,3,23,121
191,10012737,title,3,23,51
191,10132131,title,3,23,54
191,10232555,description,3,23,120
191,10232599,title,3,23,51
191,10035561,title,3,23,41
191,10012737,description,3,23,131
193,10185943,description,3,27,177
193,10185967,title,3,27,48
193,10234725,description,3,27,145
193,10185943,title,3,27,53
193,10234725,title,3,27,44
193,10185967,description,3,27,202
196,10015167,description,3,18,75
196,10015173,description,3,18,73
196,10015155,description,3,18,72
196,10252481,description,3,18,82
196,10236763,description,3,18,81
196,1011672,title,3,18,25
196,10015167,title,3,18,53
196,1011672,description,3,18,128
196,10015173,title,3,18,51
196,10252481,title,3,18,58
196,10236763,title,3,18,53
196,10015155,title,3,18,50
197,10098377,title,3,17,37
197,10035383,description,3,17,106
197,10073677,description,3,17,188
197,10179061,title,3,17,37
197,10186469,description,3,17,153
197,10035409,title,3,17,33
197,10035409,description,3,17,122
197,10092533,description,3,17,178
197,10073645,description,3,17,206
197,10186185,title,3,17,38
197,10186107,title,3,17,29
197,10186107,description,3,17,137
197,10073649,title,3,17,27
197,10106581,description,3,17,146
197,10186305,title,3,17,36
197,10186185,description,3,17,149
197,10098361,title,3,17,30
197,10073649,description,3,17,195
197,10092533,title,3,17,36
197,10098375,description,3,17,169
197,10073659,description,3,17,206
197,10252689,title,3,17,38
197,10106581,title,3,17,35
197,10073659,title,3,17,28
197,10186469,title,3,17,32
197,10035383,title,3,17,44
197,10186693,description,3,17,89
197,10073685,description,3,17,213
197,10073749,description,3,17,191
197,10105915,description,3,17,207
197,10098385,title,3,17,35
197,10098385,description,3,17,194
197,10073971,description,3,17,89
197,10186155,description,3,17,144
197,10146515,description,3,17,170
197,10073681,description,3,17,191
197,10146505,title,3,17,33
197,10146515,title,3,17,34
197,10073681,title,3,17,30
197,10252689,description,3,17,108
197,10073637,title,3,17,32
197,10181929,description,3,17,196
197,10248889,title,3,17,45
197,10254767,title,3,17,48
197,10073971,title,3,17,41
197,10186693,title,3,17,26
197,10073685,title,3,17,35
198,10255067,description,3,19,184
198,10091317,description,3,19,180
198,10091347,description,3,19,176
198,10091325,description,3,19,210
198,1011625,title,3,19,35
198,10255065,description,3,19,174
198,10255069,title,3,19,51
198,1011624,title,3,19,39
198,10091339,title,3,19,65
198,10255069,description,3,19,173
198,1011624,description,3,19,65
198,10091367,description,3,19,193
198,10255059,title,3,19,51
198,10091317,title,3,19,49
198,10255057,title,3,19,53
198,10255071,title,3,19,45
198,10255061,description,3,19,176
198,10091367,title,3,19,61
198,10091325,title,3,19,68
198,10091347,title,3,19,60
198,10091351,description,3,19,193
198,10091321,description,3,19,200
198,10091321,title,3,19,65
198,10255065,title,3,19,52
198,10255073,description,3,19,183
198,10255067,title,3,19,56
198,10124959,title,3,19,67
198,10255057,description,3,19,187
198,10091351,title,3,19,61
198,10091339,description,3,19,204
198,10124959,description,3,19,177
198,1011625,description,3,19,61
198,10255059,description,3,19,164
198,10255071,description,3,19,319
199,10244301,title,3,17,29
199,10213263,description,3,17,110
199,10213221,title,3,17,61
199,10134909,title,3,17,63
199,10213263,title,3,17,57
199,10213269,title,3,17,60
199,10213221,description,3,17,114
199,10213323,description,3,17,96
199,10244469,title,3,17,36
199,10213259,title,3,17,55
199,10213333,description,3,17,87
199,10213227,description,3,17,112
199,10244469,description,3,17,176
199,10134909,description,3,17,76
199,10213227,title,3,17,59
199,10213323,title,3,17,51
199,10213241,description,3,17,238
199,10244301,description,3,17,314
199,10134545,description,3,17,102
199,10134545,title,3,17,53
199,10244549,description,3,17,304
199,10213333,title,3,17,65
199,10185875,title,3,17,48
199,10213259,description,3,17,100
199,10185875,description,3,17,103
199,10213241,title,3,17,62
199,10213269,description,3,17,124
2,10030219,title,3,22,52
2,10030219,description,3,22,111
20,10231567,description,3,15,770
20,10235903,description,3,15,84
20,10193621,description,3,15,193
20,10030665,title,3,15,76
20,10106211,description,3,15,480
20,10193605,description,3,15,198
20,10189749,title,3,15,46
20,10180891,title,3,15,45
20,10106321,description,3,15,428
20,10106211,title,3,15,75
20,10184349,description,3,15,65
20,10106119,description,3,15,513
20,10180891,description,3,15,100
20,10106267,description,3,15,435
20,10207353,title,3,15,40
20,10143959,title,3,15,51
20,10235895,description,3,15,68
20,10040031,description,3,15,64
20,10106049,description,3,15,536
20,10180909,title,3,15,43
20,10231427,description,3,15,107
20,10039901,title,3,15,45
20,10039889,description,3,15,80
20,10143959,description,3,15,65
20,10235901,description,3,15,48
20,10193621,title,3,15,54
20,10231427,title,3,15,44
20,10056103,title,3,15,57
20,10168021,description,3,15,446
20,10056103,description,3,15,113
20,10252509,description,3,15,115
20,10056573,title,3,15,62
20,10244149,description,3,15,200
20,10143829,description,3,15,99
20,10106047,description,3,15,519
20,10143867,description,3,15,65
20,10235891,description,3,15,95
20,10180895,title,3,15,48
20,10106159,title,3,15,64
20,10106267,title,3,15,67
20,10168021,title,3,15,78
20,10231553,title,3,15,85
20,10144063,title,3,15,50
20,10106049,title,3,15,63
20,10252595,title,3,15,62
20,10030665,description,3,15,342
200,10050931,description,3,21,124
200,10027183,description,3,21,99
200,10027183,title,3,21,69
200,10027197,description,3,21,89
200,10203309,description,3,21,131
200,10101227,title,3,21,25
200,10108845,title,3,21,33
200,10051179,description,3,21,129
200,10203313,description,3,21,124
200,10179309,title,3,21,63
200,10051175,title,3,21,45
200,10203313,title,3,21,35
200,10050931,title,3,21,40
200,10027195,title,3,21,63
200,10203309,title,3,21,35
200,10101227,description,3,21,116
200,10179309,description,3,21,94
200,10108845,description,3,21,119
200,10027197,title,3,21,61
201,10073959,title,3,15,38
201,10066975,title,3,15,35
201,10066951,title,3,15,55
201,10073959,description,3,15,66
201,10252717,description,3,15,108
201,10066959,description,3,15,67
201,10066969,title,3,15,31
201,10073971,title,3,15,41
201,10073971,description,3,15,89
201,10066951,description,3,15,76
201,10156373,title,3,15,23
201,10252717,title,3,15,46
201,10156373,description,3,15,95
201,10066969,description,3,15,63
202,1000709,description,3,14,73
202,10137607,title,3,14,68
202,10135457,title,3,14,73
202,10135457,description,3,14,111
202,10198197,description,3,14,55
202,10135509,description,3,14,103
202,10198197,title,3,14,44
202,1000710,title,3,14,38
202,10139537,title,3,14,73
202,10135509,title,3,14,77
202,10135499,title,3,14,69
202,10135495,title,3,14,73
202,10139537,description,3,14,123
202,10135495,description,3,14,112
202,10135499,description,3,14,113
202,10137607,description,3,14,112
202,1000710,description,3,14,164
202,1000709,title,3,14,29
202,10135449,title,3,14,73
203,10138037,description,3,20,200
203,10243989,title,3,20,36
203,10021469,title,3,20,36
203,10137997,title,3,20,47
203,10137127,title,3,20,44
203,10117203,title,3,20,25
203,10071081,description,3,20,615
203,10242895,title,3,20,34
203,10250647,title,3,20,45
203,10092025,description,3,20,636
203,10137043,title,3,20,49
203,10137127,description,3,20,660
203,10274569,description,3,20,130
203,10250647,description,3,20,186
203,10138041,description,3,20,204
203,10064639,description,3,20,695
203,10242895,description,3,20,616
203,10248557,title,3,20,33
203,10166685,description,3,20,183
203,10137145,description,3,20,1025
203,10248355,title,3,20,36
203,10243989,description,3,20,500
203,10138029,title,3,20,49
203,10063557,title,3,20,25
203,10064639,title,3,20,58
203,10138039,title,3,20,45
203,10248355,description,3,20,571
203,10137037,description,3,20,202
203,10075931,description,3,20,184
203,10243967,title,3,20,36
203,10075931,title,3,20,22
203,10243967,description,3,20,763
203,10137037,title,3,20,41
203,10137101,title,3,20,47
203,10248557,description,3,20,854
203,10137145,title,3,20,46
203,10137319,title,3,20,54
203,10274569,title,3,20,22
203,10166685,title,3,20,30
203,10021469,description,3,20,186
203,10266795,title,3,20,23
203,10182159,title,3,20,38
205,10234491,description,3,22,383
205,10190887,description,3,22,208
205,10016747,description,3,22,159
205,10080407,title,3,22,51
205,10080603,description,3,22,238
205,10076055,title,3,22,41
205,10234505,title,3,22,66
205,10234485,description,3,22,371
205,10108465,title,3,22,64
205,10076055,description,3,22,152
205,10080607,description,3,22,279
205,10080603,title,3,22,57
205,10080407,description,3,22,207
205,10186777,title,3,22,61
205,10263103,description,3,22,302
205,10016747,title,3,22,51
205,10190887,title,3,22,73
205,10234491,title,3,22,70
205,10186807,title,3,22,86
205,10016283,title,3,22,79
205,10197629,title,3,22,74
205,10197629,description,3,22,683
205,10234485,title,3,22,64
205,10234505,description,3,22,342
205,10186807,description,3,22,394
205,10197735,title,3,22,75
205,10197735,description,3,22,555
205,10263103,title,3,22,55
205,10080607,title,3,22,65
205,10016283,description,3,22,620
205,10186777,description,3,22,294
205,10108465,description,3,22,276
206,10234289,description,3,21,218
206,10234351,title,3,21,30
206,10234277,title,3,21,31
206,10226609,title,3,21,59
206,10020719,description,3,21,208
206,10020721,title,3,21,47
206,10063841,description,3,21,212
206,10020719,title,3,21,33
206,10234277,description,3,21,214
206,10063675,description,3,21,207
206,10246069,title,3,21,38
206,10063735,title,3,21,31
206,10063653,description,3,21,207
206,10246111,description,3,21,209
206,10128977,title,3,21,34
206,10246035,description,3,21,211
206,10245907,description,3,21,209
206,10246013,description,3,21,208
206,10020721,description,3,21,217
206,10108723,title,3,21,34
206,10063721,description,3,21,212
206,10236555,title,3,21,56
206,10063803,title,3,21,39
206,10108723,description,3,21,211
206,10131625,title,3,21,63
206,10226609,description,3,21,220
206,10234313,title,3,21,30
206,10245913,title,3,21,31
206,10246167,description,3,21,207
206,10236555,description,3,21,213
206,10063721,title,3,21,36
206,10108745,description,3,21,206
206,10246069,description,3,21,215
206,10261801,description,3,21,208
206,10063853,title,3,21,40
206,10234387,description,3,21,218
206,10245913,description,3,21,208
206,10226565,title,3,21,59
206,10234313,description,3,21,217
206,10063653,title,3,21,34
206,10226565,description,3,21,220
208,10234239,description,3,17,633
208,10234239,title,3,17,52
208,10074451,title,3,17,34
208,10001209,title,3,17,48
208,10074463,title,3,17,39
208,10074451,description,3,17,196
208,10074447,title,3,17,35
208,10074437,description,3,17,193
208,10074433,title,3,17,35
208,10001209,description,3,17,164
208,10074463,description,3,17,197
209,10012767,description,3,24,127
209,10012767,title,3,24,51
209,10012807,title,3,24,51
209,10012807,description,3,24,127
209,10012797,description,3,24,114
21,10051325,description,3,13,168
21,1022503,description,3,13,80
21,1020977,description,3,13,96
21,10207317,title,3,13,31
21,10180699,title,3,13,49
21,10261985,title,3,13,48
21,10063325,title,3,13,36
21,10004491,description,3,13,100
21,10019655,title,3,13,54
21,10016271,description,3,13,589
21,10242701,title,3,13,42
21,10001345,title,3,13,68
21,1015375,title,3,13,27
21,10054785,title,3,13,50
21,10016267,title,3,13,69
21,10019715,description,3,13,181
21,10017237,title,3,13,27
21,10016269,description,3,13,614
21,1015375,description,3,13,112
21,1020977,title,3,13,43
21,10016271,title,3,13,79
21,10239447,description,3,13,129
21,10051325,title,3,13,42
21,10265465,description,3,13,91
21,10019579,description,3,13,151
21,10132381,description,3,13,151
21,10233311,title,3,13,37
21,10207317,description,3,13,97
21,10235661,title,3,13,38
21,10051331,title,3,13,38
21,10089511,description,3,13,80
21,10054835,description,3,13,101
21,10242645,description,3,13,112
21,10054781,title,3,13,45
21,10019843,description,3,13,132
21,10239449,title,3,13,35
21,10132565,description,3,13,152
21,10207271,title,3,13,51
21,10239467,title,3,13,48
21,10197583,title,3,13,53
21,10261985,description,3,13,110
21,10054835,title,3,13,45
21,10233311,description,3,13,144
21,10054821,description,3,13,104
21,10207461,description,3,13,121
21,10054803,description,3,13,94
21,10019843,title,3,13,44
21,10255037,title,3,13,36
21,10239453,description,3,13,145
21,10242701,description,3,13,116
210,10244385,title,3,20,47
210,10244525,description,3,20,103
210,10244671,title,3,20,33
210,10244525,title,3,20,34
210,10244371,description,3,20,227
210,10244385,description,3,20,133
210,10244371,title,3,20,36
210,10244671,description,3,20,158
212,10197729,description,3,20,602
212,10245789,description,3,20,220
212,10197727,title,3,20,79
212,10197737,description,3,20,476
212,10236739,title,3,20,84
212,10075177,description,3,20,496
212,10234523,title,3,20,70
212,10271953,title,3,20,48
212,10225009,title,3,20,78
212,10168463,description,3,20,220
212,10075177,title,3,20,64
212,10245789,title,3,20,72
212,10075165,description,3,20,630
212,10234533,description,3,20,291
212,10225009,description,3,20,207
212,10197729,title,3,20,55
212,10197737,title,3,20,63
212,10197727,description,3,20,470
212,10234533,title,3,20,68
212,10168463,title,3,20,75
212,10197741,title,3,20,91
212,10144797,title,3,20,65
212,10236739,description,3,20,211
212,10144797,description,3,20,167
212,10234523,description,3,20,334
212,10075165,title,3,20,72
212,10271953,description,3,20,87
212,10197741,description,3,20,736
214,10266625,title,3,21,50
214,10002393,description,3,21,195
214,10001003,title,3,21,46
214,10266661,title,3,21,45
214,10002393,title,3,21,45
214,10266625,description,3,21,49
214,10266643,description,3,21,458
214,10130745,title,3,21,37
214,10001445,description,3,21,231
214,10266661,description,3,21,314
214,10239871,description,3,21,600
214,10239871,title,3,21,57
214,10001445,title,3,21,57
214,10266643,title,3,21,43
214,10130747,title,3,21,40
216,10074433,description,3,18,196
216,10074433,title,3,18,35
216,10074453,description,3,18,196
216,10074451,title,3,18,34
216,10074463,description,3,18,197
216,10074463,title,3,18,39
216,10074453,title,3,18,35
218,10125229,title,3,20,57
218,1016231,title,3,20,45
218,10214987,title,3,20,66
218,1016231,description,3,20,365
218,10014759,title,3,20,71
218,10198117,description,3,20,203
218,10125229,description,3,20,157
218,10139009,title,3,20,54
218,10198135,title,3,20,59
218,10139009,description,3,20,149
218,10214987,description,3,20,367
218,10145421,description,3,20,120
218,10145421,title,3,20,87
218,10014759,description,3,20,198
218,10166625,description,3,20,408
218,10166625,title,3,20,53
22,10256423,title,3,13,49
22,10003363,description,3,13,123
22,10003597,title,3,13,74
22,10008639,title,3,13,66
22,10003497,description,3,13,135
22,10062243,title,3,13,58
22,10261607,description,3,13,84
22,10263143,title,3,13,60
22,10050791,title,3,13,51
22,10187743,description,3,13,74
22,10041421,description,3,13,95
22,10159225,description,3,13,51
22,10147465,title,3,13,55
22,10136257,description,3,13,78
22,10136049,title,3,13,64
22,10238843,title,3,13,50
22,10241683,description,3,13,115
22,10003249,description,3,13,68
22,10117015,title,3,13,51
22,10147263,description,3,13,107
22,10014361,title,3,13,47
22,10014337,title,3,13,48
22,10214275,title,3,13,71
22,10014337,description,3,13,87
22,10089043,description,3,13,105
22,10035883,description,3,13,70
22,10239079,description,3,13,71
22,10239207,title,3,13,47
22,10241683,title,3,13,60
22,10214283,title,3,13,61
22,10050791,description,3,13,80
22,10089045,description,3,13,98
22,10038931,description,3,13,78
22,10261607,title,3,13,67
22,10237957,title,3,13,58
22,10256611,description,3,13,111
22,10041407,title,3,13,43
22,10187753,description,3,13,68
22,10214275,description,3,13,86
22,10136049,description,3,13,76
22,10202819,title,3,13,33
22,10003497,title,3,13,57
22,10003543,title,3,13,54
22,10239207,description,3,13,70
22,10256611,title,3,13,59
22,10003543,description,3,13,77
22,10003605,description,3,13,84
22,10261913,description,3,13,92
22,10147443,title,3,13,56
22,1011679,description,3,13,155
220,10244447,title,3,18,37
220,10255751,description,3,18,416
220,10213067,description,3,18,57
220,10134851,title,3,18,51
220,10203221,description,3,18,56
220,10212917,title,3,18,57
220,10145245,title,3,18,33
220,10197225,description,3,18,67
220,10145333,description,3,18,108
220,10242281,title,3,18,51
220,10145303,description,3,18,56
220,10197225,title,3,18,64
220,10255751,title,3,18,56
220,10255835,title,3,18,59
220,10197221,title,3,18,65
220,10145245,description,3,18,106
220,10145303,title,3,18,40
220,10180681,title,3,18,33
220,10145323,description,3,18,105
220,10181381,title,3,18,74
220,10212989,title,3,18,64
220,10212867,description,3,18,112
220,10134797,description,3,18,48
220,10201927,title,3,18,37
220,10181381,description,3,18,870
220,10255835,description,3,18,124
220,10180681,description,3,18,61
220,10212989,description,3,18,65
220,10134797,title,3,18,45
220,10203221,title,3,18,47
220,10244447,description,3,18,115
220,10244569,title,3,18,35
220,10212867,title,3,18,77
220,10244569,description,3,18,78
221,10186777,title,3,23,61
221,10016747,title,3,23,51
221,10234485,title,3,23,64
221,10016747,description,3,23,159
221,10080407,title,3,23,51
221,10186777,description,3,23,294
221,10080407,description,3,23,207
221,10234485,description,3,23,371
222,10244671,description,3,18,158
222,10213393,description,3,18,117
222,10247475,description,3,18,118
222,10247471,title,3,18,68
222,10247475,title,3,18,54
222,10213393,title,3,18,60
222,10247471,description,3,18,152
222,10006199,title,3,18,60
222,10244671,title,3,18,33
222,10006199,description,3,18,78
223,10252655,title,3,20,47
223,10252655,description,3,20,98
225,10073637,description,3,22,193
225,10186469,title,3,22,32
225,10073685,description,3,22,213
225,10248895,description,3,22,136
225,10133399,title,3,22,35
225,10186469,description,3,22,153
225,10073637,title,3,22,32
225,10133399,description,3,22,209
225,10073685,title,3,22,35
225,10248895,title,3,22,39
227,10234525,description,3,13,305
227,10234525,title,3,13,73
228,10145033,title,3,17,47
228,10257023,title,3,17,47
228,10145017,title,3,17,46
228,10180489,description,3,17,437
228,10145033,description,3,17,380
228,10144959,title,3,17,48
228,10244677,title,3,17,45
228,10144961,description,3,17,351
228,10180489,title,3,17,48
228,10144961,title,3,17,31
228,10145017,description,3,17,341
228,10257023,description,3,17,93
228,10144959,description,3,17,365
228,10244677,description,3,17,84
229,10012715,description,3,17,81
229,10012721,title,3,17,79
229,10012741,title,3,17,37
229,10012719,title,3,17,57
229,10012721,description,3,17,121
229,10012739,description,3,17,65
229,10012719,description,3,17,135
229,10012715,title,3,17,53
229,10012705,title,3,17,54
229,10012739,title,3,17,64
229,10012729,description,3,17,47
229,10012729,title,3,17,32
23,1022177,description,3,10,805
23,10052147,description,3,10,314
23,10223361,description,3,10,528
23,10052601,description,3,10,310
23,10184211,title,3,10,58
23,101470,description,3,10,403
23,10044431,title,3,10,49
23,10223359,description,3,10,460
23,10052443,title,3,10,40
23,10044433,title,3,10,44
23,10052235,title,3,10,54
23,1022177,title,3,10,46
23,10052137,description,3,10,309
23,10052137,title,3,10,41
23,10089007,description,3,10,280
23,10071413,description,3,10,273
23,1022179,title,3,10,45
23,10036169,title,3,10,41
23,10044439,description,3,10,301
23,10052711,title,3,10,39
23,10044479,description,3,10,295
23,10246505,title,3,10,39
23,10223321,description,3,10,460
23,10223339,description,3,10,462
23,10075283,description,3,10,315
23,10052519,description,3,10,303
23,10052711,description,3,10,329
23,10069587,title,3,10,60
23,10223361,title,3,10,43
23,10052227,title,3,10,53
23,10223363,title,3,10,49
23,10223339,title,3,10,48
23,10051975,title,3,10,39
23,10052637,title,3,10,52
23,10052519,title,3,10,39
23,10044471,title,3,10,44
23,10052227,description,3,10,308
23,10044439,title,3,10,44
23,10223347,title,3,10,39
23,10052723,description,3,10,304
23,10052139,title,3,10,40
23,101473,description,3,10,421
23,10044471,description,3,10,299
23,10036169,description,3,10,288
23,10051985,title,3,10,48
23,10051975,description,3,10,304
23,10052553,title,3,10,50
23,10069587,description,3,10,286
23,10051905,title,3,10,45
23,1022179,description,3,10,313
230,10145021,title,3,19,60
230,10244385,title,3,19,47
230,10244371,title,3,19,36
230,10145021,description,3,19,300
230,10145065,description,3,19,139
230,10244385,description,3,19,133
230,10145065,title,3,19,41
230,10244371,description,3,19,227
231,10186821,title,3,17,87
231,10135499,description,3,17,113
231,10186807,title,3,17,86
231,10198091,description,3,17,102
231,10198095,title,3,17,55
231,10080565,title,3,17,35
231,10040633,title,3,17,34
231,10139009,title,3,17,54
231,10186807,description,3,17,394
231,10186821,description,3,17,399
231,10080567,description,3,17,118
231,10135497,title,3,17,74
231,10263103,description,3,17,302
231,10080565,description,3,17,133
231,10135499,title,3,17,69
231,10135497,description,3,17,66
231,10014801,title,3,17,46
231,10031035,description,3,17,227
231,10198061,title,3,17,54
231,10080571,description,3,17,123
231,10080569,description,3,17,111
231,10198061,description,3,17,111
231,10166625,description,3,17,408
231,10031035,title,3,17,68
231,10198091,title,3,17,47
231,10014801,description,3,17,77
231,10263103,title,3,17,55
231,10166625,title,3,17,53
231,10139009,description,3,17,149
232,10030411,title,3,23,35
232,10030339,description,3,23,244
232,10030339,title,3,23,43
232,10030411,description,3,23,239
232,10029157,title,3,23,39
232,10030349,description,3,23,232
232,10029157,description,3,23,243
232,10030423,description,3,23,268
232,10030423,title,3,23,49
232,10030349,title,3,23,41
233,10133947,title,3,19,53
233,10134199,title,3,19,32
233,10134189,description,3,19,56
233,10134191,description,3,19,55
233,10134189,title,3,19,54
233,10134199,description,3,19,40
233,10134215,title,3,19,37
233,10134215,description,3,19,45
233,10134191,title,3,19,46
233,10133947,description,3,19,62
236,10247881,description,3,21,100
236,10071423,title,3,21,51
236,10247875,description,3,21,104
236,10065605,title,3,21,42
236,10065605,description,3,21,97
236,10071423,description,3,21,90
236,10247883,title,3,21,69
236,10247883,description,3,21,109
236,10247881,title,3,21,60
236,10247875,title,3,21,64
236,10247885,title,3,21,59
236,10247885,description,3,21,99
237,1020661,title,3,23,46
237,10232983,description,3,23,155
237,1020662,title,3,23,50
237,1020662,description,3,23,305
237,10000911,description,3,23,143
237,10000915,description,3,23,119
237,10000915,title,3,23,39
237,10185733,description,3,23,905
237,10000911,title,3,23,43
237,1020661,description,3,23,301
237,10000921,description,3,23,122
237,10185733,title,3,23,37
237,10000921,title,3,23,38
237,10232983,title,3,23,32
240,10189681,description,3,18,159
240,10189681,title,3,18,60
241,10062173,title,3,19,58
241,10145021,title,3,19,60
241,10244371,description,3,19,227
241,10244371,title,3,19,36
241,10062173,description,3,19,137
241,10145021,description,3,19,300
244,10180373,title,3,25,56
244,1000709,title,3,25,29
244,10180473,title,3,25,48
244,10180373,description,3,25,85
244,1000716,title,3,25,56
244,1000744,description,3,25,93
244,10014759,title,3,25,71
244,1000744,title,3,25,36
244,1000709,description,3,25,73
244,10014759,description,3,25,198
244,10180473,description,3,25,98
244,10166625,title,3,25,53
244,1000716,description,3,25,225
244,10166625,description,3,25,408
248,10213459,description,3,17,102
248,10244699,title,3,17,44
248,10213369,title,3,17,64
248,10213395,description,3,17,98
248,10213437,description,3,17,91
248,10196893,title,3,17,48
248,10006199,description,3,17,78
248,10213419,description,3,17,139
248,10213443,description,3,17,126
248,10213369,description,3,17,115
248,10213409,description,3,17,100
248,10213377,title,3,17,59
248,10196897,title,3,17,43
248,10244695,title,3,17,27
248,10213395,title,3,17,62
248,10039969,title,3,17,61
248,10180919,title,3,17,19
248,10030547,title,3,17,34
248,10213455,description,3,17,125
248,10244699,description,3,17,93
248,10244671,title,3,17,33
248,10180919,description,3,17,43
248,10213353,description,3,17,153
248,10196893,description,3,17,96
248,10213413,description,3,17,159
248,10030547,description,3,17,110
248,10006199,title,3,17,60
248,10213353,title,3,17,67
248,10213385,title,3,17,72
248,10213401,title,3,17,58
248,10213401,description,3,17,112
248,10213459,title,3,17,59
248,10244695,description,3,17,76
248,10213413,title,3,17,76
248,10213393,description,3,17,117
248,10213447,description,3,17,132
248,10213447,title,3,17,60
248,10213383,title,3,17,65
248,10213385,description,3,17,114
248,10196897,description,3,17,87
248,10244671,description,3,17,158
248,10213443,title,3,17,69
248,10039969,description,3,17,77
248,10006191,description,3,17,95
248,10213383,description,3,17,168
248,10213419,title,3,17,67
248,10213409,title,3,17,62
248,10213377,description,3,17,112
25,10021469,title,3,12,36
25,10248557,description,3,12,854
25,10001425,description,3,12,218
25,10092019,description,3,12,190
25,10029811,description,3,12,130
25,10029695,description,3,12,134
25,10242943,description,3,12,185
25,10071065,title,3,12,36
25,10029811,title,3,12,37
25,10137215,description,3,12,218
25,10138037,description,3,12,200
25,10233965,description,3,12,377
25,10244149,title,3,12,53
25,10248227,title,3,12,38
25,10253533,description,3,12,547
25,10242953,description,3,12,637
25,10071051,description,3,12,189
25,10137043,description,3,12,843
25,10075915,description,3,12,190
25,10242891,title,3,12,34
25,10253435,title,3,12,40
25,10071065,description,3,12,482
25,10243995,title,3,12,41
25,10248355,description,3,12,571
25,10029819,description,3,12,140
25,10045711,description,3,12,134
25,10182145,description,3,12,365
25,10248547,description,3,12,188
25,10248355,title,3,12,36
25,10064639,title,3,12,58
25,10250647,title,3,12,45
25,10029797,description,3,12,135
25,10262087,description,3,12,190
25,10138029,title,3,12,49
25,10137127,description,3,12,660
25,10137167,title,3,12,41
25,10242953,title,3,12,35
25,10029809,description,3,12,133
25,10248349,description,3,12,411
25,10250653,description,3,12,186
25,10243989,description,3,12,500
25,10243977,description,3,12,505
25,10018055,description,3,12,808
25,10029809,title,3,12,32
250,10179331,title,3,21,51
250,10096267,description,3,21,95
250,10179309,title,3,21,63
250,10027195,description,3,21,99
250,10027179,description,3,21,90
250,10027189,title,3,21,58
250,10027197,title,3,21,61
250,10051369,title,3,21,48
250,10027169,description,3,21,90
250,10051349,description,3,21,90
250,10111403,description,3,21,92
250,10051339,description,3,21,90
250,10025889,title,3,21,65
250,10111403,title,3,21,61
250,10096263,title,3,21,46
250,10027155,title,3,21,54
250,10096291,description,3,21,87
250,10111411,description,3,21,92
250,10111411,title,3,21,61
250,10051369,description,3,21,92
250,10051371,description,3,21,88
250,10027169,title,3,21,39
250,10096263,description,3,21,77
250,10096271,title,3,21,49
250,10096289,description,3,21,104
250,10025889,description,3,21,706
250,10051339,title,3,21,53
250,10096303,description,3,21,107
250,10027173,description,3,21,94
250,10027163,description,3,21,87
250,10179309,description,3,21,94
250,10027155,description,3,21,90
250,10051371,title,3,21,51
250,10027179,title,3,21,62
250,10027195,title,3,21,63
250,10096291,title,3,21,46
250,10027183,title,3,21,69
250,10027173,title,3,21,58
250,10096271,description,3,21,94
250,10027165,description,3,21,84
250,10027197,description,3,21,89
250,10051349,title,3,21,53
250,10027163,title,3,21,51
250,10096303,title,3,21,50
250,10027165,title,3,21,48
250,10027189,description,3,21,94
250,10096267,title,3,21,52
250,10051355,description,3,21,91
251,10186265,description,3,18,161
251,10178993,title,3,18,44
251,10186165,description,3,18,149
251,10186155,title,3,18,34
251,10186107,description,3,18,137
251,10186481,title,3,18,28
251,10186185,description,3,18,149
251,10179061,description,3,18,184
251,10186165,title,3,18,28
251,10186305,title,3,18,36
251,10186185,title,3,18,38
251,10179061,title,3,18,37
251,10186679,description,3,18,138
251,10186155,description,3,18,144
251,10252725,title,3,18,32
251,10252725,description,3,18,154
251,10186305,description,3,18,146
251,10186481,description,3,18,155
251,10186265,title,3,18,34
251,10178993,description,3,18,94
251,10186679,title,3,18,30
251,10186107,title,3,18,29
253,10242629,title,3,20,41
253,10260315,title,3,20,55
253,10234787,description,3,20,126
253,10004509,description,3,20,128
253,10161551,title,3,20,76
253,10260315,description,3,20,134
253,10242629,description,3,20,87
253,10004509,title,3,20,51
253,10234787,title,3,20,52
253,10161551,description,3,20,83
254,10186821,title,3,18,87
254,10207301,description,3,18,59
254,10265419,title,3,18,51
254,10207301,title,3,18,39
254,10207433,description,3,18,68
254,10186807,title,3,18,86
254,10207433,title,3,18,27
254,10207309,description,3,18,71
254,10265419,description,3,18,71
254,10186821,description,3,18,399
254,10186807,description,3,18,394
254,10207309,title,3,18,37
255,10244575,title,3,24,42
255,10244579,description,3,24,193
255,10244575,description,3,24,114
255,10244525,description,3,24,103
255,10244343,title,3,24,32
255,10244371,description,3,24,227
255,10244371,title,3,24,36
255,10244525,title,3,24,34
256,10162339,description,3,28,213
256,10003833,title,3,28,67
256,10003833,description,3,28,205
256,10012721,description,3,28,121
256,10162325,description,3,28,227
256,10003837,title,3,28,66
256,10162339,title,3,28,65
256,10012721,title,3,28,79
256,10162325,title,3,28,86
256,10003837,description,3,28,204
26,10013037,title,3,17,51
26,10016727,title,3,17,48
26,10013035,description,3,17,226
26,10234525,title,3,17,73
26,10234487,description,3,17,404
26,10016283,description,3,17,620
26,10201945,title,3,17,50
26,10207419,title,3,17,58
26,10207335,description,3,17,151
26,10012497,title,3,17,72
26,10012497,description,3,17,110
26,10186807,description,3,17,394
26,10013041,description,3,17,143
26,10013035,title,3,17,57
26,10013041,title,3,17,43
26,10234485,title,3,17,64
26,10190659,title,3,17,77
26,10234523,description,3,17,334
26,10190893,title,3,17,64
26,10051241,description,3,17,70
26,10190651,description,3,17,232
26,10225009,description,3,17,207
26,10190887,title,3,17,73
26,10016283,title,3,17,79
26,10013787,description,3,17,92
26,10013049,title,3,17,57
26,10207461,description,3,17,121
26,10051241,title,3,17,42
26,10207639,description,3,17,299
26,10207409,description,3,17,149
26,10190893,description,3,17,206
26,10201945,description,3,17,173
26,10234525,description,3,17,305
26,10207357,description,3,17,119
26,10190887,description,3,17,208
26,10186807,title,3,17,86
26,10186803,description,3,17,281
26,10207335,title,3,17,57
26,10207419,description,3,17,147
26,10186821,description,3,17,399
26,10271953,description,3,17,87
26,10234505,description,3,17,342
26,10234491,title,3,17,70
26,10207637,title,3,17,73
26,10186803,title,3,17,58
26,10207639,title,3,17,57
26,10234533,title,3,17,68
26,10234485,description,3,17,371
26,10016727,description,3,17,202
26,10225009,title,3,17,78
262,10145021,description,3,24,300
262,10244671,title,3,24,33
262,10145021,title,3,24,60
262,10244421,description,3,24,121
262,10244421,title,3,24,27
262,10244385,title,3,24,47
262,10145065,title,3,24,41
262,10244371,title,3,24,36
262,10244671,description,3,24,158
262,10244371,description,3,24,227
262,10145065,description,3,24,139
262,10244385,description,3,24,133
266,10053725,title,3,22,42
266,10019797,description,3,22,125
266,10265445,title,3,22,43
266,10053737,title,3,22,55
266,10260313,title,3,22,43
266,10236839,title,3,22,48
266,10039917,description,3,22,56
266,10184313,description,3,22,55
266,10212829,description,3,22,59
266,10233287,title,3,22,38
266,10273991,description,3,22,67
266,10167141,title,3,22,52
266,10053767,description,3,22,138
266,10051541,description,3,22,54
266,10001511,description,3,22,78
266,10184313,title,3,22,36
266,10053773,title,3,22,48
266,10260313,description,3,22,167
266,10053737,description,3,22,112
266,10236839,description,3,22,63
266,10260343,description,3,22,168
266,10260343,title,3,22,45
266,10019797,title,3,22,59
266,10233287,description,3,22,54
266,10265445,description,3,22,56
266,10265467,title,3,22,47
266,10244003,title,3,22,42
266,1015402,description,3,22,108
266,10236233,description,3,22,60
266,10244003,description,3,22,112
266,10053731,title,3,22,45
266,10053731,description,3,22,123
266,10053725,description,3,22,118
266,10053761,title,3,22,51
266,10273991,title,3,22,64
266,10053773,description,3,22,98
266,10001511,title,3,22,63
266,10255989,title,3,22,49
266,10212837,title,3,22,43
266,10212837,description,3,22,62
266,10260329,description,3,22,204
266,10265467,description,3,22,71
266,10265487,description,3,22,65
266,10260329,title,3,22,57
266,10053779,description,3,22,121
266,10236233,title,3,22,40
266,10053767,title,3,22,52
266,10265487,title,3,22,43
266,10212829,title,3,22,40
266,10167141,description,3,22,125
267,10164429,title,3,18,67
267,10164429,description,3,18,282
267,10240047,title,3,18,53
267,10263103,description,3,18,302
267,10240047,description,3,18,133
267,10263103,title,3,18,55
27,10233297,description,3,12,100
27,10017723,description,3,12,104
27,10030195,title,3,12,51
27,10059963,title,3,12,73
27,10030195,description,3,12,110
27,10236431,description,3,12,148
27,10015839,title,3,12,46
27,10253749,title,3,12,53
27,10015831,title,3,12,53
27,10059963,description,3,12,127
27,10029543,description,3,12,111
27,10220891,title,3,12,44
27,10017629,description,3,12,112
27,10017631,description,3,12,118
27,10253749,description,3,12,98
27,10233297,title,3,12,38
27,10017743,title,3,12,43
27,10142419,description,3,12,108
27,10142419,title,3,12,49
27,10017857,title,3,12,48
27,10004421,title,3,12,44
27,10128161,description,3,12,100
27,10017629,title,3,12,49
27,10060541,title,3,12,67
27,10029543,title,3,12,52
27,10015839,description,3,12,108
27,10017743,description,3,12,106
27,10029525,description,3,12,108
27,10015819,description,3,12,91
27,10017723,title,3,12,41
27,10015819,title,3,12,46
27,10236431,title,3,12,22
27,10128161,title,3,12,59
27,10220891,description,3,12,91
27,10017631,title,3,12,53
27,10015831,description,3,12,112
27,10017857,description,3,12,111
27,10060541,description,3,12,118
27,10004421,description,3,12,69
270,10053895,title,3,24,50
270,10196265,description,3,24,66
270,10053899,title,3,24,31
270,10196271,description,3,24,45
270,10012733,title,3,24,33
270,10012721,title,3,24,79
270,10024959,description,3,24,79
270,10196271,title,3,24,37
270,10018985,description,3,24,576
270,10018931,description,3,24,457
270,10012721,description,3,24,121
270,10012733,description,3,24,70
270,10135877,title,3,24,47
270,10040391,title,3,24,57
270,10012705,title,3,24,54
270,10053895,description,3,24,111
270,10135877,description,3,24,120
270,10012715,description,3,24,81
270,10196853,title,3,24,44
270,10040391,description,3,24,86
270,10024959,title,3,24,56
270,10018983,title,3,24,77
270,10207207,description,3,24,841
270,10053899,description,3,24,100
270,10089313,title,3,24,35
270,10019005,title,3,24,20
270,10018931,title,3,24,84
270,10018985,title,3,24,63
270,10018983,description,3,24,585
270,10012715,title,3,24,53
270,10207207,title,3,24,55
271,10197757,description,3,22,121
271,10197743,title,3,22,46
271,10197757,title,3,22,54
271,10197743,description,3,22,121
272,10235761,title,3,19,84
272,10236797,description,3,19,58
272,10206989,title,3,19,64
272,10236797,title,3,19,30
272,10236803,description,3,19,63
272,10236803,title,3,19,35
272,10206989,description,3,19,124
272,10235761,description,3,19,162
273,10071803,description,3,20,186
273,10092027,description,3,20,185
273,10137037,title,3,20,41
273,10248539,description,3,20,316
273,10071097,title,3,20,36
273,10029811,description,3,20,130
273,10029745,description,3,20,128
273,10021469,description,3,20,186
273,10243977,description,3,20,505
273,10071065,description,3,20,482
273,10248355,title,3,20,36
273,10029731,title,3,20,42
273,10029819,title,3,20,40
273,10101427,title,3,20,33
273,10045711,title,3,20,43
273,10071785,description,3,20,185
273,10029869,title,3,20,41
273,10092019,title,3,20,34
273,10243989,title,3,20,36
273,10248557,title,3,20,33
273,10029717,description,3,20,134
273,10137145,description,3,20,1025
273,10029809,description,3,20,133
273,10029811,title,3,20,37
273,10243977,title,3,20,41
273,10242953,title,3,20,35
273,10137037,description,3,20,202
273,10018287,description,3,20,208
273,10248547,description,3,20,188
273,10029717,title,3,20,41
273,10248355,description,3,20,571
273,10243967,description,3,20,763
273,10137127,description,3,20,660
273,10137101,title,3,20,47
273,10182159,description,3,20,351
273,10029797,description,3,20,135
273,10137127,title,3,20,44
273,10101427,description,3,20,186
273,10137319,title,3,20,54
273,10018287,title,3,20,50
273,10137319,description,3,20,841
273,10029819,description,3,20,140
273,10137101,description,3,20,1027
273,10182143,description,3,20,683
274,10182399,description,3,22,110
274,10051585,description,3,22,96
274,10182617,description,3,22,71
274,10051585,title,3,22,58
274,10246959,title,3,22,64
274,10053737,title,3,22,55
274,10182349,description,3,22,66
274,10236783,title,3,22,41
274,10182399,title,3,22,69
274,10019805,title,3,22,53
274,10233287,title,3,22,38
274,10182617,title,3,22,66
274,10233287,description,3,22,54
274,10182349,title,3,22,61
274,10053737,description,3,22,112
274,10019805,description,3,22,75
274,10236783,description,3,22,61
274,10246959,description,3,22,65
275,10198047,description,3,16,96
275,10198197,title,3,16,44
275,10161987,title,3,16,41
275,10198207,title,3,16,39
275,10014801,title,3,16,46
275,10198067,title,3,16,48
275,10014831,title,3,16,68
275,10014939,title,3,16,41
275,10198207,description,3,16,189
275,10014795,description,3,16,110
275,10014801,description,3,16,77
275,10198083,description,3,16,194
275,10207419,title,3,16,58
275,10198177,title,3,16,46
275,10180399,description,3,16,82
275,10198055,title,3,16,39
275,10198197,description,3,16,55
275,10161987,description,3,16,100
275,10198177,description,3,16,93
275,10014795,title,3,16,48
275,10098487,title,3,16,38
275,10014815,description,3,16,218
275,10161955,title,3,16,52
275,10198047,title,3,16,43
275,10161985,title,3,16,63
275,10098487,description,3,16,78
275,10180399,title,3,16,47
275,10198067,description,3,16,61
275,10014939,description,3,16,117
275,10031035,title,3,16,68
275,10207419,description,3,16,147
275,10014815,title,3,16,45
275,10198195,title,3,16,44
275,10161955,description,3,16,101
275,10161985,description,3,16,201
275,10198055,description,3,16,164
275,10031035,description,3,16,227
275,10014831,description,3,16,129
276,10244575,title,3,23,42
276,10145065,title,3,23,41
276,10244671,description,3,23,158
276,10244671,title,3,23,33
276,10244371,title,3,23,36
276,10244371,description,3,23,227
276,10244575,description,3,23,114
276,10145065,description,3,23,139
277,10012733,description,3,23,70
277,10135877,description,3,23,120
277,10239619,description,3,23,59
277,10146439,description,3,23,80
277,10146433,description,3,23,85
277,10146433,title,3,23,56
277,10040391,description,3,23,86
277,10098651,description,3,23,82
277,10003833,title,3,23,67
277,10132133,title,3,23,45
277,10132139,description,3,23,65
277,10068483,title,3,23,57
277,10040389,title,3,23,57
277,10089313,title,3,23,35
277,10132139,title,3,23,45
277,10239619,title,3,23,47
277,10132125,title,3,23,45
277,10132059,description,3,23,122
277,10132123,description,3,23,136
277,10068465,title,3,23,63
277,10018931,title,3,23,84
277,10135877,title,3,23,47
277,10254201,title,3,23,49
277,10098657,title,3,23,48
277,10098647,description,3,23,84
277,10135847,description,3,23,68
277,10132123,title,3,23,48
277,10132133,description,3,23,60
277,10068483,description,3,23,98
277,10098801,title,3,23,39
277,10098655,description,3,23,179
277,10146439,title,3,23,48
277,10174335,title,3,23,47
277,10018931,description,3,23,457
277,10098657,description,3,23,68
277,10012733,title,3,23,33
277,10098651,title,3,23,45
277,10132059,title,3,23,62
277,10132125,description,3,23,77
277,10068465,description,3,23,104
277,10174335,description,3,23,59
277,10003833,description,3,23,205
278,10106603,title,3,21,65
278,1000746,title,3,21,37
278,10224657,description,3,21,110
278,10224671,description,3,21,100
278,10135473,description,3,21,100
278,10224671,title,3,21,52
278,10274905,title,3,21,69
278,10106603,description,3,21,109
278,1000746,description,3,21,79
278,1000744,title,3,21,36
278,10224657,title,3,21,45
278,10274905,description,3,21,98
278,10135473,title,3,21,70
278,1000745,description,3,21,82
278,1000721,title,3,21,67
278,1000744,description,3,21,93
278,1000721,description,3,21,104
28,10024583,title,3,10,46
28,10236739,title,3,10,84
28,10225009,description,3,10,207
28,10024945,title,3,10,53
28,10234523,title,3,10,70
28,10233311,description,3,10,144
28,10025555,description,3,10,311
28,10260589,title,3,10,52
28,10181205,description,3,10,99
28,10026845,title,3,10,56
28,10026855,description,3,10,308
28,10033649,description,3,10,1012
28,10247483,description,3,10,117
28,10068081,description,3,10,110
28,10068081,title,3,10,51
28,10254245,description,3,10,127
28,10033649,title,3,10,66
28,10247429,description,3,10,134
28,10207465,title,3,10,45
28,10025555,title,3,10,55
28,10198009,title,3,10,39
28,10234535,title,3,10,53
28,10027629,title,3,10,51
28,1020977,title,3,10,43
28,10247483,title,3,10,64
28,10132253,description,3,10,159
28,1010542,title,3,10,57
28,10234533,description,3,10,291
28,10024949,description,3,10,312
28,10132469,title,3,10,71
28,10225009,title,3,10,78
28,10244695,description,3,10,76
28,10132511,description,3,10,176
28,10236739,description,3,10,211
28,10028353,title,3,10,63
28,10033723,description,3,10,940
28,10024581,description,3,10,315
28,10271953,description,3,10,87
28,10247479,title,3,10,61
28,10233311,title,3,10,37
28,10024927,title,3,10,57
28,10002103,title,3,10,23
28,10198009,description,3,10,141
28,10236207,description,3,10,929
28,1020977,description,3,10,96
28,10273991,description,3,10,67
28,1010542,description,3,10,408
28,10024945,description,3,10,341
28,10197547,title,3,10,82
280,10017451,title,3,20,35
280,10017455,description,3,20,397
280,10017437,title,3,20,36
280,10017453,title,3,20,37
280,10017457,description,3,20,356
280,10017457,title,3,20,36
280,10190997,description,3,20,218
280,10017453,description,3,20,357
280,10017437,description,3,20,356
280,10017455,title,3,20,51
280,10017451,description,3,20,355
280,10190997,title,3,20,73
281,10179321,description,3,16,135
281,10179289,title,3,16,81
281,10027167,title,3,16,56
281,10179289,description,3,16,136
281,10179351,title,3,16,89
281,10207419,description,3,16,147
281,10178967,title,3,16,40
281,10207639,description,3,16,299
281,10073971,description,3,16,89
281,1001050,description,3,16,275
281,10207639,title,3,16,57
281,10179321,title,3,16,80
281,10179351,description,3,16,144
281,10073959,description,3,16,66
281,10178967,description,3,16,110
281,1001050,title,3,16,58
281,10027167,description,3,16,92
281,10207419,title,3,16,58
281,10073959,title,3,16,38
281,10073971,title,3,16,41
282,10029035,title,3,19,36
282,10245891,description,3,19,186
282,10261765,title,3,19,41
282,10020709,title,3,19,38
282,10235583,description,3,19,135
282,10146245,description,3,19,137
282,10261697,description,3,19,193
282,10245885,title,3,19,38
282,10246155,description,3,19,194
282,10007655,description,3,19,197
282,10245889,title,3,19,37
282,10007617,description,3,19,192
282,10029039,description,3,19,187
282,10246159,title,3,19,36
282,10028971,title,3,19,35
282,10007787,title,3,19,38
282,10246015,description,3,19,197
282,10072335,title,3,19,37
282,10146245,title,3,19,44
282,10245889,description,3,19,193
282,10029005,description,3,19,139
282,10035861,description,3,19,139
282,10246205,description,3,19,198
282,10028945,description,3,19,128
282,10007617,title,3,19,47
282,10191543,description,3,19,199
282,10029025,description,3,19,184
282,10028959,description,3,19,138
282,10146253,description,3,19,139
282,10226425,title,3,19,51
282,10035859,title,3,19,34
282,10245885,description,3,19,188
282,10035653,title,3,19,38
282,10035873,description,3,19,142
282,10106941,title,3,19,37
282,10007655,title,3,19,46
282,10028945,title,3,19,41
282,10029001,description,3,19,128
282,10028993,title,3,19,34
282,10226425,description,3,19,140
282,10007787,description,3,19,185
282,10245971,title,3,19,37
282,10007683,description,3,19,192
282,10020709,description,3,19,191
282,10035859,description,3,19,129
282,10007683,title,3,19,44
282,10028993,description,3,19,134
282,10146253,title,3,19,47
282,10234433,title,3,19,38
283,10161905,description,3,23,201
283,10161959,title,3,23,60
283,10106589,title,3,23,51
283,10106589,description,3,23,97
283,10031117,title,3,23,70
283,10206417,description,3,23,85
283,10106613,title,3,23,70
283,10106591,description,3,23,97
283,10161905,title,3,23,48
283,10106609,description,3,23,96
283,10206417,title,3,23,59
283,10106613,description,3,23,100
283,10106603,description,3,23,109
283,10106591,title,3,23,51
283,10106603,title,3,23,65
283,10106609,title,3,23,50
283,10106611,title,3,23,49
283,10031183,title,3,23,63
283,10031183,description,3,23,288
283,10031117,description,3,23,314
283,10106611,description,3,23,95
287,10180473,title,3,16,48
287,10224675,description,3,16,154
287,10180929,description,3,16,82
287,10031035,title,3,16,68
287,10014941,description,3,16,113
287,10014939,description,3,16,117
287,10180477,title,3,16,74
287,10139555,title,3,16,54
287,10014939,title,3,16,41
287,10031035,description,3,16,227
287,10139555,description,3,16,258
287,10224675,title,3,16,49
287,10139533,title,3,16,71
287,10014941,title,3,16,48
287,10180473,description,3,16,98
287,10180441,title,3,16,70
287,10180441,description,3,16,112
287,10139533,description,3,16,278
287,10180477,description,3,16,115
287,10180929,title,3,16,51
294,10189741,description,3,22,98
294,10007597,description,3,22,224
294,10189741,title,3,22,33
294,10007597,title,3,22,44
296,10021477,description,3,21,153
296,10244671,title,3,21,33
296,10196893,description,3,21,96
296,10244671,description,3,21,158
296,10196893,title,3,21,48
296,10021477,title,3,21,59
298,10216841,title,3,18,45
298,10216841,description,3,18,120
299,10017445,title,3,18,36
299,10017443,title,3,18,37
299,10017459,title,3,18,36
299,10017427,description,3,18,376
299,10017445,description,3,18,410
299,10017409,description,3,18,389
299,10017417,description,3,18,409
299,10017449,description,3,18,409
299,10017417,title,3,18,35
299,10017409,title,3,18,36
299,10017441,description,3,18,411
299,10017443,description,3,18,392
299,10017449,title,3,18,35
299,10017459,description,3,18,410
3,10145319,title,3,25,36
3,10231901,description,3,25,57
3,10016703,title,3,25,44
3,10005909,title,3,25,57
3,10014413,title,3,25,49
3,10231905,description,3,25,57
3,10000301,description,3,25,55
3,10000377,title,3,25,42
3,10017021,description,3,25,50
3,10237777,description,3,25,56
3,10238321,title,3,25,71
3,10238321,description,3,25,82
3,10143927,title,3,25,41
3,10236383,description,3,25,65
3,10013371,description,3,25,63
3,10129601,description,3,25,62
3,10243471,title,3,25,35
3,10005241,title,3,25,55
3,10252513,title,3,25,47
3,10016971,title,3,25,71
3,10206633,title,3,25,42
3,10005241,description,3,25,72
3,10013315,title,3,25,68
3,10031565,description,3,25,65
3,10004169,description,3,25,61
3,10035813,title,3,25,55
3,10129601,title,3,25,48
3,10237785,title,3,25,43
3,10055975,title,3,25,60
3,10212957,title,3,25,56
3,10000533,title,3,25,41
3,10056031,description,3,25,58
3,10005937,title,3,25,64
3,10005261,description,3,25,77
3,10031565,title,3,25,54
3,10030221,title,3,25,46
3,10206633,description,3,25,57
3,10005969,title,3,25,62
3,10000533,description,3,25,54
3,10017017,description,3,25,80
3,10003207,description,3,25,78
3,10016685,title,3,25,44
3,10016983,description,3,25,62
3,10238985,title,3,25,51
3,10073401,description,3,25,55
3,10000215,description,3,25,61
3,10231905,title,3,25,35
3,10143855,title,3,25,44
300,10111405,title,3,22,56
300,10206971,title,3,22,40
300,10111393,description,3,22,127
300,10111397,title,3,22,56
300,10111397,description,3,22,127
300,10206971,description,3,22,148
300,10111393,title,3,22,56
300,10111405,description,3,22,127
301,10217583,description,3,19,148
301,10007673,title,3,19,47
301,10063693,title,3,19,34
301,10007797,description,3,19,223
301,10007705,title,3,19,49
301,10217583,title,3,19,34
301,10063723,description,3,19,211
301,10063693,description,3,19,127
301,10179833,title,3,19,48
301,10063723,title,3,19,41
301,10226629,title,3,19,56
301,10236559,title,3,19,46
301,10007705,description,3,19,225
301,10131665,description,3,19,218
301,10246415,description,3,19,211
301,10246415,title,3,19,41
301,10226583,description,3,19,211
301,10007673,description,3,19,229
301,10131665,title,3,19,36
301,10217577,description,3,19,148
301,10007829,description,3,19,234
301,10007829,title,3,19,54
301,10226629,description,3,19,239
301,10226583,title,3,19,40
301,10236559,description,3,19,203
301,10007797,title,3,19,47
301,10217577,title,3,19,34
301,10179833,description,3,19,161
307,10111405,title,3,17,56
307,10111397,description,3,17,127
307,10206989,description,3,17,124
307,10111405,description,3,17,127
307,10111393,title,3,17,56
307,10111397,title,3,17,56
307,10263103,description,3,17,302
307,10263103,title,3,17,55
307,10265385,title,3,17,32
307,10206989,title,3,17,64
307,10111393,description,3,17,127
308,10007835,description,3,21,223
308,10174685,description,3,21,197
308,10174689,description,3,21,197
308,10111027,title,3,21,38
308,10144179,description,3,21,191
308,10144179,title,3,21,41
308,10174689,title,3,21,28
308,10111027,description,3,21,132
308,10007835,title,3,21,43
308,10174685,title,3,21,28
309,10125229,description,3,22,157
309,10125229,title,3,22,57
309,10014765,description,3,22,138
309,10145427,description,3,22,130
309,10014765,title,3,22,71
309,10012551,description,3,22,128
309,1000721,description,3,22,104
309,1000744,description,3,22,93
309,10135471,description,3,22,118
309,10145427,title,3,22,82
309,10135471,title,3,22,71
309,10012551,title,3,22,54
309,1000721,title,3,22,67
309,1000744,title,3,22,36
31,10137127,title,3,8,44
31,10143959,title,3,8,51
31,10106229,title,3,8,78
31,10231589,title,3,8,73
31,10233921,description,3,8,985
31,10137005,title,3,8,44
31,10137005,description,3,8,797
31,10203229,description,3,8,198
31,10071081,title,3,8,36
31,10237425,title,3,8,62
31,10137341,title,3,8,44
31,10056573,title,3,8,62
31,10233921,title,3,8,66
31,10137263,description,3,8,376
31,10071081,description,3,8,615
31,10203233,title,3,8,49
31,10203229,title,3,8,46
31,10253451,title,3,8,41
31,10253599,title,3,8,57
31,10157915,title,3,8,35
31,10137045,description,3,8,570
31,10184387,title,3,8,56
31,10143867,title,3,8,51
31,10243977,description,3,8,505
31,10244149,title,3,8,53
31,10193605,title,3,8,59
31,10243983,title,3,8,36
31,10137045,title,3,8,72
31,10193621,title,3,8,54
31,10243977,title,3,8,41
31,10203339,description,3,8,99
31,10231589,description,3,8,559
31,10248557,title,3,8,33
31,10056583,title,3,8,58
31,10137263,title,3,8,49
31,10071065,description,3,8,482
31,10180905,description,3,8,77
31,10207353,description,3,8,74
31,10203233,description,3,8,194
31,10106229,description,3,8,362
31,10137127,description,3,8,660
31,10203339,title,3,8,41
31,10193605,description,3,8,198
31,10106181,title,3,8,83
31,10253451,description,3,8,1252
31,10207353,title,3,8,40
31,10180905,title,3,8,49
31,10184387,description,3,8,74
31,10193621,description,3,8,193
310,10145677,description,3,22,174
310,10181783,title,3,22,38
310,10181809,title,3,22,52
310,10145677,title,3,22,60
310,10145685,title,3,22,60
310,10181809,description,3,22,234
310,10181783,description,3,22,208
312,10174335,description,3,25,59
312,10174335,title,3,25,47
312,10132059,title,3,25,62
312,10132125,title,3,25,45
312,10098765,description,3,25,80
312,10098657,title,3,25,48
312,10132063,description,3,25,133
312,10098801,title,3,25,39
312,10132067,description,3,25,122
312,10080243,title,3,25,40
312,10132063,title,3,25,73
312,10163535,description,3,25,68
312,10098647,title,3,25,45
312,10098757,title,3,25,25
312,10263313,description,3,25,239
312,10098823,title,3,25,38
312,10163545,description,3,25,68
312,10098823,description,3,25,83
312,10132123,description,3,25,136
312,10098819,title,3,25,32
312,10132133,title,3,25,45
312,10132103,title,3,25,50
312,10098819,description,3,25,84
312,10098825,title,3,25,46
312,10098655,title,3,25,45
312,10132103,description,3,25,126
312,10098777,title,3,25,41
312,10263313,title,3,25,48
312,10132139,description,3,25,65
312,10163545,title,3,25,37
312,10163535,title,3,25,37
312,10132065,title,3,25,72
312,10132059,description,3,25,122
312,10098777,description,3,25,132
312,10098825,description,3,25,81
312,10132065,description,3,25,132
312,10132125,description,3,25,77
312,10098657,description,3,25,68
312,10098651,description,3,25,82
312,10132123,title,3,25,48
312,10098647,description,3,25,84
312,10080243,description,3,25,98
312,10098655,description,3,25,179
312,10132133,description,3,25,60
312,10098765,title,3,25,35
312,10132067,title,3,25,54
313,10025329,description,3,21,180
313,10025329,title,3,21,41
314,10265385,title,3,18,32
314,10263093,title,3,18,52
314,10206791,description,3,18,183
314,10186827,description,3,18,356
314,10185559,title,3,18,67
314,10207297,title,3,18,27
314,10222901,title,3,18,60
314,10263103,title,3,18,55
314,10185559,description,3,18,151
314,10186827,title,3,18,74
314,10263103,description,3,18,302
314,10264785,title,3,18,82
314,10266547,description,3,18,229
314,10222901,description,3,18,275
314,10263093,description,3,18,282
314,10207297,description,3,18,87
314,10206791,title,3,18,59
314,10264785,description,3,18,159
314,10266547,title,3,18,57
315,1003485,description,3,21,304
315,10253623,description,3,21,334
315,10253533,description,3,21,547
315,10248665,title,3,21,50
315,10248485,title,3,21,49
315,10253469,description,3,21,590
315,10253435,title,3,21,40
315,10248407,description,3,21,426
315,10248407,title,3,21,50
315,10253467,description,3,21,574
315,10253623,title,3,21,48
315,10248485,description,3,21,375
315,10253695,description,3,21,971
315,10253399,title,3,21,60
315,10248417,description,3,21,695
315,10253469,title,3,21,52
315,10253499,title,3,21,40
315,10253467,title,3,21,52
315,10253527,description,3,21,896
315,10253399,description,3,21,530
315,10234239,title,3,21,52
315,10253695,title,3,21,51
315,1003485,title,3,21,60
315,10253655,title,3,21,53
315,10262143,title,3,21,54
315,10253533,title,3,21,49
315,10253499,description,3,21,350
315,10253655,description,3,21,750
315,10253617,title,3,21,54
315,10248417,title,3,21,60
315,10253527,title,3,21,51
315,10253617,description,3,21,887
315,10234239,description,3,21,633
315,10253435,description,3,21,208
315,10262143,description,3,21,216
315,10248665,description,3,21,264
316,10234473,description,3,19,199
316,10101647,title,3,19,54
316,10261713,description,3,19,205
316,10110859,title,3,19,47
316,10108691,description,3,19,209
316,10226409,description,3,19,205
316,10246037,description,3,19,212
316,10110901,title,3,19,34
316,10088931,title,3,19,34
316,10261731,title,3,19,29
316,10108697,description,3,19,207
316,10129019,title,3,19,32
316,10063703,description,3,19,205
316,10234473,title,3,19,27
316,10128997,description,3,19,203
316,10234385,title,3,19,29
316,10234259,description,3,19,205
316,10234345,title,3,19,28
316,10208721,description,3,19,176
316,10261729,description,3,19,206
316,10234297,title,3,19,28
316,10245921,description,3,19,213
316,10129019,description,3,19,207
316,10234293,title,3,19,29
316,10193739,description,3,19,159
316,10234437,description,3,19,215
316,10234293,description,3,19,217
316,10239497,description,3,19,212
316,10108711,description,3,19,205
316,10234297,description,3,19,200
316,10234367,description,3,19,216
316,10246225,title,3,19,38
316,10261729,title,3,19,29
316,10063669,title,3,19,37
316,10124829,description,3,19,206
316,10101661,description,3,19,156
316,10234345,description,3,19,216
316,10234455,description,3,19,208
316,10246001,title,3,19,29
316,10234419,description,3,19,204
316,10108711,title,3,19,38
316,10063643,description,3,19,205
316,10208721,title,3,19,43
316,10194845,description,3,19,148
316,10124829,title,3,19,30
316,10246093,description,3,19,205
317,10263061,title,3,17,63
317,10207297,title,3,17,27
317,10268827,title,3,17,74
317,10268825,title,3,17,73
317,10264785,title,3,17,82
317,10268825,description,3,17,294
317,10266547,description,3,17,229
317,10266547,title,3,17,57
317,10263061,description,3,17,290
317,10264785,description,3,17,159
317,10268827,description,3,17,300
317,10207297,description,3,17,87
317,10265385,title,3,17,32
318,10212949,description,3,23,59
318,10212867,title,3,23,77
318,10244381,title,3,23,28
318,10145027,description,3,23,127
318,10145031,title,3,23,27
318,10145025,description,3,23,214
318,10212967,description,3,23,61
318,10212867,description,3,23,112
318,10145043,description,3,23,215
318,10212885,description,3,23,58
318,10145047,description,3,23,51
318,10212967,title,3,23,62
318,10145245,description,3,23,106
318,10213029,description,3,23,53
318,10144987,title,3,23,24
318,10001209,title,3,23,48
318,10145029,description,3,23,124
318,10212957,title,3,23,56
318,10212981,description,3,23,102
318,10213067,title,3,23,57
318,10145047,title,3,23,31
318,10145061,description,3,23,138
318,10212991,description,3,23,85
318,10145313,description,3,23,105
318,10213029,title,3,23,57
318,10145245,title,3,23,33
318,10212957,description,3,23,56
318,10001209,description,3,23,164
318,10212937,title,3,23,63
318,10144983,description,3,23,133
318,10144987,description,3,23,139
318,10212991,title,3,23,57
318,10213077,description,3,23,77
318,10203221,title,3,23,47
318,10180681,title,3,23,33
318,10213185,title,3,23,69
318,10244381,description,3,23,158
318,10244203,title,3,23,46
318,10212885,title,3,23,58
321,10235561,title,3,21,43
321,10235561,description,3,21,46
322,10206989,description,3,17,124
322,10206989,title,3,17,64
324,10265419,description,3,19,71
324,10207301,description,3,19,59
324,10207301,title,3,19,39
324,10235653,description,3,19,42
324,10265419,title,3,19,51
324,10207433,title,3,19,27
324,10235653,title,3,19,33
324,10207433,description,3,19,68
327,10163537,description,3,13,68
327,10163543,title,3,13,47
327,10163545,description,3,13,68
327,10098823,title,3,13,38
327,10098805,title,3,13,58
327,10098757,title,3,13,25
327,10098777,description,3,13,132
327,10098825,description,3,13,81
327,10163567,description,3,13,83
327,10163563,title,3,13,57
327,10098765,title,3,13,35
327,10098779,title,3,13,73
327,10163563,description,3,13,93
327,10163555,description,3,13,86
327,10163555,title,3,13,44
327,10098777,title,3,13,41
327,10098801,title,3,13,39
327,10163543,description,3,13,83
327,10098825,title,3,13,46
327,10080243,description,3,13,98
327,10098765,description,3,13,80
327,10163567,title,3,13,47
327,10163545,title,3,13,37
327,10163547,title,3,13,53
327,10098823,description,3,13,83
327,10080243,title,3,13,40
327,10098805,description,3,13,104
327,10098779,description,3,13,99
327,10163537,title,3,13,45
327,10098819,description,3,13,84
327,10098819,title,3,13,32
327,10163535,title,3,13,37
327,10163547,description,3,13,89
329,10162005,description,3,20,201
329,10012555,title,3,20,78
329,10012533,title,3,20,72
329,1016231,title,3,20,45
329,10162005,title,3,20,61
329,10012539,description,3,20,150
329,10247605,description,3,20,119
329,10247605,title,3,20,95
329,1000716,title,3,20,56
329,10012517,description,3,20,137
329,10012533,description,3,20,124
329,1016233,description,3,20,259
329,10012515,description,3,20,132
329,10012517,title,3,20,87
329,1016231,description,3,20,365
329,10012515,title,3,20,84
329,1000716,description,3,20,225
329,1016233,title,3,20,53
329,10012555,description,3,20,152
329,10161943,title,3,20,65
33,10266925,title,3,15,24
33,10117187,title,3,15,39
33,10111365,description,3,15,197
33,10166905,description,3,15,206
33,10119565,title,3,15,39
33,10074453,description,3,15,196
33,10253151,description,3,15,277
33,10030397,description,3,15,226
33,10015937,description,3,15,222
33,10117187,description,3,15,147
33,10030399,description,3,15,220
33,10129623,description,3,15,136
33,10138035,title,3,15,44
33,10129617,description,3,15,138
33,10267007,title,3,15,24
33,10138033,description,3,15,199
33,10234017,description,3,15,447
33,10074447,description,3,15,193
33,10137063,description,3,15,540
33,10036981,description,3,15,139
33,10119571,description,3,15,158
33,10101677,description,3,15,144
33,10101677,title,3,15,36
33,10030397,title,3,15,21
33,10122041,title,3,15,34
33,10017133,description,3,15,188
33,10137987,title,3,15,42
33,10030399,title,3,15,31
33,10071317,description,3,15,195
33,10137187,title,3,15,47
33,10127783,title,3,15,27
33,10111387,title,3,15,37
33,10266945,title,3,15,33
33,10137525,description,3,15,141
33,10248157,description,3,15,774
33,10017163,title,3,15,25
33,10266825,title,3,15,30
33,10007733,description,3,15,246
33,10074433,description,3,15,196
33,10006043,description,3,15,188
33,10029241,description,3,15,237
33,10018217,title,3,15,23
33,10266835,description,3,15,198
33,10001425,title,3,15,57
33,10252859,description,3,15,190
33,10101691,title,3,15,34
33,10266945,description,3,15,205
330,10247615,title,3,27,45
330,10193605,title,3,27,59
330,10137263,description,3,27,376
330,10193621,description,3,27,193
330,10244137,description,3,27,170
330,10203229,description,3,27,198
330,10137339,description,3,27,569
330,10244149,title,3,27,53
330,10244145,title,3,27,48
330,10137263,title,3,27,49
330,10247619,title,3,27,50
330,10137043,title,3,27,49
330,10253599,title,3,27,57
330,10247655,description,3,27,221
330,10071065,description,3,27,482
330,10203233,description,3,27,194
330,10243989,description,3,27,500
330,10244137,title,3,27,39
330,10247619,description,3,27,287
330,10244149,description,3,27,200
330,10193621,title,3,27,54
330,10203233,title,3,27,49
330,10243989,title,3,27,36
330,10253599,description,3,27,438
330,10244145,description,3,27,264
330,10247615,description,3,27,282
330,10137339,title,3,27,45
330,10247649,title,3,27,39
330,10193611,title,3,27,52
330,10247649,description,3,27,233
330,10247655,title,3,27,29
330,10203229,title,3,27,46
330,10137043,description,3,27,843
330,10193605,description,3,27,198
330,10193611,description,3,27,191
331,10029305,description,3,19,205
331,10181089,title,3,19,51
331,10110863,title,3,19,39
331,10208783,description,3,19,224
331,10208735,description,3,19,161
331,10208787,description,3,19,182
331,10029307,description,3,19,206
331,10029307,title,3,19,36
331,10208799,title,3,19,47
331,10208725,title,3,19,50
331,10208655,title,3,19,34
331,10208773,title,3,19,39
331,10020711,description,3,19,211
331,10208725,description,3,19,234
331,10110913,description,3,19,215
331,10208787,title,3,19,45
331,10029077,description,3,19,208
331,10185805,title,3,19,44
331,10185805,description,3,19,213
331,10124871,title,3,19,33
331,10110879,description,3,19,228
331,10029091,description,3,19,206
331,10208677,title,3,19,40
331,10208823,description,3,19,174
331,10181093,description,3,19,167
331,10029381,title,3,19,36
331,10259565,description,3,19,207
331,10029091,title,3,19,34
331,10124871,description,3,19,218
331,10208773,description,3,19,152
331,10208667,description,3,19,248
331,10208677,description,3,19,161
331,10110863,description,3,19,240
331,10208783,title,3,19,40
331,10110913,title,3,19,40
331,10208823,title,3,19,49
331,10208655,description,3,19,157
331,10029381,description,3,19,208
331,10020711,title,3,19,29
331,10208735,title,3,19,36
331,10029059,title,3,19,36
331,10208799,description,3,19,165
331,10208809,description,3,19,155
331,10181089,description,3,19,169
331,10110879,title,3,19,47
331,10029059,description,3,19,232
331,10259565,title,3,19,38
332,10198197,description,3,24,55
332,10014933,description,3,24,59
332,10014843,description,3,24,183
332,10014795,title,3,24,48
332,10014795,description,3,24,110
332,10214987,title,3,24,66
332,10014843,title,3,24,45
332,10198197,title,3,24,44
332,10214987,description,3,24,367
332,10014933,title,3,24,54
337,10135497,description,3,22,66
337,10135497,title,3,22,74
337,10135499,description,3,22,113
337,10198055,title,3,22,39
337,10014801,title,3,22,46
337,10014801,description,3,22,77
337,10014761,title,3,22,68
337,10161989,title,3,22,56
337,10014761,description,3,22,125
337,10161989,description,3,22,114
337,10198055,description,3,22,164
337,10135499,title,3,22,69
339,10166625,title,3,23,53
339,10031183,description,3,23,288
339,10214987,title,3,23,66
339,10031183,title,3,23,63
339,10014759,title,3,23,71
339,1016231,description,3,23,365
339,10014759,description,3,23,198
339,1016231,title,3,23,45
339,10198117,description,3,23,203
339,10125229,description,3,23,157
339,10125229,title,3,23,57
339,10198117,title,3,23,59
339,10214987,description,3,23,367
339,10166625,description,3,23,408
34,10073661,description,3,16,188
34,10073685,title,3,16,35
34,10073641,description,3,16,195
34,10073659,description,3,16,206
34,10073649,title,3,16,27
34,10186165,title,3,16,28
34,10186091,description,3,16,150
34,10074713,title,3,16,29
34,10186091,title,3,16,29
34,10073631,description,3,16,214
34,10186337,description,3,16,156
34,10186307,description,3,16,169
34,10254773,description,3,16,105
34,10186637,description,3,16,152
34,10073653,title,3,16,29
34,10186337,title,3,16,35
34,10186165,description,3,16,149
34,10186307,title,3,16,46
34,10073653,description,3,16,190
34,10025345,description,3,16,205
34,10073625,description,3,16,177
34,10186551,description,3,16,150
34,10186319,title,3,16,29
34,10073685,description,3,16,213
34,10117345,description,3,16,146
34,10254773,title,3,16,47
34,10073623,description,3,16,212
34,10117345,title,3,16,38
34,10159501,description,3,16,231
34,10186551,title,3,16,29
34,10186319,description,3,16,151
34,10073645,title,3,16,28
34,10073667,description,3,16,214
34,10074713,description,3,16,71
34,10159501,title,3,16,39
34,10025345,title,3,16,28
34,10073645,description,3,16,206
34,10073631,title,3,16,37
34,10073677,description,3,16,188
34,10186487,description,3,16,156
34,10186637,title,3,16,31
34,10073625,title,3,16,29
34,10186247,description,3,16,144
34,10073659,title,3,16,28
340,10196893,title,3,26,48
340,10247471,title,3,26,68
340,10250619,title,3,26,56
340,10196897,title,3,26,43
340,10196893,description,3,26,96
340,10247475,description,3,26,118
340,10250619,description,3,26,119
340,10247479,title,3,26,61
340,10196897,description,3,26,87
340,10247471,description,3,26,152
340,10213419,title,3,26,67
340,10247483,description,3,26,117
340,10213419,description,3,26,139
340,10247483,title,3,26,64
340,10247479,description,3,26,132
340,10244695,description,3,26,76
340,10247475,title,3,26,54
340,10244695,title,3,26,27
342,10018865,title,3,17,54
342,10018911,description,3,17,221
342,10018919,description,3,17,229
342,10018903,title,3,17,52
342,10018913,title,3,17,50
342,10018889,title,3,17,51
342,10018871,title,3,17,54
342,10018905,description,3,17,227
342,10018869,description,3,17,228
342,10018899,title,3,17,45
342,10018895,title,3,17,43
342,10018861,title,3,17,44
342,10018921,description,3,17,231
342,10018871,description,3,17,230
342,10018885,description,3,17,229
342,10018897,title,3,17,51
342,10018893,description,3,17,221
342,10018881,title,3,17,53
342,10018891,description,3,17,211
342,10018863,title,3,17,52
342,10018875,description,3,17,214
342,10018917,title,3,17,50
342,10018867,title,3,17,51
342,10018861,description,3,17,214
342,10018917,description,3,17,227
342,10018881,description,3,17,237
344,10162005,description,3,20,201
344,10014759,title,3,20,71
344,10162009,title,3,20,57
344,10162009,description,3,20,78
344,10214987,title,3,20,66
344,10162005,title,3,20,61
344,10214987,description,3,20,367
344,10161969,title,3,20,56
344,10014759,description,3,20,198
345,10208713,description,3,26,128
345,10127995,description,3,26,131
345,10127995,title,3,26,33
345,10108753,description,3,26,130
345,10181071,title,3,26,60
345,10181071,description,3,26,136
345,10108753,title,3,26,37
345,10208713,title,3,26,46
346,10135429,description,3,21,241
346,10198055,description,3,21,164
346,10135511,description,3,21,100
346,10014761,title,3,21,68
346,10161959,description,3,21,201
346,10014837,description,3,21,104
346,10214987,title,3,21,66
346,10125229,title,3,21,57
346,10135489,title,3,21,69
346,10012519,description,3,21,90
346,10012555,title,3,21,78
346,10125213,title,3,21,67
346,10135429,title,3,21,73
346,10161905,title,3,21,48
346,10012519,title,3,21,58
346,10162009,title,3,21,57
346,10135527,title,3,21,84
346,10135443,title,3,21,61
346,10135489,description,3,21,109
346,10135527,description,3,21,116
346,10012539,description,3,21,150
346,10135481,title,3,21,61
346,10198177,title,3,21,46
346,10162005,title,3,21,61
346,10135481,description,3,21,107
346,10247611,title,3,21,87
346,10161959,title,3,21,60
346,10014837,title,3,21,59
346,10125229,description,3,21,157
346,10135513,title,3,21,77
346,10198047,description,3,21,96
346,10012555,description,3,21,152
346,10198047,title,3,21,43
346,10198177,description,3,21,93
346,10012497,description,3,21,110
346,10247611,description,3,21,98
346,10012517,description,3,21,137
346,10125231,title,3,21,63
346,10135443,description,3,21,85
346,10214987,description,3,21,367
346,10012517,title,3,21,87
346,10012497,title,3,21,72
346,10125213,description,3,21,175
346,10012533,title,3,21,72
346,10135511,title,3,21,50
346,10135485,title,3,21,66
346,10161985,title,3,21,63
347,10213933,description,3,34,128
347,10039011,title,3,34,56
347,10213377,description,3,34,112
347,10213377,title,3,34,59
347,10039011,description,3,34,110
347,10213933,title,3,34,84
348,10244575,title,3,23,42
348,10244575,description,3,23,114
349,10021555,title,3,19,54
349,10040391,title,3,19,57
349,10018935,description,3,19,397
349,10021559,description,3,19,71
349,10018985,description,3,19,576
349,10018985,title,3,19,63
349,10021549,title,3,19,44
349,10021559,title,3,19,53
349,10018983,title,3,19,77
349,10040389,description,3,19,86
349,10018935,title,3,19,73
349,10021543,title,3,19,61
349,10021549,description,3,19,79
349,10018983,description,3,19,585
351,10198047,description,3,20,96
351,10161959,description,3,20,201
351,10125229,description,3,20,157
351,10135481,title,3,20,61
351,10162005,title,3,20,61
351,10198055,description,3,20,164
351,10161929,title,3,20,60
351,10161905,title,3,20,48
351,10125229,title,3,20,57
351,10161985,title,3,20,63
351,10135489,description,3,20,109
351,10135429,description,3,20,241
351,10198047,title,3,20,43
351,10135429,title,3,20,73
351,10198055,title,3,20,39
351,10214987,description,3,20,367
351,10135481,description,3,20,107
351,10135489,title,3,20,69
351,10214987,title,3,20,66
353,10184821,title,3,28,50
353,10245997,description,3,28,215
353,10261731,description,3,28,205
353,10208701,title,3,28,47
353,10234367,description,3,28,216
353,10110873,title,3,28,40
353,10177951,title,3,28,56
353,10181097,title,3,28,41
353,10181097,description,3,28,154
353,10261731,title,3,28,29
353,10226409,title,3,28,44
353,10072339,description,3,28,149
353,10261673,title,3,28,29
353,10088907,description,3,28,205
353,10088931,description,3,28,205
353,10234397,description,3,28,205
353,10234403,description,3,28,216
353,10208701,description,3,28,162
353,10246225,description,3,28,213
353,10088949,description,3,28,204
353,10208691,description,3,28,163
353,10074559,title,3,28,35
353,10177951,description,3,28,166
353,10234367,title,3,28,28
353,10029119,description,3,28,204
353,10261673,description,3,28,205
353,10234361,description,3,28,214
353,10208691,title,3,28,41
353,10144505,description,3,28,229
353,10246037,title,3,28,36
353,10246229,title,3,28,33
353,10239497,title,3,28,35
353,10234385,description,3,28,217
353,10088907,title,3,28,35
353,10234473,title,3,28,27
353,10179817,description,3,28,152
353,10074559,description,3,28,220
353,10072339,title,3,28,28
353,10234297,description,3,28,200
353,10245997,title,3,28,42
353,10208659,description,3,28,161
353,10110873,description,3,28,210
353,10234473,description,3,28,199
353,10088949,title,3,28,40
353,10234437,description,3,28,215
353,10234419,description,3,28,204
353,10234397,title,3,28,29
354,1016231,title,3,19,45
354,1016231,description,3,19,365
354,1016233,title,3,19,53
354,1016233,description,3,19,259
357,10003797,title,3,16,59
357,10003853,description,3,16,203
357,10003845,description,3,16,207
357,10003811,title,3,16,67
357,10003803,title,3,16,67
357,10003801,description,3,16,201
357,10003821,description,3,16,157
357,10003833,description,3,16,205
357,10003827,description,3,16,204
357,10003813,description,3,16,203
357,10003849,title,3,16,68
357,10003829,description,3,16,206
357,10003847,title,3,16,71
357,10003831,description,3,16,165
357,10003835,title,3,16,76
357,10003855,description,3,16,159
357,10146213,description,3,16,118
357,10146231,title,3,16,47
357,10003837,description,3,16,204
357,10146231,description,3,16,117
358,10131767,description,3,23,79
358,10250881,title,3,23,57
358,10250797,description,3,23,175
358,10250811,title,3,23,47
358,10250797,title,3,23,65
358,10250881,description,3,23,177
358,10250811,description,3,23,135
358,10250787,description,3,23,145
358,10250809,title,3,23,61
358,10250887,description,3,23,208
358,10131789,title,3,23,52
358,10250831,title,3,23,69
358,10131769,description,3,23,80
358,10131789,description,3,23,107
358,10131767,title,3,23,54
358,10250809,description,3,23,159
358,10250803,title,3,23,63
358,10131769,title,3,23,55
358,10250787,title,3,23,49
358,10250887,title,3,23,84
358,10250803,description,3,23,148
358,10250831,description,3,23,179
359,10161905,description,3,20,201
359,10161905,title,3,20,48
359,10125229,description,3,20,157
359,10125229,title,3,20,57
360,10226503,title,3,25,38
360,10131743,title,3,25,30
360,10234427,description,3,25,215
360,10063703,title,3,25,37
360,10261713,description,3,25,205
360,10131693,title,3,25,33
360,10144505,title,3,25,29
360,10234407,description,3,25,212
360,10234259,title,3,25,29
360,10131739,title,3,25,38
360,10234397,description,3,25,205
360,10088907,title,3,25,35
360,10234297,description,3,25,200
360,10234259,description,3,25,205
360,10226437,title,3,25,47
360,10131617,description,3,25,221
360,10226589,title,3,25,39
360,10226589,description,3,25,208
360,10088907,description,3,25,205
360,10063703,description,3,25,205
360,10261673,description,3,25,205
360,10226409,title,3,25,44
360,10144865,title,3,25,34
360,10131621,title,3,25,29
360,10226437,description,3,25,217
360,10131621,description,3,25,211
360,10131715,description,3,25,226
360,10226457,description,3,25,208
360,10174691,title,3,25,32
360,10063643,description,3,25,205
360,10174691,description,3,25,154
360,10131739,description,3,25,223
360,10131743,description,3,25,233
360,10226395,title,3,25,37
360,10144505,description,3,25,229
360,10226503,description,3,25,206
360,10131735,description,3,25,235
360,10063643,title,3,25,31
360,10261713,title,3,25,29
360,10131735,title,3,25,39
360,10226457,title,3,25,38
360,10131693,description,3,25,236
360,10226675,description,3,25,210
360,10131617,title,3,25,35
360,10226395,description,3,25,207
360,10234427,title,3,25,30
360,10226675,title,3,25,42
361,10224555,description,3,16,151
361,10224555,title,3,16,59
361,10104827,title,3,16,37
361,10206989,title,3,16,64
361,10207301,description,3,16,59
361,10206765,description,3,16,113
361,10234505,title,3,16,66
361,10265419,description,3,16,71
361,10207309,title,3,16,37
361,10265419,title,3,16,51
361,10263103,title,3,16,55
361,10207433,title,3,16,27
361,10206989,description,3,16,124
361,1001050,description,3,16,275
361,1001050,title,3,16,58
361,10107021,title,3,16,60
361,10197027,title,3,16,58
361,10207309,description,3,16,71
361,10107021,description,3,16,89
361,10234505,description,3,16,342
361,10197027,description,3,16,135
361,10104827,description,3,16,101
361,10207301,title,3,16,39
361,10206765,title,3,16,50
361,10263103,description,3,16,302
361,10207433,description,3,16,68
365,10186693,description,3,19,89
365,10186693,title,3,19,26
366,1000745,title,3,21,37
366,1000745,description,3,21,82
366,10031183,description,3,21,288
366,1000710,description,3,21,164
366,10031117,title,3,21,70
366,1000710,title,3,21,38
366,10180427,title,3,21,54
366,1000746,description,3,21,79
366,10031183,title,3,21,63
366,10031117,description,3,21,314
366,10180427,description,3,21,139
368,10131653,title,3,28,40
368,10129019,description,3,28,207
368,10044851,title,3,28,36
368,10131735,description,3,28,235
368,10131653,description,3,28,250
368,10129019,title,3,28,32
368,10044851,description,3,28,155
368,10088931,title,3,28,34
368,10088931,description,3,28,205
368,10131735,title,3,28,39
37,10135639,title,3,14,53
37,10135607,description,3,14,87
37,10241901,description,3,14,64
37,10187809,title,3,14,38
37,10064579,title,3,14,50
37,10064585,title,3,14,50
37,10062309,description,3,14,152
37,10043685,description,3,14,96
37,10274081,description,3,14,90
37,10157337,description,3,14,100
37,10215661,title,3,14,46
37,10187797,description,3,14,81
37,10062229,title,3,14,45
37,10043749,title,3,14,55
37,10146133,description,3,14,76
37,10135633,description,3,14,67
37,10062273,title,3,14,69
37,10187847,title,3,14,44
37,10274081,title,3,14,41
37,10157133,description,3,14,78
37,10043639,description,3,14,69
37,10194007,description,3,14,85
37,10111323,description,3,14,102
37,10215805,title,3,14,62
37,10255437,description,3,14,73
37,1010960,description,3,14,58
37,10157101,description,3,14,85
37,10062309,title,3,14,67
37,10247247,description,3,14,108
37,10043665,description,3,14,68
37,10215661,description,3,14,81
37,10177971,description,3,14,79
37,10255497,title,3,14,42
37,1010960,title,3,14,35
37,10187761,description,3,14,71
37,10146165,title,3,14,55
37,10157901,title,3,14,34
37,10111323,title,3,14,64
37,10106459,title,3,14,52
37,10136439,title,3,14,57
37,10157361,description,3,14,82
37,10157011,description,3,14,84
37,10033967,title,3,14,37
37,10157261,description,3,14,93
37,1003778,description,3,14,79
37,10187821,description,3,14,80
37,10135639,description,3,14,92
37,10064579,description,3,14,92
37,10255411,description,3,14,66
37,10215677,description,3,14,92
375,10108697,title,3,28,30
375,10234369,title,3,28,35
375,10234473,description,3,28,199
375,10234383,description,3,28,217
375,10234345,title,3,28,28
375,10234365,description,3,28,207
375,10234367,title,3,28,28
375,10234473,title,3,28,27
375,10245921,title,3,28,33
375,10234369,description,3,28,206
375,10038835,title,3,28,35
375,10234437,description,3,28,215
375,10234293,title,3,28,29
375,10038835,description,3,28,161
375,10234293,description,3,28,217
375,10246001,description,3,28,209
375,10234465,description,3,28,208
375,10234367,description,3,28,216
375,10245921,description,3,28,213
375,10246001,title,3,28,29
375,10234419,description,3,28,204
375,10234385,title,3,28,29
375,10108697,description,3,28,207
375,10246225,title,3,28,38
375,10234385,description,3,28,217
375,10246225,description,3,28,213
375,10234345,description,3,28,216
376,10166627,description,3,20,248
376,10085039,description,3,20,109
376,10085025,description,3,20,109
376,10085025,title,3,20,66
376,10084985,title,3,20,77
376,10038141,description,3,20,102
376,10166625,title,3,20,53
376,10038141,title,3,20,77
376,10274875,description,3,20,105
376,10084985,description,3,20,115
376,10085047,description,3,20,108
376,10085047,title,3,20,65
376,10084973,description,3,20,98
376,10274899,description,3,20,102
376,10166627,title,3,20,65
376,10274899,title,3,20,82
376,10166625,description,3,20,408
376,10274875,title,3,20,82
376,10085039,title,3,20,66
376,10084973,title,3,20,57
379,10196835,title,3,19,52
379,10211863,description,3,19,73
379,10196835,description,3,19,371
379,10211863,title,3,19,69
38,10135429,title,3,11,73
38,10214973,description,3,11,299
38,1016231,description,3,11,365
38,10161969,description,3,11,201
38,10014829,description,3,11,208
38,10014843,description,3,11,183
38,10161943,title,3,11,65
38,10014815,title,3,11,45
38,1016233,description,3,11,259
38,10031117,title,3,11,70
38,10012551,title,3,11,54
38,10198067,description,3,11,61
38,10182203,title,3,11,56
38,10031183,description,3,11,288
38,10198199,description,3,11,185
38,10198199,title,3,11,48
38,1016233,title,3,11,53
38,10166625,title,3,11,53
38,10198195,title,3,11,44
38,10014843,title,3,11,45
38,10198067,title,3,11,48
38,10182203,description,3,11,76
38,10014759,title,3,11,71
38,10198117,description,3,11,203
38,10161985,title,3,11,63
38,10135429,description,3,11,241
38,10198207,title,3,11,39
38,10198207,description,3,11,189
38,10139539,description,3,11,222
38,10161905,title,3,11,48
38,10031117,description,3,11,314
38,10161929,title,3,11,60
38,10014815,description,3,11,218
38,10214987,title,3,11,66
38,10161969,title,3,11,56
38,10014829,title,3,11,52
38,10139555,title,3,11,54
38,10135509,title,3,11,77
38,10139533,title,3,11,71
38,10166625,description,3,11,408
38,10139539,title,3,11,72
38,10198135,title,3,11,59
38,10139555,description,3,11,258
380,10134393,title,3,21,49
380,10134397,title,3,21,59
380,10250387,title,3,21,40
380,10134397,description,3,21,77
380,10134379,title,3,21,44
380,10250387,description,3,21,124
380,10134379,description,3,21,67
380,10134393,description,3,21,72
380,10250081,title,3,21,46
380,10134377,description,3,21,63
380,10143649,title,3,21,59
380,10250081,description,3,21,122
380,10143649,description,3,21,77
380,10134377,title,3,21,40
381,10181025,description,3,24,85
381,10014829,description,3,24,208
381,10181025,title,3,24,40
381,10145433,description,3,24,90
381,10145433,title,3,24,58
381,10014829,title,3,24,52
384,10139541,title,3,21,72
384,10139533,description,3,21,278
384,10139533,title,3,21,71
384,10139561,description,3,21,135
384,10139541,description,3,21,137
384,10139559,title,3,21,64
384,10139555,title,3,21,54
384,10139543,description,3,21,146
384,10139559,description,3,21,127
384,10139543,title,3,21,81
384,10139547,description,3,21,137
384,10139561,title,3,21,70
384,10139555,description,3,21,258
384,10139547,title,3,21,72
386,10244421,title,3,25,27
386,10244421,description,3,25,121
387,10211863,description,3,16,73
387,10211863,title,3,16,69
389,10162003,title,3,25,54
389,10135523,description,3,25,120
389,10214987,description,3,25,367
389,10162003,description,3,25,106
389,10125231,title,3,25,63
389,10012555,description,3,25,152
389,10247605,description,3,25,119
389,10135507,title,3,25,88
389,10125213,description,3,25,175
389,10012517,description,3,25,137
389,10012533,description,3,25,124
389,10247611,title,3,25,87
389,10125213,title,3,25,67
389,10247611,description,3,25,98
389,10198177,description,3,25,93
389,10012533,title,3,25,72
389,10247605,title,3,25,95
389,10012517,title,3,25,87
389,1016233,title,3,25,53
389,10214987,title,3,25,66
389,10198177,title,3,25,46
389,10198047,title,3,25,43
389,1016233,description,3,25,259
389,10198047,description,3,25,96
389,10012555,title,3,25,78
389,10125231,description,3,25,175
389,10135523,title,3,25,90
39,10098651,description,3,14,82
39,10098661,title,3,14,57
39,10098655,description,3,14,179
39,10132133,title,3,14,45
39,10132123,description,3,14,136
39,10098647,description,3,14,84
39,10132139,description,3,14,65
39,10132125,description,3,14,77
39,10098655,title,3,14,45
39,10239619,description,3,14,59
39,10239619,title,3,14,47
39,10174335,description,3,14,59
39,10098661,description,3,14,66
39,10132131,description,3,14,67
39,10098657,description,3,14,68
39,10027197,title,3,14,61
39,10132133,description,3,14,60
39,10098651,title,3,14,45
39,10132135,description,3,14,63
39,10174335,title,3,14,47
39,10132131,title,3,14,54
39,10132125,title,3,14,45
39,10132135,title,3,14,54
39,10027197,description,3,14,89
39,10098657,title,3,14,48
39,10132123,title,3,14,48
391,10180431,title,3,21,84
391,10161919,title,3,21,58
391,10161959,description,3,21,201
391,10125241,title,3,21,62
391,10180397,description,3,21,88
391,10161959,title,3,21,60
391,10014815,title,3,21,45
391,10161953,description,3,21,101
391,10014785,description,3,21,107
391,10014783,description,3,21,105
391,10166627,description,3,21,248
391,10180477,title,3,21,74
391,10166627,title,3,21,65
391,10180431,description,3,21,213
391,10180397,title,3,21,69
391,10180391,title,3,21,69
391,10014815,description,3,21,218
391,10014783,title,3,21,62
391,10014785,title,3,21,61
391,10014825,title,3,21,61
391,10180441,title,3,21,70
391,10180477,description,3,21,115
391,10014761,description,3,21,125
391,10180441,description,3,21,112
391,10014761,title,3,21,68
391,10125241,description,3,21,195
391,10161955,title,3,21,52
391,10180391,description,3,21,88
391,10014825,description,3,21,82
394,10196835,description,3,19,371
394,10196835,title,3,19,52
394,10211863,title,3,19,69
394,10211863,description,3,19,73
395,10236821,title,3,23,44
395,10236821,description,3,23,112
395,10251167,title,3,23,62
395,10251167,description,3,23,116
396,1000729,description,3,22,199
396,1000712,title,3,22,48
396,1000743,title,3,22,50
396,1000713,description,3,22,143
396,1000716,title,3,22,56
396,1000743,description,3,22,237
396,1000714,description,3,22,218
396,1000729,title,3,22,50
396,1000716,description,3,22,225
396,1000709,title,3,22,29
396,1000717,description,3,22,209
396,1000746,title,3,22,37
396,1000710,description,3,22,164
396,1000744,description,3,22,93
396,1000746,description,3,22,79
396,1000741,description,3,22,172
396,1000710,title,3,22,38
396,1000717,title,3,22,55
396,1000745,description,3,22,82
396,1000712,description,3,22,182
396,1000744,title,3,22,36
396,1000709,description,3,22,73
399,10031035,title,3,20,68
399,10207433,description,3,20,68
399,10031035,description,3,20,227
399,10207433,title,3,20,27
402,10263313,title,3,17,48
402,10263311,title,3,17,45
402,10263311,description,3,17,191
402,10263313,description,3,17,239
403,10135427,description,3,15,100
403,10139009,description,3,15,149
403,10139015,description,3,15,140
403,10139009,title,3,15,54
403,10135427,title,3,15,74
404,1016231,title,3,21,45
404,1016231,description,3,21,365
406,10014765,title,3,29,71
406,1000744,title,3,29,36
406,1000709,description,3,29,73
406,10031117,title,3,29,70
406,10135471,title,3,29,71
406,10031117,description,3,29,314
406,10012551,title,3,29,54
406,10014765,description,3,29,138
406,10012551,description,3,29,128
406,10135471,description,3,29,118
406,10145427,title,3,29,82
406,1000709,title,3,29,29
406,10145427,description,3,29,130
406,1000744,description,3,29,93
410,10012497,description,3,17,110
410,10014943,description,3,17,99
410,10198091,description,3,17,102
410,10014933,title,3,17,54
410,10198209,description,3,17,111
410,10014933,description,3,17,59
410,10198095,title,3,17,55
410,10198091,title,3,17,47
410,10012519,title,3,17,58
410,10012515,description,3,17,132
410,10198209,title,3,17,48
410,10012497,title,3,17,72
410,10198061,title,3,17,54
410,10012515,title,3,17,84
410,10012519,description,3,17,90
413,10007763,title,3,25,63
413,10007743,description,3,25,284
413,10007743,title,3,25,62
413,10007763,description,3,25,320
419,10012519,description,3,11,90
419,10012519,title,3,11,58
42,10262755,title,3,14,69
42,10256977,title,3,14,46
42,10262895,description,3,14,293
42,10257041,title,3,14,36
42,10257025,title,3,14,77
42,10038557,title,3,14,78
42,10256947,description,3,14,112
42,10257011,description,3,14,128
42,10262895,title,3,14,80
42,1013864,title,3,14,40
42,10257047,title,3,14,67
42,10262947,title,3,14,66
42,10028797,description,3,14,125
42,10038559,title,3,14,65
42,10262881,description,3,14,245
42,10257027,description,3,14,98
42,10256911,title,3,14,80
42,1010498,description,3,14,112
42,10262853,description,3,14,96
42,10274509,description,3,14,121
42,1010498,title,3,14,27
42,10256851,description,3,14,90
42,10262863,description,3,14,275
42,10256899,description,3,14,93
42,10262865,description,3,14,281
42,10013073,description,3,14,128
42,10257007,title,3,14,50
42,10257017,title,3,14,67
42,10257045,title,3,14,55
42,10001281,title,3,14,40
42,10257027,title,3,14,62
42,10235405,description,3,14,660
42,10256975,description,3,14,92
42,10262879,title,3,14,79
42,10257017,description,3,14,152
42,1013866,title,3,14,34
42,10256911,description,3,14,94
42,10222883,title,3,14,69
42,10020179,description,3,14,126
42,10256985,description,3,14,111
42,10262865,title,3,14,80
42,10001281,description,3,14,311
42,10038513,title,3,14,61
42,10020145,title,3,14,51
42,10028541,title,3,14,58
42,10256973,title,3,14,74
42,10235405,title,3,14,33
42,1010500,title,3,14,28
42,10038557,description,3,14,124
420,10174685,description,3,28,197
420,10174689,title,3,28,28
420,10174689,description,3,28,197
420,10111027,title,3,28,38
420,10007835,description,3,28,223
420,10144179,title,3,28,41
420,10111027,description,3,28,132
420,10007835,title,3,28,43
420,10174685,title,3,28,28
420,10144179,description,3,28,191
425,10052367,description,3,23,332
425,10052441,title,3,23,51
425,1022177,title,3,23,46
425,10052317,title,3,23,38
425,1022177,description,3,23,805
425,1022184,description,3,23,345
425,1022179,description,3,23,313
425,1022184,title,3,23,48
425,10052441,description,3,23,378
425,10052367,title,3,23,40
425,10052137,title,3,23,41
425,10052317,description,3,23,310
425,10246505,title,3,23,39
425,1022179,title,3,23,45
425,10052137,description,3,23,309
425,10246505,description,3,23,291
425,10052635,title,3,23,41
426,10166625,title,3,17,53
426,10161943,title,3,17,65
426,10166625,description,3,17,408
426,10161943,description,3,17,201
427,10244149,description,3,25,200
427,10244149,title,3,25,53
427,10193605,description,3,25,198
427,10247655,title,3,25,29
427,10137043,description,3,25,843
427,10137043,title,3,25,49
427,10247655,description,3,25,221
427,10193605,title,3,25,59
43,10001715,description,3,14,371
43,10001899,title,3,14,21
43,10266643,title,3,14,43
43,10266643,description,3,14,458
43,10001445,description,3,14,231
43,10001899,description,3,14,437
43,10240213,title,3,14,48
43,10266661,description,3,14,314
43,10001003,title,3,14,46
43,10266647,title,3,14,38
43,10001445,title,3,14,57
43,10266661,title,3,14,45
43,10001715,title,3,14,15
43,10002393,description,3,14,195
43,10266603,description,3,14,311
43,10266603,title,3,14,34
43,10002393,title,3,14,45
43,10266625,description,3,14,49
43,10266625,title,3,14,50
43,10240213,description,3,14,472
433,10038731,description,3,22,93
433,10137775,title,3,22,42
433,10198389,description,3,22,74
433,10180407,title,3,22,53
433,10180407,description,3,22,57
433,10137713,description,3,22,113
433,10137713,title,3,22,66
433,10137775,description,3,22,56
433,10198389,title,3,22,49
433,10038731,title,3,22,50
433,10198379,description,3,22,89
433,10198379,title,3,22,55
434,10106603,title,3,20,65
434,10106609,description,3,20,96
434,10139533,title,3,20,71
434,10106589,description,3,20,97
434,10106613,title,3,20,70
434,10106589,title,3,20,51
434,10139533,description,3,20,278
434,10106591,title,3,20,51
434,10106603,description,3,20,109
434,10139555,title,3,20,54
434,10106609,title,3,20,50
434,10106613,description,3,20,100
434,10139555,description,3,20,258
434,10106591,description,3,20,97
44,10014817,description,3,19,83
44,10225943,description,3,19,283
44,10180935,title,3,19,56
44,10180987,title,3,19,48
44,10198123,description,3,19,87
44,10274891,description,3,19,68
44,10133369,title,3,19,85
44,10180935,description,3,19,75
44,10133363,title,3,19,81
44,10180987,description,3,19,86
44,10161863,description,3,19,63
44,10180481,title,3,19,59
44,10178285,title,3,19,60
44,10014845,title,3,19,52
44,10198073,title,3,19,59
44,10225909,description,3,19,299
44,10040095,title,3,19,67
44,10181019,title,3,19,48
44,10251581,description,3,19,92
44,10180473,title,3,19,48
44,10180397,title,3,19,69
44,10198085,description,3,19,89
44,10166627,title,3,19,65
44,10182203,description,3,19,76
44,10014825,title,3,19,61
44,10180929,description,3,19,82
44,10225909,title,3,19,42
44,10181003,description,3,19,56
44,10266661,title,3,19,45
44,10180373,title,3,19,56
44,10198225,title,3,19,37
44,10251581,title,3,19,44
44,10274867,title,3,19,40
44,10181003,title,3,19,46
44,10166625,description,3,19,408
44,10181019,description,3,19,60
44,10180481,description,3,19,87
44,10040095,description,3,19,79
44,10014817,title,3,19,51
44,10182203,title,3,19,56
44,10198225,description,3,19,88
44,10198073,description,3,19,88
44,10014825,description,3,19,82
44,10180929,title,3,19,51
44,10225943,title,3,19,38
44,10180397,description,3,19,88
44,10014845,description,3,19,107
440,10251115,title,3,24,73
440,10251139,description,3,24,122
440,10251057,title,3,24,54
440,10251159,title,3,24,67
440,10251159,description,3,24,115
440,10251057,description,3,24,94
447,10263311,description,3,20,191
447,10098667,title,3,20,37
447,10263311,title,3,20,45
447,10098667,description,3,20,112
448,10247605,description,3,22,119
448,10139027,description,3,22,125
448,10139027,title,3,22,46
448,10247605,title,3,22,95
448,10247611,title,3,22,87
448,10247611,description,3,22,98
449,10263103,description,3,16,302
449,10207433,description,3,16,68
449,10207419,description,3,16,147
449,10207419,title,3,16,58
449,10263103,title,3,16,55
449,10207433,title,3,16,27
458,10137995,description,3,30,207
458,10138011,description,3,30,228
458,10029357,title,3,30,52
458,10138013,description,3,30,204
458,10111387,title,3,30,37
458,10223307,title,3,30,46
458,10122041,title,3,30,34
458,10111365,description,3,30,197
458,10186993,description,3,30,138
458,10208781,title,3,30,45
458,10111387,description,3,30,197
458,10138009,description,3,30,233
458,10138015,description,3,30,199
458,10138009,title,3,30,50
458,10138033,title,3,30,44
458,10138013,title,3,30,49
458,10029021,title,3,30,52
458,10029357,description,3,30,220
458,10208781,description,3,30,141
458,10111385,description,3,30,202
458,10223295,title,3,30,37
458,10144187,title,3,30,45
458,10119565,description,3,30,153
458,10138019,title,3,30,61
458,10111365,title,3,30,64
458,10138019,description,3,30,221
458,10252845,title,3,30,49
458,10138039,description,3,30,200
458,10119531,title,3,30,34
458,10138015,title,3,30,44
458,10252845,description,3,30,700
458,10033165,title,3,30,36
458,10129623,title,3,30,33
458,10137983,title,3,30,56
458,10111373,title,3,30,44
458,10138037,title,3,30,45
458,10122041,description,3,30,135
458,10129617,title,3,30,35
458,10137525,title,3,30,35
458,10129623,description,3,30,136
458,10137525,description,3,30,141
458,10129615,description,3,30,138
458,10015937,description,3,30,222
458,10223307,description,3,30,208
458,10119531,description,3,30,137
459,10014843,title,3,19,45
459,1016231,description,3,19,365
459,10135429,title,3,19,73
459,1016233,title,3,19,53
459,10161985,title,3,19,63
459,1016231,title,3,19,45
459,10014759,description,3,19,198
459,10135429,description,3,19,241
459,10014843,description,3,19,183
459,10161905,title,3,19,48
459,10161959,description,3,19,201
459,10014815,description,3,19,218
459,10139533,title,3,19,71
459,10139533,description,3,19,278
459,10198207,description,3,19,189
459,10198083,description,3,19,194
459,10031183,title,3,19,63
459,10198083,title,3,19,39
459,1016233,description,3,19,259
459,10214987,description,3,19,367
459,10166625,title,3,19,53
459,10031183,description,3,19,288
459,10012551,title,3,19,54
459,10012551,description,3,19,128
459,10214987,title,3,19,66
459,10161943,title,3,19,65
459,10014759,title,3,19,71
459,10166625,description,3,19,408
459,10161929,title,3,19,60
459,10014815,title,3,19,45
46,10017495,title,3,14,58
46,10110795,title,3,14,75
46,10110799,description,3,14,64
46,10259291,title,3,14,52
46,10017489,description,3,14,163
46,10259285,description,3,14,103
46,10110795,description,3,14,64
46,10110797,title,3,14,75
46,10017489,title,3,14,70
46,10259291,description,3,14,104
46,10259285,title,3,14,51
46,10017495,description,3,14,155
46,10110799,title,3,14,71
46,10110797,description,3,14,64
464,10180395,title,3,16,43
464,10014761,description,3,16,125
464,10014831,title,3,16,68
464,10180395,description,3,16,120
464,10014801,description,3,16,77
464,10198177,description,3,16,93
464,10014831,description,3,16,129
464,10014837,description,3,16,104
464,10014837,title,3,16,59
464,10014761,title,3,16,68
464,10198177,title,3,16,46
464,10014795,description,3,16,110
464,10014801,title,3,16,46
464,10014795,title,3,16,48
465,10208809,title,3,27,40
465,10029091,title,3,27,34
465,10029059,description,3,27,232
465,10259565,title,3,27,38
465,10029381,description,3,27,208
465,10029305,title,3,27,36
465,10029091,description,3,27,206
465,10029305,description,3,27,205
465,10029101,description,3,27,207
465,10029381,title,3,27,36
465,10029307,description,3,27,206
465,10208809,description,3,27,155
465,10020711,title,3,27,29
465,10259565,description,3,27,207
465,10020711,description,3,27,211
465,10208783,description,3,27,224
465,10029059,title,3,27,36
468,10244671,description,3,26,158
468,10244671,title,3,26,33
469,10003831,title,3,24,65
469,10003805,description,3,24,157
469,10003843,title,3,24,59
469,10003849,description,3,24,206
469,10003847,description,3,24,207
469,10003801,description,3,24,201
469,10003825,description,3,24,203
469,10003837,title,3,24,66
469,10003827,description,3,24,204
469,10003823,title,3,24,71
469,10003843,description,3,24,159
469,10003813,title,3,24,67
469,10003827,title,3,24,67
469,10003811,description,3,24,203
469,10003849,title,3,24,68
469,10003801,title,3,24,65
469,10003831,description,3,24,165
469,10003835,title,3,24,76
469,10003833,description,3,24,205
469,10003837,description,3,24,204
469,10003835,description,3,24,212
47,10238605,description,3,18,112
47,10197617,title,3,18,64
47,10013567,description,3,18,111
47,10013491,description,3,18,158
47,10197519,title,3,18,60
47,10016267,description,3,18,572
47,10016271,description,3,18,589
47,10238605,title,3,18,39
47,10017113,title,3,18,64
47,10235181,title,3,18,45
47,10013565,description,3,18,111
47,10013663,description,3,18,166
47,10013679,title,3,18,73
47,10013567,title,3,18,53
47,10013703,description,3,18,138
47,10197589,description,3,18,95
47,10013587,description,3,18,156
47,10238631,description,3,18,141
47,10013585,title,3,18,77
47,10013641,description,3,18,155
47,10231427,title,3,18,44
47,10013589,title,3,18,70
47,10013493,title,3,18,74
47,10013671,description,3,18,205
47,10013497,title,3,18,81
47,10013579,description,3,18,164
47,10013497,description,3,18,186
47,10013595,title,3,18,68
47,10235165,title,3,18,51
47,10013673,description,3,18,158
47,10238631,title,3,18,51
47,10128059,description,3,18,57
47,10013617,title,3,18,67
47,10013727,title,3,18,65
47,10136447,title,3,18,55
47,10238663,description,3,18,90
47,10013737,description,3,18,168
47,10075747,title,3,18,39
47,10013679,description,3,18,168
47,10238577,title,3,18,51
47,10013641,title,3,18,70
47,10013523,description,3,18,168
47,10013519,description,3,18,153
47,10197589,title,3,18,70
47,10013707,description,3,18,115
47,10128059,title,3,18,50
47,10013623,title,3,18,72
47,10013515,title,3,18,55
47,10128055,title,3,18,56
47,10013533,title,3,18,76
470,10162009,title,3,21,57
470,10162009,description,3,21,78
471,10143707,description,3,13,94
471,10098467,description,3,13,77
471,10098479,description,3,13,90
471,10224645,title,3,13,71
471,10224699,description,3,13,88
471,10274905,title,3,13,69
471,10135511,title,3,13,50
471,10274905,description,3,13,98
471,10135511,description,3,13,100
471,10135465,description,3,13,89
471,10143707,title,3,13,70
471,10180971,description,3,13,98
471,10135465,title,3,13,66
471,10180971,title,3,13,60
471,10098487,title,3,13,38
471,10098467,title,3,13,37
471,10098487,description,3,13,78
471,10224645,description,3,13,149
471,10098479,title,3,13,48
471,10224699,title,3,13,44
474,1016231,title,3,19,45
474,10198135,description,3,19,203
474,1000716,title,3,19,56
474,10198083,description,3,19,194
474,10139533,description,3,19,278
474,10014759,description,3,19,198
474,10014759,title,3,19,71
474,10161905,description,3,19,201
474,10139555,title,3,19,54
474,10014815,description,3,19,218
474,10198117,title,3,19,59
474,1016233,title,3,19,53
474,10166625,description,3,19,408
474,10014815,title,3,19,45
474,1000713,title,3,19,48
474,1016231,description,3,19,365
474,10031183,title,3,19,63
474,10161905,title,3,19,48
474,10139555,description,3,19,258
474,1000716,description,3,19,225
474,10198083,title,3,19,39
474,10139533,title,3,19,71
474,1000713,description,3,19,143
474,10166625,title,3,19,53
474,1016233,description,3,19,259
474,10031183,description,3,19,288
478,1000745,title,3,25,37
478,1000745,description,3,25,82
48,10248355,description,3,12,571
48,10137037,description,3,12,202
48,10030421,description,3,12,221
48,10137037,title,3,12,41
48,10001377,title,3,12,55
48,10138003,description,3,12,222
48,10132787,title,3,12,45
48,10002467,description,3,12,190
48,10266813,title,3,12,58
48,10075915,title,3,12,39
48,10266807,description,3,12,198
48,10137319,title,3,12,54
48,10111385,title,3,12,42
48,10101665,description,3,12,139
48,10137049,description,3,12,262
48,10137145,description,3,12,1025
48,10137145,title,3,12,46
48,10248679,title,3,12,44
48,10122151,description,3,12,218
48,1018312,description,3,12,169
48,10018279,description,3,12,220
48,10132787,description,3,12,200
48,10138009,title,3,12,50
48,10138003,title,3,12,65
48,10030421,title,3,12,45
48,10248373,title,3,12,47
48,10253531,title,3,12,58
48,10253387,title,3,12,57
48,10018061,title,3,12,25
48,10137339,description,3,12,569
48,10001425,description,3,12,218
48,10137067,title,3,12,64
48,10137127,title,3,12,44
48,10137319,description,3,12,841
48,10038835,title,3,12,35
48,10002467,title,3,12,43
48,10266841,title,3,12,36
48,10137127,description,3,12,660
48,10018055,description,3,12,808
48,10248557,title,3,12,33
48,10018287,title,3,12,50
48,10122151,title,3,12,70
48,10111007,description,3,12,133
48,10138011,title,3,12,45
48,10266807,title,3,12,38
48,10137049,title,3,12,42
48,10029357,description,3,12,220
48,10252957,title,3,12,47
48,10266841,description,3,12,210
48,10030397,description,3,12,226
480,10226425,description,3,27,140
480,10203175,description,3,27,136
480,10035653,description,3,27,128
480,10252845,title,3,27,49
480,10246043,title,3,27,38
480,10245961,description,3,27,191
480,10235579,description,3,27,136
480,10252845,description,3,27,700
480,10072335,description,3,27,135
480,10029005,description,3,27,139
480,10246043,description,3,27,130
480,10106915,title,3,27,38
480,10007597,description,3,27,224
480,10035859,description,3,27,129
480,10132681,title,3,27,38
480,10072357,title,3,27,38
480,10246015,description,3,27,197
480,10072335,title,3,27,37
480,10245961,title,3,27,37
480,10259861,description,3,27,130
480,10007801,title,3,27,52
480,10072357,description,3,27,136
480,10246215,title,3,27,49
480,10146245,title,3,27,44
480,10203175,title,3,27,41
480,10146245,description,3,27,137
480,10007801,description,3,27,142
480,10029005,title,3,27,51
480,10035859,title,3,27,34
480,10106915,description,3,27,136
480,10259861,title,3,27,43
480,10246215,description,3,27,195
480,10007597,title,3,27,44
480,10235579,title,3,27,38
480,10246015,title,3,27,42
480,10132681,description,3,27,187
480,10226425,title,3,27,51
480,10235583,title,3,27,37
480,10035653,title,3,27,38
480,10028923,title,3,27,45
484,10211863,description,3,19,73
484,10211863,title,3,19,69
485,1000746,description,3,31,79
485,10225943,description,3,31,283
485,10161959,description,3,31,201
485,10225943,title,3,31,38
485,10161959,title,3,31,60
485,1000744,description,3,31,93
485,1000746,title,3,31,37
485,10161985,title,3,31,63
485,10161969,title,3,31,56
485,1000745,description,3,31,82
485,1000744,title,3,31,36
487,10252837,title,3,25,71
487,10252837,description,3,25,906
488,10007835,description,3,29,223
488,10174685,title,3,29,28
488,10174689,description,3,29,197
488,10007597,title,3,29,44
488,10174685,description,3,29,197
488,10111027,title,3,29,38
488,10007835,title,3,29,43
488,10144179,description,3,29,191
488,10144179,title,3,29,41
488,10174689,title,3,29,28
488,10007597,description,3,29,224
488,10111027,description,3,29,132
489,1016233,description,3,19,259
489,10198199,description,3,19,185
489,10139539,description,3,19,222
489,10161959,description,3,19,201
489,10139533,title,3,19,71
489,10031183,title,3,19,63
489,10274867,title,3,19,40
489,10161929,title,3,19,60
489,10161905,title,3,19,48
489,10125229,description,3,19,157
489,10125229,title,3,19,57
489,10014815,description,3,19,218
489,10180373,title,3,19,56
489,10139533,description,3,19,278
489,10139539,title,3,19,72
489,10180373,description,3,19,85
489,10274891,description,3,19,68
489,10198199,title,3,19,48
489,10014759,title,3,19,71
489,10139555,title,3,19,54
489,10014815,title,3,19,45
489,10161985,title,3,19,63
489,10139555,description,3,19,258
489,10166625,title,3,19,53
489,10214987,title,3,19,66
489,10180397,description,3,19,88
489,1016233,title,3,19,53
489,10031183,description,3,19,288
489,10198083,description,3,19,194
489,10180427,description,3,19,139
489,10214987,description,3,19,367
489,10014759,description,3,19,198
489,10180427,title,3,19,54
489,10198083,title,3,19,39
489,10180397,title,3,19,69
489,10166625,description,3,19,408
49,10073679,description,3,11,207
49,10097289,title,3,11,47
49,10073653,title,3,11,29
49,10156375,title,3,11,34
49,10186481,title,3,11,28
49,10097193,title,3,11,32
49,10073675,title,3,11,41
49,10178967,description,3,11,110
49,10252729,title,3,11,35
49,10098361,description,3,11,212
49,10073643,description,3,11,210
49,10186603,description,3,11,179
49,10146535,description,3,11,219
49,10110843,title,3,11,41
49,10098363,title,3,11,33
49,10097251,title,3,11,39
49,10184223,title,3,11,53
49,10146513,description,3,11,217
49,10181911,description,3,11,207
49,10073681,title,3,11,30
49,10186603,title,3,11,34
49,10231009,title,3,11,34
49,10068639,description,3,11,183
49,10073631,title,3,11,37
49,10073633,title,3,11,38
49,10186343,description,3,11,155
49,10073643,title,3,11,32
49,10146509,description,3,11,218
49,10073637,description,3,11,193
49,10184223,description,3,11,197
49,10186203,description,3,11,154
49,10186203,title,3,11,33
49,10146533,title,3,11,36
49,10073625,description,3,11,177
49,10073685,description,3,11,213
49,10159505,description,3,11,171
49,10073627,description,3,11,215
49,10128245,description,3,11,231
49,10073687,title,3,11,29
49,10073623,title,3,11,27
49,10097201,title,3,11,37
49,10097249,title,3,11,54
49,10073651,title,3,11,42
49,10073657,title,3,11,30
49,10097251,description,3,11,190
49,10231031,title,3,11,33
49,10073641,description,3,11,195
491,10244525,title,3,26,34
491,10244525,description,3,26,103
491,10244371,title,3,26,36
491,10244371,description,3,26,227
492,10211863,description,3,21,73
492,10211863,title,3,21,69
492,10196835,description,3,21,371
492,10196835,title,3,21,52
493,10225753,title,3,19,28
493,10225753,description,3,19,322
494,10207335,description,3,32,151
494,10234505,title,3,32,66
494,10190653,title,3,32,65
494,10190653,description,3,32,243
494,10207335,title,3,32,57
494,10235761,title,3,32,84
494,10245789,title,3,32,72
494,10235761,description,3,32,162
494,10207639,description,3,32,299
494,10245789,description,3,32,220
494,10234505,description,3,32,342
494,10207639,title,3,32,57
496,10014759,description,3,25,198
496,10161929,title,3,25,60
496,10135429,title,3,25,73
496,1016231,description,3,25,365
496,10161905,title,3,25,48
496,10214987,description,3,25,367
496,10198207,description,3,25,189
496,10161985,description,3,25,201
496,1016233,title,3,25,53
496,1016233,description,3,25,259
496,10214987,title,3,25,66
496,10161985,title,3,25,63
496,10014759,title,3,25,71
496,1016231,title,3,25,45
496,10198207,title,3,25,39
496,10139539,title,3,25,72
496,10198083,description,3,25,194
496,10135429,description,3,25,241
496,10139539,description,3,25,222
5,10159501,description,3,15,231
5,10159505,description,3,15,171
5,10159501,title,3,15,39
5,10159505,title,3,15,43
5,10254767,description,3,15,168
5,10254767,title,3,15,48
5,10254771,description,3,15,98
5,10254773,description,3,15,105
5,10254773,title,3,15,47
5,10254771,title,3,15,40
50,10132065,description,3,15,132
50,10258027,description,3,15,122
50,10207207,title,3,15,55
50,10098661,title,3,15,57
50,10027155,title,3,15,54
50,10132125,description,3,15,77
50,10017359,title,3,15,74
50,10017401,description,3,15,121
50,10019005,description,3,15,45
50,10040389,description,3,15,86
50,10012737,title,3,15,51
50,10017369,description,3,15,119
50,10017401,title,3,15,83
50,10098651,description,3,15,82
50,10027155,description,3,15,90
50,10017347,title,3,15,90
50,10132133,description,3,15,60
50,10017397,description,3,15,127
50,10017407,description,3,15,118
50,10132125,title,3,15,45
50,10040389,title,3,15,57
50,10017387,title,3,15,73
50,10132123,description,3,15,136
50,10017391,title,3,15,80
50,10111417,description,3,15,93
50,10089313,title,3,15,35
50,10254201,title,3,15,49
50,10003849,title,3,15,68
50,10101219,title,3,15,45
50,10207207,description,3,15,841
50,10017387,description,3,15,106
50,10017347,description,3,15,125
50,10135847,description,3,15,68
50,10135877,description,3,15,120
50,10017355,title,3,15,76
50,10252655,description,3,15,98
50,10252655,title,3,15,47
50,10135877,title,3,15,47
50,10017355,description,3,15,114
50,10017377,title,3,15,84
50,10098657,description,3,15,68
50,10132059,title,3,15,62
50,10017365,description,3,15,112
50,10017363,description,3,15,117
50,10003849,description,3,15,206
50,10030749,title,3,15,58
50,10017363,title,3,15,82
50,10216841,description,3,15,120
51,10143683,title,3,17,47
51,10073297,title,3,17,45
51,10205449,title,3,17,31
51,10073061,title,3,17,42
51,10245075,description,3,17,109
51,10012373,description,3,17,54
51,10065447,description,3,17,110
51,10027645,description,3,17,55
51,10012373,title,3,17,46
51,10148149,description,3,17,57
51,10244985,description,3,17,77
51,10074949,title,3,17,51
51,10148149,title,3,17,43
51,10073263,description,3,17,66
51,10028277,title,3,17,50
51,10073061,description,3,17,69
51,10028011,title,3,17,50
51,10029995,title,3,17,46
51,10036723,title,3,17,52
51,10101611,description,3,17,42
51,10028139,description,3,17,56
51,10065507,title,3,17,53
51,10035813,description,3,17,67
51,10004163,title,3,17,48
51,10264689,description,3,17,181
51,10029995,description,3,17,58
51,10153515,description,3,17,110
51,10205449,description,3,17,98
51,10073297,description,3,17,95
51,10074949,description,3,17,114
51,10245075,title,3,17,46
51,10028179,description,3,17,108
51,10245285,description,3,17,93
51,10143683,description,3,17,68
51,10244985,title,3,17,44
51,10073359,title,3,17,40
51,10035815,description,3,17,68
51,10018841,title,3,17,49
51,10245051,description,3,17,93
51,10028139,title,3,17,50
51,10061085,title,3,17,55
51,10061085,description,3,17,59
51,10035813,title,3,17,55
51,10245051,title,3,17,46
52,10009711,description,3,21,124
52,10009635,description,3,21,144
52,10009681,title,3,21,85
52,10009637,description,3,21,123
52,10009671,title,3,21,85
52,10009711,title,3,21,77
52,10009695,description,3,21,129
52,10009687,title,3,21,82
52,10009681,description,3,21,136
52,10009617,title,3,21,85
52,10009611,description,3,21,125
52,10058189,description,3,21,142
52,10058499,description,3,21,142
52,10009723,title,3,21,78
52,10038919,title,3,21,87
52,10009695,title,3,21,89
52,10038919,description,3,21,128
52,10009621,title,3,21,87
52,10009647,title,3,21,80
52,10009675,title,3,21,79
52,10095323,title,3,21,81
52,10058499,title,3,21,88
52,10009621,description,3,21,140
52,10009693,title,3,21,87
52,10009671,description,3,21,132
52,10009617,description,3,21,120
52,10009723,description,3,21,125
52,10009623,title,3,21,83
52,10009623,description,3,21,130
52,10095231,description,3,21,138
52,10009675,description,3,21,126
52,10009611,title,3,21,86
52,10009693,description,3,21,139
52,10009637,title,3,21,86
52,10009687,description,3,21,128
52,10009647,description,3,21,133
52,10095231,title,3,21,89
54,1022503,description,3,17,80
54,10108997,title,3,17,50
54,10026739,description,3,17,106
54,10221407,description,3,17,108
54,10026739,title,3,17,26
54,10051331,description,3,17,140
54,10207289,description,3,17,166
54,10242645,title,3,17,42
54,10242645,description,3,17,112
54,10242641,description,3,17,114
54,10089511,title,3,17,40
54,10207289,title,3,17,42
54,10242723,title,3,17,34
54,10197039,title,3,17,56
54,10242723,description,3,17,100
54,1022503,title,3,17,23
54,10242641,title,3,17,36
54,1014042,title,3,17,43
54,10051331,title,3,17,38
54,10089511,description,3,17,80
54,10004491,description,3,17,100
54,10197039,description,3,17,141
54,10015987,title,3,17,34
54,10108997,description,3,17,117
54,10015987,description,3,17,113
54,10222623,title,3,17,41
54,10222623,description,3,17,142
54,10207317,description,3,17,97
54,10017237,description,3,17,119
54,10127289,title,3,17,38
54,10127289,description,3,17,84
54,10017237,title,3,17,27
54,10221407,title,3,17,41
54,10004491,title,3,17,36
54,1014042,description,3,17,66
54,10207317,title,3,17,31
54,10274075,title,3,17,47
54,10274075,description,3,17,104
55,10184209,description,3,12,954
55,10223363,description,3,12,459
55,10184211,title,3,12,58
55,10069705,title,3,12,60
55,10223363,title,3,12,49
55,10184209,title,3,12,57
55,10069705,description,3,12,289
55,10069587,description,3,12,286
55,10069587,title,3,12,60
56,10187203,description,3,18,90
56,10032833,title,3,18,45
56,10032833,description,3,18,112
56,10187203,title,3,18,34
58,10132417,description,3,12,111
58,10004315,title,3,12,34
58,10244695,title,3,12,27
58,10162605,title,3,12,51
58,10221407,title,3,12,41
58,10198009,description,3,12,141
58,10198009,title,3,12,39
58,10051517,description,3,12,125
58,10207317,description,3,12,97
58,10199945,description,3,12,106
58,10113339,title,3,12,43
58,10207317,title,3,12,31
58,10004315,description,3,12,107
58,10242665,description,3,12,125
58,10242709,description,3,12,110
58,10162605,description,3,12,134
58,10127289,title,3,12,38
58,10089511,description,3,12,80
58,10274101,description,3,12,80
58,10089511,title,3,12,40
58,10274101,title,3,12,43
58,10274015,description,3,12,96
58,10242647,title,3,12,42
58,10242665,title,3,12,35
58,10260557,title,3,12,28
58,10242721,description,3,12,118
58,10180919,title,3,12,19
58,10132417,title,3,12,52
58,10233359,title,3,12,38
58,10199945,title,3,12,51
58,10222623,description,3,12,142
58,10162059,title,3,12,52
58,10220349,description,3,12,105
58,10222623,title,3,12,41
58,10244695,description,3,12,76
58,10233359,description,3,12,103
58,10242647,description,3,12,96
58,10233281,description,3,12,117
58,10233281,title,3,12,54
58,10180919,description,3,12,43
58,10221407,description,3,12,108
58,10260557,description,3,12,135
58,10220349,title,3,12,35
58,10274015,title,3,12,48
58,10162059,description,3,12,92
58,10202029,description,3,12,99
58,10051517,title,3,12,37
58,10127289,description,3,12,84
58,10216863,description,3,12,419
59,10236119,description,3,19,44
59,10236101,description,3,19,45
59,10028881,title,3,19,56
59,10128119,title,3,19,51
59,10065037,title,3,19,50
59,10028635,title,3,19,51
59,10128123,description,3,19,66
59,10128123,title,3,19,48
59,10128145,description,3,19,184
59,10236109,title,3,19,55
59,10028741,description,3,19,165
59,10000583,title,3,19,46
59,10217801,description,3,19,50
59,10015929,title,3,19,54
59,10236115,description,3,19,60
59,10128151,description,3,19,99
59,10236113,description,3,19,44
59,10237249,description,3,19,122
59,10236097,title,3,19,55
59,10254487,description,3,19,155
59,10254489,description,3,19,189
59,10128147,description,3,19,183
59,10128155,title,3,19,54
59,10201823,title,3,19,52
59,1001774,title,3,19,39
59,10028533,title,3,19,54
59,10028741,title,3,19,55
59,10065037,description,3,19,61
59,10236097,description,3,19,60
59,10231241,title,3,19,58
59,10128135,title,3,19,50
59,10028577,description,3,19,119
59,10000583,description,3,19,51
59,10128135,description,3,19,186
59,10015913,title,3,19,47
59,10028635,description,3,19,164
59,10127521,description,3,19,57
59,10036431,description,3,19,178
59,10254489,title,3,19,54
59,10242847,description,3,19,60
59,10254487,title,3,19,49
59,10231241,description,3,19,66
59,10128151,title,3,19,48
59,10036431,title,3,19,53
59,10128147,title,3,19,47
59,10236119,title,3,19,60
6,10051595,description,3,15,84
6,10016723,description,3,15,106
6,10015993,title,3,15,54
6,10015993,description,3,15,113
6,10222653,description,3,15,131
6,10132319,description,3,15,147
6,10132319,title,3,15,47
6,10132371,description,3,15,121
6,10088851,description,3,15,103
6,10162591,description,3,15,113
6,10132391,description,3,15,107
6,10016723,title,3,15,48
6,10089511,description,3,15,80
6,10101345,title,3,15,49
6,10162411,title,3,15,65
6,10242723,description,3,15,100
6,1022503,title,3,15,23
6,10132371,title,3,15,71
6,10144783,description,3,15,81
6,10207461,description,3,15,121
6,10181205,description,3,15,99
6,10242723,title,3,15,34
6,10075395,title,3,15,51
6,10162591,title,3,15,49
6,10101327,description,3,15,119
6,10162605,title,3,15,51
6,10199945,title,3,15,51
6,10088851,title,3,15,49
6,10089159,title,3,15,35
6,10217589,description,3,15,93
6,10004357,title,3,15,57
6,10222653,title,3,15,37
6,10132469,title,3,15,71
6,10054893,title,3,15,62
6,10199945,description,3,15,106
6,10201945,title,3,15,50
6,10144783,title,3,15,27
6,10181205,title,3,15,41
6,10207333,description,3,15,116
6,10101345,description,3,15,144
6,10075395,description,3,15,107
6,10054835,description,3,15,101
6,10162411,description,3,15,136
6,10015997,title,3,15,64
6,10273987,description,3,15,112
6,10201945,description,3,15,173
6,10101327,title,3,15,40
6,10128409,description,3,15,624
6,10132391,title,3,15,58
6,10273987,title,3,15,34
60,10045843,title,3,12,63
60,10173357,title,3,12,37
60,10045877,title,3,12,51
60,10173143,description,3,12,221
60,10223009,description,3,12,218
60,10258233,title,3,12,45
60,10238487,title,3,12,61
60,10237991,description,3,12,411
60,10037089,description,3,12,339
60,10258233,description,3,12,173
60,10045843,description,3,12,215
60,10258213,description,3,12,352
60,10036909,title,3,12,55
60,10238485,description,3,12,386
60,10223021,title,3,12,57
60,10048389,description,3,12,212
60,10173329,title,3,12,36
60,10258247,title,3,12,48
60,10173357,description,3,12,180
60,10223001,description,3,12,206
60,10036909,description,3,12,199
60,10173119,title,3,12,52
60,10080229,title,3,12,43
60,10223001,title,3,12,63
60,10173143,title,3,12,52
60,10173333,description,3,12,166
60,10237991,title,3,12,65
60,10258103,description,3,12,177
60,10258235,title,3,12,47
60,10231147,description,3,12,224
60,10173329,description,3,12,180
60,10180227,title,3,12,39
60,10238709,title,3,12,64
60,10238709,description,3,12,586
60,10238485,title,3,12,68
60,10048389,title,3,12,30
60,10173127,description,3,12,232
60,10231147,title,3,12,56
60,10238471,description,3,12,408
60,10173127,title,3,12,54
60,10173129,title,3,12,39
60,10223009,title,3,12,61
60,10238487,description,3,12,382
60,10258195,description,3,12,164
60,10173333,title,3,12,39
60,10223021,description,3,12,536
60,10037089,title,3,12,42
60,10173195,title,3,12,43
60,10258103,title,3,12,29
60,10173115,description,3,12,196
61,10035807,description,3,17,58
61,10121097,description,3,17,58
61,10064165,description,3,17,56
61,10254409,description,3,17,54
61,10265261,description,3,17,152
61,10030221,title,3,17,46
61,10265171,description,3,17,153
61,10265263,description,3,17,156
61,10264901,title,3,17,47
61,10264909,description,3,17,163
61,10241817,description,3,17,57
61,10121077,title,3,17,51
61,10005909,title,3,17,57
61,10264633,description,3,17,156
61,10029543,title,3,17,52
61,10265441,description,3,17,180
61,10241817,title,3,17,43
61,10064049,title,3,17,42
61,10265297,description,3,17,147
61,10254409,title,3,17,51
61,10029543,description,3,17,111
61,10005911,description,3,17,53
61,10264909,title,3,17,51
61,10074227,description,3,17,62
61,10265153,description,3,17,142
61,10129599,description,3,17,58
61,10106295,title,3,17,68
61,10264873,title,3,17,55
61,10264931,title,3,17,51
61,10129583,title,3,17,44
61,10265133,title,3,17,51
61,10265153,title,3,17,46
61,10265441,title,3,17,67
61,10265133,description,3,17,152
61,10264865,description,3,17,153
62,10095231,description,3,18,138
62,10058303,description,3,18,131
62,10095269,title,3,18,70
62,10068557,description,3,18,125
62,10095311,title,3,18,75
62,10068573,description,3,18,122
62,10058399,description,3,18,126
62,10167911,title,3,18,71
62,10058253,description,3,18,132
62,10038925,description,3,18,122
62,10058459,title,3,18,90
62,10038933,title,3,18,74
62,10058401,description,3,18,125
62,10038921,description,3,18,95
62,10058275,title,3,18,57
62,10058253,title,3,18,75
62,10068573,title,3,18,53
62,10038925,title,3,18,75
62,10058435,description,3,18,132
62,10068557,title,3,18,65
62,10095277,title,3,18,68
62,10095231,title,3,18,89
62,10243563,title,3,18,30
62,10058357,description,3,18,127
62,10058357,title,3,18,70
62,10058443,description,3,18,125
62,10058201,title,3,18,77
62,10058401,title,3,18,56
62,10058443,title,3,18,56
62,10058321,description,3,18,125
62,10243563,description,3,18,159
62,10243479,description,3,18,161
62,10068569,description,3,18,123
62,10038919,description,3,18,128
62,10095335,title,3,18,75
62,10058321,title,3,18,68
62,10095335,description,3,18,121
62,10058291,title,3,18,76
62,10095269,description,3,18,133
62,10038933,description,3,18,129
63,10214169,title,3,14,71
63,10220751,title,3,14,32
63,10220785,title,3,14,31
63,10180909,title,3,14,43
63,10106049,title,3,14,63
63,10214157,description,3,14,293
63,10232819,title,3,14,66
63,10267851,title,3,14,50
63,10106049,description,3,14,536
63,10004053,description,3,14,109
63,10220751,description,3,14,84
63,10214157,title,3,14,33
63,10214169,description,3,14,163
63,10180891,description,3,14,100
63,10231431,description,3,14,113
63,10237451,description,3,14,65
63,10231427,title,3,14,44
63,10065121,title,3,14,71
63,10004053,title,3,14,56
63,10180915,title,3,14,45
63,10220785,description,3,14,83
63,10231431,title,3,14,49
63,10065121,description,3,14,141
63,10133327,title,3,14,55
63,10180895,title,3,14,48
63,10231427,description,3,14,107
63,10106139,description,3,14,430
63,10180909,description,3,14,98
63,10232819,description,3,14,498
63,10180895,description,3,14,103
63,10133327,description,3,14,112
63,10267851,description,3,14,155
63,10237451,title,3,14,50
63,10106139,title,3,14,81
64,10197661,title,3,14,76
64,10051325,description,3,14,168
64,10132417,title,3,14,52
64,10222623,description,3,14,142
64,10132417,description,3,14,111
64,10242617,description,3,14,101
64,10197661,description,3,14,690
64,1020977,description,3,14,96
64,1022503,title,3,14,23
64,10222623,title,3,14,41
64,10101325,description,3,14,104
64,10234535,title,3,14,53
64,10242617,title,3,14,46
64,10242723,description,3,14,100
64,10016267,description,3,14,572
64,10221407,title,3,14,41
64,10051325,title,3,14,42
64,10242723,title,3,14,34
64,10234535,description,3,14,222
64,10101325,title,3,14,43
64,10089511,description,3,14,80
64,10089511,title,3,14,40
64,10016267,title,3,14,69
64,10221407,description,3,14,108
64,1022503,description,3,14,80
64,1020977,title,3,14,43
66,10017211,description,3,18,97
66,10019745,title,3,18,59
66,10080475,description,3,18,107
66,10075405,title,3,18,53
66,10086107,title,3,18,58
66,10015993,title,3,18,54
66,10178903,description,3,18,137
66,10235725,title,3,18,52
66,10016723,title,3,18,48
66,10207439,title,3,18,57
66,10017211,title,3,18,42
66,10019745,description,3,18,144
66,10174215,title,3,18,43
66,10108997,description,3,18,117
66,10233281,title,3,18,54
66,10197105,description,3,18,124
66,10197105,title,3,18,53
66,10085973,title,3,18,58
66,10200203,description,3,18,112
66,10274101,title,3,18,43
66,10108997,title,3,18,50
66,10127289,description,3,18,84
66,10075405,description,3,18,116
66,10235725,description,3,18,138
66,10086107,description,3,18,119
66,10016713,description,3,18,97
66,10085971,title,3,18,48
66,10127289,title,3,18,38
66,10265489,title,3,18,47
66,10016713,title,3,18,59
66,10085973,description,3,18,111
66,10221405,description,3,18,94
66,10263009,title,3,18,57
66,10085971,description,3,18,108
66,10221405,title,3,18,57
66,10274101,description,3,18,80
66,10080475,title,3,18,49
66,10207439,description,3,18,108
66,10265489,description,3,18,117
66,10263009,description,3,18,66
66,10015993,description,3,18,113
66,10233281,description,3,18,117
66,10174215,description,3,18,101
66,10016723,description,3,18,106
66,10178903,title,3,18,59
66,10200203,title,3,18,59
67,10168033,description,3,15,359
67,10167951,title,3,15,53
67,10149831,description,3,15,60
67,10149831,title,3,15,43
67,10167951,description,3,15,322
67,10149807,title,3,15,47
67,10149807,description,3,15,64
67,10168033,title,3,15,63
68,1001050,description,3,15,275
68,10238567,description,3,15,283
68,10238567,title,3,15,73
68,1001050,title,3,15,58
69,10206969,title,3,17,48
69,10206867,description,3,17,92
69,10256015,title,3,17,43
69,10233307,description,3,17,75
69,10233359,title,3,17,38
69,10233391,title,3,17,39
69,10233307,title,3,17,28
69,10163701,title,3,17,41
69,10207069,title,3,17,36
69,10163701,description,3,17,125
69,10256015,description,3,17,126
69,10157901,description,3,17,137
69,10233359,description,3,17,103
69,10207069,description,3,17,99
69,10233391,description,3,17,103
69,10157901,title,3,17,34
7,10187097,description,3,12,107
7,10142805,title,3,12,41
7,10111107,description,3,12,102
7,10232069,title,3,12,56
7,10111117,title,3,12,40
7,10111129,description,3,12,117
7,10135133,title,3,12,44
7,10111117,description,3,12,99
7,10187223,description,3,12,107
7,10213255,description,3,12,93
7,10038969,description,3,12,102
7,10111105,description,3,12,119
7,10144515,title,3,12,38
7,10003387,title,3,12,49
7,10135149,title,3,12,45
7,10111119,title,3,12,41
7,10236403,description,3,12,303
7,10135141,title,3,12,42
7,10182355,title,3,12,44
7,10187109,title,3,12,43
7,10111125,title,3,12,52
7,10182315,description,3,12,115
7,10180645,title,3,12,42
7,10144515,description,3,12,106
7,10111121,description,3,12,134
7,10111125,description,3,12,144
7,10187263,title,3,12,37
7,10239073,description,3,12,118
7,10135141,description,3,12,123
7,10187263,description,3,12,117
7,10135149,description,3,12,132
7,10144519,description,3,12,107
7,10111119,description,3,12,140
7,10180645,description,3,12,101
7,10232069,description,3,12,92
7,10182369,title,3,12,49
7,10187223,title,3,12,47
7,10135161,description,3,12,127
7,10038969,title,3,12,42
7,10135161,title,3,12,49
7,10135133,description,3,12,122
71,10030251,description,3,15,56
71,10016697,description,3,15,52
71,10207591,description,3,15,61
71,10265325,title,3,15,44
71,10207571,title,3,15,70
71,10030251,title,3,15,44
71,10163941,title,3,15,42
71,10016699,title,3,15,42
71,10035813,title,3,15,55
71,10030141,description,3,15,56
71,10207567,title,3,15,67
71,10207591,title,3,15,64
71,10265199,description,3,15,186
71,10234889,description,3,15,44
71,10205445,description,3,15,212
71,10265139,title,3,15,45
71,10030115,title,3,15,45
71,10035839,description,3,15,57
71,10035825,title,3,15,46
71,10265303,description,3,15,184
71,10035827,description,3,15,67
71,10065709,title,3,15,67
71,10264839,description,3,15,165
71,10012373,description,3,15,54
71,10012373,title,3,15,46
71,10207571,description,3,15,57
71,10236459,title,3,15,32
71,10030115,description,3,15,57
71,10236459,description,3,15,176
71,10236397,description,3,15,167
71,10035825,description,3,15,58
71,10016689,description,3,15,63
71,10016689,title,3,15,43
71,10207583,description,3,15,59
71,10035839,title,3,15,45
71,10016703,title,3,15,44
71,10163941,description,3,15,58
71,10265199,title,3,15,55
71,1019677,title,3,15,21
71,10073177,title,3,15,40
71,10205445,title,3,15,40
71,10207567,description,3,15,54
71,10073177,description,3,15,57
71,1019677,description,3,15,89
72,10108723,title,3,17,34
72,10174691,description,3,17,154
72,10236555,description,3,17,213
72,10035863,description,3,17,150
72,10234351,description,3,17,217
72,10063803,description,3,17,212
72,10181391,title,3,17,38
72,10246035,title,3,17,31
72,10234351,title,3,17,30
72,10246167,title,3,17,30
72,10226565,description,3,17,220
72,10236555,title,3,17,56
72,10002521,title,3,17,31
72,10129009,description,3,17,214
72,10002521,description,3,17,159
72,10063803,title,3,17,39
72,10234305,title,3,17,31
72,10108723,description,3,17,211
72,10179821,title,3,17,48
72,10174691,title,3,17,32
72,10181391,description,3,17,158
72,10234305,description,3,17,212
72,10181397,title,3,17,63
72,10181397,description,3,17,175
72,10035863,title,3,17,27
72,10179821,description,3,17,167
72,10234299,title,3,17,36
72,10246035,description,3,17,211
72,10020773,title,3,17,38
72,10246167,description,3,17,207
72,10020773,description,3,17,312
72,10129009,title,3,17,34
72,10234299,description,3,17,217
72,10226565,title,3,17,59
73,1010554,title,3,17,48
73,10015877,description,3,17,138
73,1012708,title,3,17,36
73,10241783,title,3,17,66
73,1019937,title,3,17,29
73,10015877,title,3,17,52
73,10050223,title,3,17,61
73,10234801,title,3,17,42
73,10241793,description,3,17,367
73,10217097,description,3,17,165
73,1019937,description,3,17,259
73,10217145,title,3,17,61
73,10181721,title,3,17,54
73,10234797,description,3,17,190
73,10234813,description,3,17,84
73,10027313,description,3,17,171
73,10241779,title,3,17,52
73,10234797,title,3,17,14
73,10217097,title,3,17,69
73,10241783,description,3,17,400
73,1001060,description,3,17,263
73,10241779,description,3,17,319
73,10217145,description,3,17,219
73,10234813,title,3,17,66
73,10217081,description,3,17,176
73,10217081,title,3,17,82
73,10217111,title,3,17,69
73,10241801,title,3,17,67
73,10217079,title,3,17,71
73,10234805,title,3,17,60
73,1001061,description,3,17,293
73,10234805,description,3,17,128
73,10234771,description,3,17,111
73,10241801,description,3,17,404
73,1012708,description,3,17,157
73,1001062,title,3,17,55
73,1001061,title,3,17,56
73,10217093,description,3,17,395
73,10050231,title,3,17,70
73,10181721,description,3,17,178
73,10234801,description,3,17,161
73,10217079,description,3,17,165
73,10050231,description,3,17,217
73,10241793,title,3,17,50
73,10050249,description,3,17,209
73,10050223,description,3,17,208
73,1001060,title,3,17,68
73,10027313,title,3,17,66
73,10234771,title,3,17,79
73,10217093,title,3,17,53
74,10244671,title,3,13,33
74,10244669,description,3,13,54
74,10244577,description,3,13,100
74,10244525,description,3,13,103
74,10145021,title,3,13,60
74,10145065,title,3,13,41
74,10244371,description,3,13,227
74,10145065,description,3,13,139
74,10145021,description,3,13,300
74,10244371,title,3,13,36
74,10244577,title,3,13,38
74,10244525,title,3,13,34
74,10244669,title,3,13,29
74,10244671,description,3,13,158
74,10244385,title,3,13,47
74,10244385,description,3,13,133
75,10196893,description,3,10,96
75,10213443,description,3,10,126
75,10003077,title,3,10,53
75,10213419,description,3,10,139
75,10213377,title,3,10,59
75,10213409,description,3,10,100
75,10030547,description,3,10,110
75,10196897,description,3,10,87
75,10213459,description,3,10,102
75,10244699,title,3,10,44
75,10213455,description,3,10,125
75,10213421,title,3,10,78
75,10213413,description,3,10,159
75,10213385,description,3,10,114
75,10021509,title,3,10,46
75,10196893,title,3,10,48
75,10213415,description,3,10,86
75,10002269,description,3,10,97
75,10180919,description,3,10,43
75,10213395,title,3,10,62
75,10247475,description,3,10,118
75,10213437,title,3,10,59
75,10244695,description,3,10,76
75,10247475,title,3,10,54
75,10196897,title,3,10,43
75,10250615,title,3,10,49
75,10213353,title,3,10,67
75,10021509,description,3,10,100
75,10213413,title,3,10,76
75,10213385,title,3,10,72
75,10231987,title,3,10,42
75,10213369,title,3,10,64
75,10213419,title,3,10,67
75,10174115,title,3,10,36
75,10250615,description,3,10,121
75,10213437,description,3,10,91
75,10213415,title,3,10,55
75,10244699,description,3,10,93
75,10213447,description,3,10,132
75,10213395,description,3,10,98
75,10213401,title,3,10,58
75,10213383,title,3,10,65
75,10003199,title,3,10,58
75,10213455,title,3,10,57
75,10002269,title,3,10,51
75,10231987,description,3,10,118
75,10030547,title,3,10,34
75,10003199,description,3,10,126
75,10213393,description,3,10,117
76,10085971,title,3,14,48
76,10216863,title,3,14,39
76,10274101,title,3,14,43
76,10197145,title,3,14,64
76,10085971,description,3,14,108
76,10197145,description,3,14,129
76,10274101,description,3,14,80
76,10207407,title,3,14,38
76,10216863,description,3,14,419
76,10075405,title,3,14,53
76,10075405,description,3,14,116
76,10051517,description,3,14,125
76,10207407,description,3,14,117
76,10051517,title,3,14,37
77,10239293,description,3,11,148
77,10239293,title,3,11,57
77,10236241,title,3,11,51
77,10236241,description,3,11,132
78,10017775,title,3,17,43
78,10028151,title,3,17,53
78,10245259,description,3,17,87
78,10030041,title,3,17,53
78,10017719,description,3,17,106
78,10020049,title,3,17,50
78,10202595,title,3,17,48
78,10030239,title,3,17,48
78,10017589,description,3,17,105
78,10236405,title,3,17,47
78,10245355,title,3,17,54
78,10030051,description,3,17,110
78,10030051,title,3,17,51
78,10030041,description,3,17,112
78,10028253,description,3,17,108
78,10245159,description,3,17,99
78,10245159,title,3,17,45
78,10030303,description,3,17,119
78,10059749,description,3,17,109
78,10027917,title,3,17,50
78,10017749,title,3,17,42
78,10030239,description,3,17,110
78,10030129,title,3,17,60
78,10202565,description,3,17,108
78,10020071,title,3,17,49
78,10244957,title,3,17,54
78,10197879,description,3,17,103
78,10202599,title,3,17,57
78,10073073,title,3,17,45
78,10236507,description,3,17,182
78,10197879,title,3,17,48
78,10017799,title,3,17,43
78,10059749,title,3,17,56
78,10020049,description,3,17,107
78,10030129,description,3,17,121
79,10261573,title,3,14,64
79,10186011,description,3,14,85
79,10197629,description,3,14,683
79,10206773,title,3,14,55
79,10080603,description,3,14,238
79,10207445,title,3,14,55
79,10186797,title,3,14,56
79,10190651,title,3,14,71
79,10186053,description,3,14,85
79,10261573,description,3,14,89
79,10186011,title,3,14,56
79,10018807,description,3,14,207
79,10013041,description,3,14,143
79,10080617,title,3,14,41
79,10016747,title,3,14,51
79,10207637,title,3,14,73
79,10190649,description,3,14,294
79,10030591,description,3,14,201
79,10080603,title,3,14,57
79,10186797,description,3,14,242
79,10234491,description,3,14,383
79,10207637,description,3,14,330
79,10013041,title,3,14,43
79,10207265,description,3,14,108
79,10080617,description,3,14,90
79,10018807,title,3,14,47
79,10206959,description,3,14,151
79,10186053,title,3,14,52
79,10073597,description,3,14,157
79,10207265,title,3,14,39
79,10074637,description,3,14,100
79,10016747,description,3,14,159
79,10016727,title,3,14,48
79,10207061,description,3,14,125
79,10190649,title,3,14,74
79,10207051,description,3,14,120
79,10073597,title,3,14,47
79,10074637,title,3,14,52
79,10207061,title,3,14,42
79,10030591,title,3,14,46
79,10207051,title,3,14,46
79,10206773,description,3,14,154
79,10234491,title,3,14,70
79,10206959,title,3,14,46
79,10016727,description,3,14,202
79,10207445,description,3,14,99
79,10190651,description,3,14,232
79,10197629,title,3,14,74
8,10174517,description,3,19,211
8,10030395,title,3,19,42
8,10181337,description,3,19,138
8,10174517,title,3,19,41
8,10063533,description,3,19,218
8,10006007,description,3,19,236
8,10006071,description,3,19,187
8,10201167,title,3,19,51
8,10063513,description,3,19,224
8,10029253,description,3,19,214
8,10036029,title,3,19,43
8,10006077,title,3,19,31
8,10163945,description,3,19,220
8,10137545,description,3,19,193
8,10137589,description,3,19,251
8,10063523,title,3,19,40
8,10181337,title,3,19,49
8,10063505,description,3,19,225
8,10006043,description,3,19,188
8,10006045,description,3,19,192
8,10006077,description,3,19,196
8,10006045,title,3,19,33
8,10006067,title,3,19,38
8,10029167,description,3,19,207
8,10163945,title,3,19,49
8,10006007,title,3,19,34
8,10006029,title,3,19,36
8,10063503,title,3,19,44
8,10006019,description,3,19,241
8,10006071,title,3,19,28
8,10063505,title,3,19,45
8,10006031,description,3,19,188
8,10006029,description,3,19,263
8,10036981,description,3,19,139
8,10201167,description,3,19,244
8,10071599,title,3,19,45
8,10030395,description,3,19,193
8,10006083,title,3,19,32
8,10006057,title,3,19,28
8,10174527,title,3,19,34
8,10029031,description,3,19,138
8,10006083,description,3,19,186
8,10036981,title,3,19,36
8,10071599,description,3,19,239
8,10006031,title,3,19,43
8,10029111,description,3,19,177
8,10029267,description,3,19,201
81,10231159,description,3,14,544
81,10180227,title,3,14,39
81,10231185,description,3,14,473
81,10237991,title,3,14,65
81,10223013,title,3,14,67
81,10223009,description,3,14,218
81,10036911,description,3,14,201
81,10223009,title,3,14,61
81,10231149,description,3,14,411
81,10223001,title,3,14,63
81,10231185,title,3,14,52
81,10238505,title,3,14,72
81,10029949,title,3,14,55
81,10231159,title,3,14,52
81,10029949,description,3,14,413
81,10180227,description,3,14,214
81,10036911,title,3,14,49
81,10231149,title,3,14,54
81,10001479,description,3,14,520
81,10173153,title,3,14,49
81,10037089,title,3,14,42
81,10238469,title,3,14,74
81,10037089,description,3,14,339
81,10237987,title,3,14,57
81,10223001,description,3,14,206
81,10223013,description,3,14,226
81,10237991,description,3,14,411
81,10237987,description,3,14,403
81,10173153,description,3,14,208
81,10238505,description,3,14,221
81,10238469,description,3,14,412
82,10033165,description,3,21,141
82,10127099,title,3,21,26
82,10253247,description,3,21,220
82,10118903,title,3,21,27
82,10119103,title,3,21,36
82,10101691,description,3,21,235
82,10106977,description,3,21,184
82,10223295,description,3,21,197
82,10111007,description,3,21,133
82,10253201,description,3,21,756
82,10101665,title,3,21,31
82,10111367,description,3,21,189
82,10111385,title,3,21,42
82,10111387,title,3,21,37
82,10020701,title,3,21,26
82,10018061,title,3,21,25
82,10129617,title,3,21,35
82,10119103,description,3,21,139
82,10127099,description,3,21,140
82,10137151,description,3,21,724
82,10111373,title,3,21,44
82,10166677,title,3,21,31
82,10253201,title,3,21,51
82,10122041,title,3,21,34
82,10253275,title,3,21,58
82,10137521,description,3,21,137
82,10234247,description,3,21,563
82,10111007,title,3,21,39
82,10111367,title,3,21,29
82,10020701,description,3,21,295
82,10137151,title,3,21,47
82,10223315,title,3,21,29
82,10111389,title,3,21,29
82,10129617,description,3,21,138
82,10118903,description,3,21,138
82,10223303,description,3,21,185
82,10166677,description,3,21,184
82,10223315,description,3,21,185
82,10122041,description,3,21,135
82,10111373,description,3,21,204
82,10166687,title,3,21,32
82,10137521,title,3,21,46
82,10101665,description,3,21,139
82,10033165,title,3,21,36
82,10223295,title,3,21,37
82,10106977,title,3,21,27
83,10135133,description,3,14,122
83,10111119,title,3,14,41
83,10038969,title,3,14,42
83,10135133,title,3,14,44
83,10038969,description,3,14,102
83,10236403,description,3,14,303
83,10236403,title,3,14,27
83,10111119,description,3,14,140
84,10017397,description,3,16,127
84,10132131,description,3,16,67
84,10003839,description,3,16,159
84,10098661,title,3,16,57
84,10003831,description,3,16,165
84,10018935,title,3,16,73
84,10018931,title,3,16,84
84,10135877,description,3,16,120
84,10003819,title,3,16,71
84,10003821,title,3,16,59
84,10012715,description,3,16,81
84,10174335,description,3,16,59
84,10003819,description,3,16,207
84,10098655,title,3,16,45
84,10003837,title,3,16,66
84,10021541,title,3,16,49
84,10132133,description,3,16,60
84,10174335,title,3,16,47
84,10003849,title,3,16,68
84,10003801,description,3,16,201
84,10098655,description,3,16,179
84,10239619,description,3,16,59
84,10019005,title,3,16,20
84,10017391,description,3,16,120
84,10098647,title,3,16,45
84,10012715,title,3,16,53
84,10003831,title,3,16,65
84,10098661,description,3,16,66
84,10098657,description,3,16,68
84,10098651,description,3,16,82
84,10162339,description,3,16,213
84,10003801,title,3,16,65
84,10003837,description,3,16,204
84,10021551,title,3,16,51
84,10019005,description,3,16,45
84,10017391,title,3,16,80
84,10132131,title,3,16,54
84,10239619,title,3,16,47
84,10003833,title,3,16,67
84,10017347,title,3,16,90
84,10003829,description,3,16,206
85,10001445,description,3,22,231
85,10001003,title,3,22,46
85,10266625,description,3,22,49
85,10001445,title,3,22,57
85,10266643,description,3,22,458
85,10002487,title,3,22,72
85,10266661,description,3,22,314
85,10266625,title,3,22,50
85,10002487,description,3,22,138
85,10266643,title,3,22,43
85,10266647,title,3,22,38
85,10266661,title,3,22,45
86,10233311,title,3,19,37
86,10041847,description,3,19,1212
86,10225009,title,3,19,78
86,10041847,title,3,19,46
86,10207271,title,3,19,51
86,10132571,description,3,19,133
86,10207461,title,3,19,48
86,10132571,title,3,19,51
86,10207271,description,3,19,124
86,10233311,description,3,19,144
86,10207317,description,3,19,97
86,10041823,description,3,19,1035
86,10207317,title,3,19,31
86,10041823,title,3,19,56
86,10207461,description,3,19,121
86,10225009,description,3,19,207
87,10030101,description,3,18,108
87,10245407,description,3,18,76
87,10030001,description,3,18,109
87,10154867,description,3,18,117
87,10245063,description,3,18,107
87,10030189,title,3,18,46
87,10030119,title,3,18,47
87,10062739,title,3,18,53
87,10030171,title,3,18,46
87,10154867,title,3,18,62
87,10030189,description,3,18,108
87,10154653,description,3,18,116
87,10073171,title,3,18,56
87,10154653,title,3,18,61
87,10013269,description,3,18,105
87,10029987,description,3,18,109
87,10245139,title,3,18,43
87,10245109,description,3,18,77
87,10155463,description,3,18,105
87,10245143,title,3,18,45
87,10155463,title,3,18,57
87,10245105,title,3,18,43
87,10245045,title,3,18,44
87,10062739,description,3,18,115
87,10254389,description,3,18,90
87,10038875,description,3,18,106
87,10152489,title,3,18,63
87,10154963,title,3,18,66
87,10089225,title,3,18,42
87,10155661,title,3,18,60
87,10245143,description,3,18,108
87,10153625,description,3,18,116
87,10153625,title,3,18,68
87,10254389,title,3,18,53
87,10060367,title,3,18,60
87,10245105,description,3,18,111
87,10154963,description,3,18,121
87,10038885,description,3,18,111
87,10154081,title,3,18,69
87,10245077,description,3,18,107
87,10060367,description,3,18,110
87,10153137,title,3,18,65
87,10245045,description,3,18,112
87,10073485,title,3,18,43
88,10144797,title,3,13,65
88,10271953,title,3,13,48
88,10144797,description,3,13,167
88,10197727,title,3,13,79
88,10256015,title,3,13,43
88,10234525,title,3,13,73
88,10197737,title,3,13,63
88,10234525,description,3,13,305
88,10256015,description,3,13,126
88,10051241,description,3,13,70
88,10271953,description,3,13,87
88,10207639,description,3,13,299
88,10051241,title,3,13,42
88,10075177,title,3,13,64
88,10075177,description,3,13,496
88,10197727,description,3,13,470
88,10075165,description,3,13,630
88,10197737,description,3,13,476
88,10207639,title,3,13,57
88,10075165,title,3,13,72
89,10117015,title,3,10,51
89,10003605,title,3,10,49
89,10238843,title,3,10,50
89,10136149,description,3,10,72
89,10238849,description,3,10,85
89,10002989,description,3,10,73
89,10003155,description,3,10,79
89,10239115,description,3,10,75
89,10139197,description,3,10,148
89,10003605,description,3,10,84
89,10238849,title,3,10,55
89,10003249,title,3,10,50
89,10239207,title,3,10,47
89,10238843,description,3,10,71
89,10239115,title,3,10,50
89,10003249,description,3,10,68
89,10239079,title,3,10,53
89,10136149,title,3,10,48
89,10239207,description,3,10,70
89,10238981,title,3,10,47
89,10238981,description,3,10,72
89,10002989,title,3,10,56
89,10237959,description,3,10,79
89,10117015,description,3,10,71
89,10237959,title,3,10,46
89,10139197,title,3,10,47
89,10239079,description,3,10,71
9,10169191,description,3,14,58
9,10164127,title,3,14,42
9,10148149,title,3,14,43
9,10264839,title,3,14,44
9,10028139,title,3,14,50
9,1011488,title,3,14,43
9,10268241,description,3,14,56
9,10035825,title,3,14,46
9,10016703,title,3,14,44
9,10163941,title,3,14,42
9,1002096,title,3,14,52
9,10252561,description,3,14,59
9,10035827,title,3,14,44
9,10163887,description,3,14,57
9,10148149,description,3,14,57
9,10205445,description,3,14,212
9,10236397,title,3,14,32
9,10000245,description,3,14,59
9,10205445,title,3,14,40
9,10222787,description,3,14,60
9,10012429,title,3,14,68
9,10147999,title,3,14,51
9,10000539,title,3,14,48
9,10027907,title,3,14,48
9,10144039,title,3,14,47
9,10016669,description,3,14,63
9,10147999,description,3,14,58
9,10016683,description,3,14,52
9,10000281,description,3,14,55
9,10014413,title,3,14,49
9,10000543,title,3,14,40
9,10236459,description,3,14,176
9,10121079,title,3,14,49
9,10274781,description,3,14,53
9,10132021,title,3,14,47
9,10207591,description,3,14,61
9,10144529,description,3,14,59
9,10265325,description,3,14,174
9,10265139,description,3,14,195
9,10188221,description,3,14,55
9,10029995,title,3,14,46
9,10267939,title,3,14,48
9,10121149,description,3,14,60
9,10073007,description,3,14,57
9,10207583,description,3,14,59
90,10143975,description,3,14,64
90,10106295,description,3,14,585
90,10143875,description,3,14,99
90,10106211,title,3,14,75
90,10143757,description,3,14,94
90,10143959,title,3,14,51
90,10157913,title,3,14,33
90,10106211,description,3,14,480
90,10143959,description,3,14,65
90,10144063,title,3,14,50
90,10106295,title,3,14,68
90,10143867,title,3,14,51
90,10144063,description,3,14,64
90,10157913,description,3,14,92
90,10143867,description,3,14,65
91,1003783,description,3,17,107
91,10027319,title,3,17,47
91,10186777,title,3,17,61
91,10188813,description,3,17,103
91,10240047,title,3,17,53
91,10206971,title,3,17,40
91,10186777,description,3,17,294
91,10018801,description,3,17,84
91,10172921,description,3,17,117
91,10133063,title,3,17,60
91,10255921,title,3,17,68
91,10197735,title,3,17,75
91,10188845,title,3,17,42
91,10236641,title,3,17,50
91,10186779,description,3,17,310
91,10109017,title,3,17,54
91,10197159,description,3,17,275
91,10127797,title,3,17,60
91,10188817,title,3,17,52
91,1003783,title,3,17,30
91,10133059,title,3,17,51
91,10186843,title,3,17,71
91,10206971,description,3,17,148
91,10188829,description,3,17,102
91,10234511,description,3,17,266
91,10186779,title,3,17,69
91,10207043,description,3,17,113
91,10188829,title,3,17,43
91,10185217,title,3,17,43
91,10188821,description,3,17,112
91,10188821,title,3,17,51
91,10188781,description,3,17,112
91,10240047,description,3,17,133
91,10127797,description,3,17,245
91,10071025,title,3,17,45
91,10133061,title,3,17,55
91,10133067,description,3,17,111
91,10188713,title,3,17,51
91,10188823,title,3,17,60
91,10188731,description,3,17,104
91,10188713,description,3,17,73
91,10016747,title,3,17,51
91,10133081,title,3,17,51
91,10172921,title,3,17,67
91,10207043,title,3,17,48
91,10197633,description,3,17,614
91,10188845,description,3,17,101
91,10133061,description,3,17,110
91,10188781,title,3,17,51
91,10274393,description,3,17,109
92,10182275,title,3,10,39
92,10182279,description,3,10,166
92,10182267,title,3,10,35
92,10156877,title,3,10,59
92,10101529,description,3,10,199
92,10181833,title,3,10,47
92,10105861,description,3,10,215
92,10182277,title,3,10,34
92,10101529,title,3,10,65
92,10182275,description,3,10,170
92,10105861,title,3,10,68
92,10105877,title,3,10,86
92,10166959,title,3,10,67
92,10167843,description,3,10,211
92,10105877,description,3,10,198
92,10244125,title,3,10,51
92,10167837,description,3,10,241
92,10182273,description,3,10,166
92,10211875,title,3,10,51
92,10181867,title,3,10,43
92,10244125,description,3,10,116
92,10166959,description,3,10,253
92,10211875,description,3,10,127
92,10182277,description,3,10,165
92,10181867,description,3,10,196
92,10156877,description,3,10,456
92,10167843,title,3,10,55
92,10182273,title,3,10,35
92,10181833,description,3,10,496
92,10167837,title,3,10,63
93,10051487,description,3,14,398
93,10235563,description,3,14,159
93,10185733,title,3,14,37
93,10051483,title,3,14,47
93,10131759,description,3,14,71
93,10265887,description,3,14,698
93,10167851,title,3,14,49
93,10021085,title,3,14,59
93,10025329,title,3,14,41
93,10072955,title,3,14,40
93,10235563,title,3,14,61
93,10167851,description,3,14,226
93,10265867,description,3,14,516
93,10021085,description,3,14,445
93,10131759,title,3,14,45
93,10265887,title,3,14,42
93,10025329,description,3,14,180
93,10051487,title,3,14,46
93,10185733,description,3,14,905
93,10072955,description,3,14,227
93,10051483,description,3,14,399
93,10265867,title,3,14,41
94,10254773,description,3,22,105
94,10073649,title,3,22,27
94,10254773,title,3,22,47
94,10073659,title,3,22,28
94,10073645,description,3,22,206
94,10186469,description,3,22,153
94,10248895,description,3,22,136
94,10073661,description,3,22,188
94,10073685,title,3,22,35
94,10248895,title,3,22,39
94,10092533,title,3,22,36
94,10073681,title,3,22,30
94,10252689,title,3,22,38
94,10073623,description,3,22,212
94,10073625,title,3,22,29
94,10073645,title,3,22,28
94,10252689,description,3,22,108
94,10133399,description,3,22,209
94,10248889,description,3,22,136
94,10133399,title,3,22,35
94,10073685,description,3,22,213
94,10073653,description,3,22,190
94,10092533,description,3,22,178
94,10073649,description,3,22,195
94,10073681,description,3,22,191
94,10073659,description,3,22,206
94,10248889,title,3,22,45
94,10073625,description,3,22,177
94,10073677,description,3,22,188
94,10186469,title,3,22,32
94,10073653,title,3,22,29
95,10074437,title,3,10,35
95,10074451,title,3,10,34
95,10167925,description,3,10,196
95,10074453,description,3,10,196
95,10074433,description,3,10,196
95,10167925,title,3,10,37
95,10074463,description,3,10,197
95,10074447,description,3,10,193
95,10074433,title,3,10,35
95,10074453,title,3,10,35
95,10074463,title,3,10,39
96,10216863,description,3,18,419
96,10242709,title,3,18,44
96,1010018,title,3,18,52
96,1010018,description,3,18,147
96,10133089,title,3,18,69
96,10133089,description,3,18,258
96,10216863,title,3,18,39
96,10242709,description,3,18,110
97,10180489,title,3,13,48
97,10170643,description,3,13,59
97,1013864,title,3,13,40
97,1010500,description,3,13,130
97,1013866,description,3,13,166
97,10145033,description,3,13,380
97,10262745,title,3,13,79
97,10256947,title,3,13,52
97,10235405,description,3,13,660
97,10144959,title,3,13,48
97,10262843,description,3,13,277
97,10205441,description,3,13,594
97,10244677,title,3,13,45
97,10262895,description,3,13,293
97,10262869,description,3,13,275
97,10262879,description,3,13,286
97,1010500,title,3,13,28
97,10145011,title,3,13,72
97,10262745,description,3,13,283
97,10262867,title,3,13,76
97,1010498,title,3,13,27
97,10144961,title,3,13,31
97,10170643,title,3,13,70
97,10145033,title,3,13,47
97,10262947,description,3,13,280
97,10144961,description,3,13,351
97,1017725,description,3,13,135
97,10262865,description,3,13,281
97,10256885,description,3,13,112
97,10256975,description,3,13,92
97,10262837,description,3,13,281
97,10262843,title,3,13,75
97,10262869,title,3,13,73
97,10243479,title,3,13,30
97,1010498,description,3,13,112
97,10145017,description,3,13,341
97,1013864,description,3,13,152
97,10262947,title,3,13,66
97,10262895,title,3,13,80
97,10243479,description,3,13,161
97,10001281,description,3,13,311
97,1017725,title,3,13,28
97,1013866,title,3,13,34
97,10235405,title,3,13,33
97,10256975,title,3,13,79
97,10262879,title,3,13,79
97,10144959,description,3,13,365
97,10145011,description,3,13,253
97,10262755,title,3,13,69
97,10180489,description,3,13,437
98,10048371,description,3,14,207
98,10173127,title,3,14,54
98,10264741,description,3,14,176
98,10264741,title,3,14,53
98,10173137,description,3,14,195
98,10037089,description,3,14,339
98,10173119,title,3,14,52
98,10048389,title,3,14,30
98,10180227,description,3,14,214
98,10173119,description,3,14,224
98,10048371,title,3,14,54
98,10173137,title,3,14,40
98,10235413,title,3,14,72
98,10235413,description,3,14,574
98,10048389,description,3,14,212
98,10180227,title,3,14,39
98,10173127,description,3,14,232
98,10037089,title,3,14,42
99,10244671,description,3,10,158
99,10145021,title,3,10,60
99,10244671,title,3,10,33
99,10145021,description,3,10,300
