query_id,pos_document_id,neg_document_id,field,neg_recycled,anchor_chars,positive_chars,negative_chars
1,10068569,10013541,description,false,20,123,155
1,10196249,1013866,title,false,20,65,34
1,10158627,10235395,description,false,20,126,105
1,10058203,10007595,description,false,20,140,169
1,10038921,10002707,description,false,20,95,122
1,10039367,10012721,description,false,20,145,121
1,10058199,10017923,description,false,20,139,106
1,10058339,10262853,description,false,20,132,96
1,10009775,10016755,description,false,20,127,121
1,10009623,10004165,description,false,20,130,88
1,10166763,10001251,description,false,20,124,63
1,10075725,10001975,title,false,20,59,56
1,10095231,10257047,description,false,20,138,96
1,10039387,10002825,description,false,20,154,107
1,10009671,10007811,description,false,20,132,203
1,10101395,10000747,title,false,20,54,78
1,10098527,10007801,description,false,20,125,142
1,10058499,10134173,title,false,20,88,66
1,10068567,10111115,title,false,20,65,40
1,10058435,10000657,title,false,20,63,77
1,10170215,10015831,title,false,20,67,53
1,10009621,10012795,description,false,20,140,122
1,10058453,10256867,description,false,20,130,145
1,10058181,10002833,title,false,20,75,71
1,10009617,10017831,description,false,20,120,106
1,10058305,10256973,description,false,20,139,74
1,10058535,10017079,description,false,20,149,71
1,10196233,1017725,title,false,20,71,28
1,10058223,10017869,title,false,20,71,43
1,10068583,10016727,description,false,20,123,202
1,10128353,10013703,description,false,20,126,138
1,10009619,10015983,description,false,20,156,47
1,10058399,10017671,description,false,20,126,120
1,10058469,1010500,title,false,20,71,28
1,10058387,10017391,title,false,20,76,80
1,10068611,10017855,title,false,20,67,48
1,10156749,10017835,description,false,20,133,106
1,10235537,10013641,title,false,20,75,70
1,10158641,10013025,title,false,20,74,32
1,10158755,10003387,description,false,20,133,118
1,10009647,10015929,title,false,20,80,54
1,10009681,10017053,title,false,20,85,84
1,10211983,10111129,description,false,20,125,117
1,10009773,10111105,description,false,20,140,119
1,10009711,10012783,description,false,20,124,136
1,10038921,10256901,title,false,20,91,58
1,10048073,1009552,title,false,20,79,27
10,10170661,10036431,description,false,14,45,178
10,10148361,10012863,title,false,14,65,49
10,10009611,10004171,description,false,14,125,83
10,10017113,10173641,title,false,14,64,54
10,1010498,10136033,description,false,14,112,60
10,10148345,10012761,description,false,14,60,111
10,10041745,10013487,title,false,14,57,72
10,10004161,10017427,description,false,14,62,376
10,10170363,10000583,title,false,14,66,46
10,10269809,10207133,description,false,14,120,91
10,10136201,1000494,title,false,14,58,48
10,10150241,10001251,description,false,14,60,63
10,10202235,10017031,description,false,14,172,102
10,10270099,10001773,title,false,14,53,46
10,10148361,10007763,description,false,14,147,320
10,10003277,10242863,title,false,14,49,52
10,10004179,10128145,description,false,14,75,184
10,10242711,10013237,title,false,14,58,39
10,10024767,10012971,description,false,14,57,100
10,10236115,10015921,title,false,14,55,59
10,10019869,10012959,title,false,14,61,47
10,10136037,10150015,description,false,14,60,59
10,10004179,10000805,title,false,14,54,57
10,10004181,10007611,description,false,14,75,195
10,10270053,10013617,description,false,14,104,168
10,10028843,10012917,title,false,14,52,48
10,10070729,10220617,title,false,14,49,58
10,10136157,10017771,description,false,14,69,115
10,10070729,10254489,description,false,14,60,189
10,10144531,10000751,title,false,14,61,57
10,10242855,10012433,title,false,14,48,46
10,10220737,10242833,title,false,14,55,57
10,10177215,1001062,description,false,14,47,293
10,10201823,10015997,title,false,14,52,64
10,10004181,10013055,title,false,14,65,49
10,10144531,10001849,description,false,14,71,228
10,10003075,10028635,description,false,14,57,164
10,10013261,10003213,description,false,14,82,98
10,10003417,10148367,title,false,14,58,64
10,10202235,10017007,title,false,14,70,71
10,10136157,10012881,title,false,14,52,49
10,10150581,10007713,title,false,14,66,52
10,1015476,10007683,description,false,14,204,192
10,10047999,10016997,description,false,14,138,74
10,10263185,10015151,description,false,14,117,85
100,10261367,10145677,title,false,16,50,60
100,10166959,10145677,title,true,16,67,60
100,10167821,10145677,title,true,16,50,60
100,10181833,10145677,title,true,16,47,60
100,10143543,10145677,description,true,16,262,174
100,10181783,10145677,title,true,16,38,60
100,10181899,10145677,description,true,16,204,174
100,10017429,10145677,title,true,16,51,60
100,10181823,10145677,title,true,16,37,60
100,10181867,10145677,title,true,16,43,60
100,10101529,10145677,description,true,16,199,174
100,10017429,10145677,description,true,16,220,174
100,10167837,10145677,description,true,16,241,174
100,10167851,10145677,title,true,16,49,60
100,10181885,10145677,title,true,16,36,60
100,10017439,10145677,title,true,16,52,60
100,10167851,10145677,description,true,16,226,174
100,10166959,10145677,description,true,16,253,174
100,10181783,10145677,description,true,16,208,174
100,10181809,10145677,description,true,16,234,174
100,10181809,10145677,title,true,16,52,60
100,10181913,10145677,title,true,16,31,60
100,10181869,10145677,description,true,16,195,174
100,10017439,10145677,description,true,16,222,174
100,10181867,10145677,description,true,16,196,174
100,10167843,10145677,title,true,16,55,60
100,10074201,10145677,description,true,16,203,174
100,10167821,10145677,description,true,16,227,174
100,10181885,10145677,description,true,16,193,174
100,10181869,10145677,title,true,16,52,60
100,10143543,10145677,title,true,16,54,60
100,10167837,10145677,title,true,16,63,60
100,10181883,10145677,description,true,16,194,174
100,10181823,10145677,description,true,16,194,174
100,10074201,10145677,title,true,16,47,60
100,10181883,10145677,title,true,16,32,60
100,10181913,10145677,description,true,16,192,174
100,10167843,10145677,description,true,16,211,174
100,10181899,10145677,title,true,16,50,60
100,10261367,10145677,description,true,16,298,174
100,10101529,10145677,title,true,16,65,60
100,10181833,10145677,description,true,16,496,174
101,10015165,10145313,title,false,14,55,33
101,10180905,10243435,description,false,14,77,103
101,10252481,10157901,description,false,14,82,137
101,10015159,10243537,description,false,14,74,136
101,1011672,10002761,title,false,14,25,40
101,10015163,10002193,title,false,14,50,39
101,1011679,10241519,description,false,14,155,117
101,10015167,10041421,description,false,14,75,95
101,10015171,10019567,title,false,14,51,40
101,1011672,10243563,description,false,14,128,159
101,10015165,10251421,description,false,14,77,178
101,10237425,10243509,title,false,14,62,35
101,10232793,10239821,title,false,14,56,53
101,10015155,10243499,description,false,14,72,221
101,10252481,10205395,title,false,14,58,50
101,10236763,10244381,title,false,14,53,28
101,10015171,10002337,description,false,14,73,141
101,10015153,10244421,title,false,14,59,27
101,10236763,10193621,description,false,14,81,193
101,1011679,10244149,title,false,14,17,53
101,10237425,10145245,description,false,14,84,106
101,10015159,10001773,title,false,14,52,46
101,10015167,10137043,title,false,14,53,49
101,10184387,10244679,description,false,14,74,100
101,10015153,10145033,description,false,14,81,380
101,10180905,10244583,title,false,14,49,28
101,10184387,10243479,title,false,14,56,30
101,10232793,10002195,description,false,14,1077,141
103,10234523,10002195,description,false,14,334,141
103,10168463,10027171,title,false,14,75,56
103,10245789,10002337,description,false,14,220,141
103,10197727,10001989,title,false,14,79,48
103,10197729,10111405,description,false,14,602,127
103,10144797,10019567,title,false,14,65,40
103,10234533,10241509,description,false,14,291,215
103,10197741,10266647,title,false,14,91,38
103,10234533,10241525,title,false,14,68,68
103,10168463,10027167,description,false,14,220,92
103,10075165,10251421,title,false,14,72,53
103,10236739,10001573,title,false,14,84,40
103,10236739,10243563,description,false,14,211,159
103,10197737,10243479,description,false,14,476,161
103,10197729,10111397,title,false,14,55,56
103,10197727,10111417,description,false,14,470,93
103,10245789,10266619,title,false,14,72,44
103,10075177,10243499,description,false,14,496,221
103,10144797,1001050,description,false,14,167,275
103,10075177,10111407,title,false,14,64,62
103,10225009,10145033,title,false,14,78,47
103,10271953,10251419,description,false,14,87,133
103,10225009,10134193,description,false,14,207,53
103,10197741,10111393,description,false,14,736,127
103,10075165,10240187,description,false,14,630,141
103,10234523,10040633,title,false,14,70,34
103,10271953,10266601,title,false,14,48,46
103,10197737,10001773,title,false,14,63,46
106,10242673,10028095,title,false,18,45,50
106,10242673,10245441,description,false,18,80,66
108,10185901,10001573,description,false,15,82,154
108,1011625,10027171,description,false,15,61,92
108,10234493,1001050,title,false,15,69,58
108,1020500,10240187,title,false,15,48,66
108,10255065,10001931,description,false,15,174,125
108,10234493,10251421,description,false,15,340,178
108,10255061,10111407,title,false,15,52,62
108,10255059,10243499,description,false,15,164,221
108,10185911,10001527,description,false,15,70,121
108,10186821,10266637,title,false,15,87,45
108,10185911,10001211,title,false,15,51,53
108,10186793,10001497,description,false,15,271,140
108,10255067,10243509,title,false,15,56,35
108,1020500,10251419,description,false,15,107,133
108,10186807,10241525,description,false,15,394,215
108,1011625,10040633,title,false,15,35,34
108,10186821,10002003,description,false,15,399,124
108,10207611,10001665,description,false,15,88,99
108,10207619,10266601,title,false,15,38,46
108,10185909,10266647,title,false,15,44,38
108,10185931,10111401,description,false,15,68,93
108,10185931,10241519,title,false,15,49,65
108,10185927,10002337,description,false,15,95,141
108,10185927,10231651,title,false,15,51,51
108,10186807,10231649,title,false,15,86,58
108,1011624,10266661,description,false,15,65,314
108,10207619,10266619,description,false,15,90,44
108,10186793,10019567,title,false,15,83,40
108,10255059,10157901,title,false,15,51,34
108,10185909,10001773,description,false,15,88,150
108,10185893,10179337,description,false,15,88,100
108,10185893,10001989,title,false,15,43,48
108,10255073,10002195,description,false,15,183,141
108,10255067,10111417,description,false,15,184,93
108,10207611,10001573,title,true,15,36,40
108,10255061,10001573,description,true,15,176,154
108,1011624,10027171,title,true,15,39,56
108,10185901,1001050,title,true,15,58,58
11,10032531,10174759,description,false,13,130,115
11,10032707,10089145,title,false,13,39,80
11,10178037,10038969,title,false,13,44,42
11,10160767,10185631,description,false,13,111,175
11,10178009,10185045,description,false,13,104,105
11,10025037,10185593,title,false,13,67,70
11,10161373,10185477,title,false,13,42,55
11,10178009,10002835,title,false,13,40,72
11,10032459,10089151,title,false,13,56,78
11,10032595,10002831,description,false,13,133,261
11,10032719,10185319,description,false,13,155,143
11,10178041,10003695,description,false,13,113,104
11,10032719,10185279,title,false,13,54,63
11,10032681,10089133,description,false,13,75,121
11,10032791,10185167,title,false,13,55,47
11,10159111,10185015,title,false,13,38,56
11,10257543,10002829,title,false,13,47,70
11,10244469,10016269,title,false,13,36,79
11,10032475,10185483,description,false,13,141,100
11,10032741,10185447,title,false,13,54,60
11,10177965,10185261,description,false,13,109,113
11,10025037,10185125,description,false,13,137,116
11,10178013,10185997,description,false,13,277,104
11,10178047,10185629,description,false,13,125,164
11,10032823,10185025,title,false,13,58,73
11,10032631,10185051,title,false,13,63,81
11,10032707,10185173,description,false,13,113,163
11,10178057,10002455,description,false,13,112,288
11,10135081,10185037,description,false,13,94,119
11,10244549,10185239,title,false,13,29,71
11,10032531,10185017,title,false,13,76,78
11,10032637,10001157,title,false,13,58,41
11,10032551,10027385,title,false,13,50,42
11,10160767,10185321,title,false,13,44,64
11,10185863,10185559,description,false,13,111,151
11,10032643,10075177,description,false,13,165,496
11,10185863,10174759,title,true,13,50,77
11,10032465,10174759,description,true,13,121,115
11,10032537,10089145,description,true,13,135,123
11,10178013,10089145,title,true,13,56,80
11,10134545,10038969,title,true,13,53,42
11,10177993,10185631,title,true,13,39,72
11,10000901,10185045,title,true,13,42,61
11,10244549,10038969,description,true,13,304,102
11,10134909,10185631,description,true,13,76,175
11,10178027,10185045,description,true,13,126,105
11,10134879,10185593,title,true,13,54,70
11,10185875,10185593,description,true,13,103,129
110,10021145,10255051,title,false,14,44,44
110,10193961,10266647,title,false,14,54,38
110,10074625,10231811,description,false,14,102,99
110,10016747,10243509,title,false,14,51,35
110,10185627,10158165,title,false,14,50,79
110,10206765,10205535,description,false,14,113,100
110,10207129,10208593,description,false,14,141,99
110,10207021,10208587,title,false,14,49,43
110,10246991,10202281,description,false,14,62,103
110,10206755,10223319,description,false,14,127,100
110,10197067,10222929,title,false,14,58,54
110,10238397,10019567,title,false,14,39,40
110,10185627,10091317,description,false,14,85,180
110,10074625,10255051,title,true,14,45,44
110,10172905,10255051,description,true,14,134,103
110,10193961,10231811,description,true,14,69,99
110,10021145,10158165,description,true,14,83,676
110,10172921,10266647,title,true,14,67,38
110,10193915,10243509,title,true,14,54,35
110,10207123,10231811,title,true,14,50,44
110,10197067,10205535,description,true,14,136,100
110,10206769,10208593,description,true,14,109,99
110,10172903,10158165,title,true,14,52,79
110,10172907,10205535,title,true,14,49,45
110,10193935,10208593,title,true,14,56,44
110,10246991,10208587,title,true,14,51,43
110,10197665,10202281,title,true,14,68,48
110,10021167,10223319,title,true,14,57,45
110,10207021,10208587,description,true,14,138,98
110,10172921,10202281,description,true,14,117,103
110,10172903,10223319,description,true,14,120,100
110,10206899,10222929,title,true,14,52,54
110,1003783,10019567,title,true,14,30,40
110,10206755,10091317,title,true,14,41,49
110,10021167,10222929,description,true,14,88,109
110,1003781,10091317,description,true,14,171,180
110,10206765,10255051,title,true,14,50,44
110,10238397,10255051,description,true,14,117,103
110,10172907,10231811,description,true,14,153,99
110,10016747,10158165,description,true,14,159,676
110,10206763,10205535,description,true,14,121,100
110,10193915,10208593,description,true,14,103,99
110,1003781,10266647,title,true,14,17,38
110,10238421,10243509,title,true,14,53,35
110,10172905,10231811,title,true,14,66,44
110,1003783,10208587,description,true,14,107,98
110,10238421,10202281,description,true,14,188,103
110,10206769,10158165,title,true,14,40,79
110,10193935,10223319,description,true,14,105,100
110,10206899,10222929,description,true,14,101,109
111,10101607,10164207,title,false,17,45,81
111,10244513,10144967,description,false,17,63,109
111,10244459,10244569,title,false,17,37,35
111,10145245,10244581,title,false,17,33,24
111,10145333,10145341,description,false,17,108,72
111,10244443,10005903,description,false,17,64,88
111,10101129,10244489,description,false,17,57,50
111,10129605,10101119,description,false,17,62,59
111,10129601,10005971,title,false,17,48,74
111,10197221,10145269,description,false,17,67,66
111,10071499,10246499,title,false,17,44,73
111,10245441,10243457,title,false,17,58,34
111,10013361,10145303,title,false,17,62,40
111,10101121,10101131,description,false,17,79,59
111,10188253,10244595,title,false,17,40,40
111,10180681,10244483,title,false,17,33,37
111,10000369,10121941,description,false,17,46,59
111,10145295,10145343,title,false,17,37,48
111,10101619,10244431,title,false,17,49,37
111,10145245,10145005,description,false,17,106,117
111,10243471,10145271,title,false,17,35,33
111,10244447,10244317,description,false,17,115,140
111,10101121,10144991,title,false,17,54,33
111,10244459,10164207,description,true,17,88,167
111,10243463,10144967,description,true,17,79,109
111,10145323,10244569,description,true,17,105,78
111,10264983,10244581,description,true,17,169,87
111,10244443,10164207,title,true,17,46,81
111,10274645,10144967,title,true,17,40,39
111,10205425,10244569,title,true,17,26,35
111,10101129,10244581,title,true,17,42,24
111,10197225,10145341,title,true,17,64,36
111,10205425,10145341,description,true,17,56,72
111,10000107,10005903,title,true,17,41,83
111,10264983,10244489,title,true,17,63,35
111,10000107,10005903,description,true,17,55,88
111,10180923,10244489,description,true,17,56,50
111,10101607,10101119,description,true,17,54,59
111,10244303,10101119,title,true,17,34,47
111,10121853,10005971,description,true,17,57,51
111,10188253,10145269,description,true,17,56,66
111,10243509,10005971,title,true,17,35,74
111,10121853,10145269,title,true,17,68,36
111,10243463,10246499,title,true,17,35,73
111,10244447,10243457,title,true,17,37,34
112,10234551,10121933,title,false,18,34,43
112,10234495,10244373,description,false,18,298,123
112,10234495,10111395,title,false,18,57,62
112,10234549,10145313,description,false,18,107,105
112,10234511,10243433,title,false,18,50,33
112,10234511,10096225,description,false,18,266,149
112,10234545,10072507,description,false,18,120,149
112,10234549,10072523,title,false,18,46,44
112,10053963,10027171,description,false,18,89,92
112,10234551,10054047,description,false,18,103,339
112,10234553,10111401,description,false,18,129,93
112,10043077,10121943,description,false,18,417,144
112,10234553,10243509,title,false,18,54,35
112,10053963,10145245,title,false,18,30,33
112,10043077,10157901,title,false,18,54,34
112,10234545,10244285,title,false,18,48,37
113,1000507,10059721,description,false,15,117,93
113,1000507,10013269,title,false,15,33,42
113,10157913,10089225,description,false,15,92,91
113,10157913,10030295,title,false,15,33,63
114,10274569,10111007,title,false,16,22,39
114,10021449,10080179,description,false,16,189,94
114,10242891,10080183,title,false,16,34,44
114,10117173,10117227,description,false,16,141,171
114,10241331,10063631,description,false,16,205,124
114,10224509,10117251,title,false,16,27,44
114,10117173,10001931,title,false,16,33,47
114,10021469,10080177,description,false,16,186,94
114,10159405,10117233,description,false,16,137,173
114,10117195,10101691,title,false,16,25,34
114,10117157,10080175,title,false,16,37,44
114,10029687,10063693,description,false,16,140,127
114,10242891,10117265,description,false,16,471,171
114,10117065,10080181,title,false,16,33,44
114,10266877,10117239,description,false,16,198,171
114,10159407,10080187,title,false,16,37,44
114,10029687,10111007,title,true,16,26,39
114,10242953,10080179,title,true,16,35,44
114,10021447,10111007,description,true,16,189,133
114,10117203,10080183,title,true,16,25,44
114,10137319,10117227,title,true,16,54,44
114,10117201,10080179,description,true,16,139,94
114,10137043,10063631,title,true,16,49,48
114,10137101,10117251,title,true,16,47,44
114,10248349,10080183,description,true,16,411,94
114,10266917,10001931,title,true,16,24,47
114,10137145,10080177,title,true,16,46,44
114,10247655,10117233,title,true,16,29,44
114,10021449,10101691,title,true,16,26,34
114,10117065,10117227,description,true,16,141,171
114,10037001,10063631,description,true,16,139,124
114,10247655,10117251,description,true,16,221,171
114,10159395,10080175,title,true,16,25,44
114,10064639,10001931,description,true,16,695,125
114,10092025,10080177,description,true,16,636,94
114,10064639,10063693,title,true,16,58,34
114,10021469,10117265,title,true,16,36,44
114,10063557,10117233,description,true,16,188,173
114,10266823,10101691,description,true,16,217,235
114,10117203,10080175,description,true,16,133,100
114,10117101,10063693,description,true,16,147,127
114,10071795,10080181,title,true,16,34,44
115,10085061,10026255,title,false,17,47,57
115,10170161,10238547,description,false,17,44,106
115,10243499,10243509,title,false,17,53,35
115,10243435,10253773,description,false,17,103,110
115,10206969,10085969,description,false,17,92,94
115,10270099,10243537,description,false,17,98,136
115,10243479,10244679,description,false,17,161,100
115,10243499,10205633,description,false,17,221,102
115,10206867,10205425,title,false,17,48,26
115,10185561,10205385,title,false,17,42,66
115,10220711,10145033,description,false,17,97,380
115,10243473,10238553,description,false,17,163,105
115,10207069,10235889,title,false,17,36,40
115,10243563,10244677,title,false,17,30,45
115,10166441,10205399,description,false,17,61,224
115,10270099,10085981,title,false,17,53,52
115,10243473,10213475,title,false,17,34,54
115,10206943,10253767,title,false,17,43,63
115,10085061,10206021,description,false,17,78,100
115,10170161,10205655,title,false,17,67,51
115,10243435,10241525,title,false,17,28,68
115,10220711,10026241,title,false,17,54,54
115,10166441,10260315,title,false,17,34,55
115,10206943,10157901,description,false,17,92,137
115,10185561,10235405,description,false,17,72,660
115,10207133,10141827,description,false,17,91,130
115,10207379,10205701,description,false,17,76,110
115,10207379,10205401,title,false,17,35,37
115,10243563,10213481,description,false,17,159,98
115,10207069,10244421,description,false,17,99,121
115,10207133,10145021,title,false,17,42,60
116,10259963,10205463,title,false,13,45,39
116,10259963,10239615,description,false,13,110,244
117,10185717,10144987,description,false,10,71,139
117,10188055,10157901,title,false,10,48,34
117,10259411,10271401,title,false,10,39,36
117,10128885,10145027,title,false,10,28,27
117,10236393,10145039,title,false,10,46,32
117,10259443,10106049,description,false,10,74,536
117,10188139,10106267,title,false,10,56,67
117,10188139,10247253,description,false,10,91,88
117,10128873,10244381,title,false,10,32,28
117,10236385,10203341,description,false,10,329,98
117,10259467,10137145,title,false,10,42,46
117,10259467,10145041,description,false,10,87,121
117,10128915,10144983,title,false,10,41,24
117,10259427,10244583,description,false,10,63,158
117,10218293,10167957,description,false,10,89,544
117,10099591,10002809,description,false,10,103,1182
117,10263425,10137043,description,false,10,88,843
117,10236475,10145061,title,false,10,32,24
117,10218293,10157877,title,false,10,43,27
117,10236393,10145031,description,false,10,324,127
117,10062775,10002805,description,false,10,52,3010
117,10099591,10137319,title,false,10,55,54
117,10259427,10106119,title,false,10,41,69
117,10263425,10243509,title,false,10,51,35
117,10110737,10137101,title,false,10,69,47
117,10236475,10106081,description,false,10,122,512
117,10128885,10002807,description,false,10,121,1070
117,10236439,10244371,title,false,10,32,36
117,10128873,10238799,description,false,10,159,89
117,10259411,10145019,description,false,10,87,121
117,10128879,10144987,title,true,10,32,24
117,10128915,10144987,description,true,10,91,139
117,10062775,10157901,title,true,10,43,34
117,10236439,10157901,description,true,10,100,137
117,10185717,10271401,title,true,10,51,36
117,10128879,10271401,description,true,10,156,56
117,10110737,10145027,description,true,10,105,127
117,10259443,10145027,title,true,10,40,27
119,10211875,10017443,description,false,20,127,392
119,10211875,10167851,title,false,20,51,49
12,10242891,10208781,description,false,13,471,141
12,10029811,10117065,description,false,13,130,141
12,10248721,10036081,description,false,13,258,165
12,10248349,10044699,description,false,13,411,233
12,10248331,10036077,description,false,13,195,167
12,10064639,10007721,title,false,13,58,65
12,10071081,10029299,title,false,13,36,55
12,10248355,10080177,description,false,13,571,94
12,10248721,10002441,title,false,13,48,25
12,10248557,10071317,description,false,13,854,195
12,10248539,10005995,title,false,13,44,36
12,10075915,10035977,title,false,13,39,33
12,10243977,10044701,description,false,13,505,233
12,10137231,10029253,title,false,13,49,47
12,10029731,10044109,title,false,13,42,33
12,10173883,10030339,title,false,13,40,43
12,10182143,10029267,description,false,13,683,201
12,10071793,10080175,description,false,13,190,100
12,10262065,10044667,description,false,13,189,253
12,10137127,1005386,description,false,13,660,245
12,10071051,10006051,description,false,13,189,168
12,10243959,10006077,title,false,13,37,31
12,10137167,10038835,title,false,13,41,35
12,10137145,10080179,title,false,13,46,44
12,10233965,10080181,title,false,13,42,44
12,10029717,10006029,description,false,13,134,263
12,10029745,10063489,title,false,13,35,44
12,10029717,10030423,title,false,13,41,49
12,10124997,10159405,title,false,13,52,32
12,10071785,10063511,description,false,13,185,246
12,10262107,10029207,title,false,13,59,36
12,10071081,10035999,description,false,13,615,156
12,10253421,10117201,description,false,13,218,139
12,10248405,10063519,description,false,13,208,246
12,10248539,10030411,description,false,13,316,239
12,10063569,10119531,title,false,13,35,34
12,10248373,10007811,title,false,13,47,55
12,10253427,10117157,title,false,13,52,37
12,10101427,10063529,description,false,13,186,250
12,10029819,10129617,description,false,13,140,138
12,10248447,10029259,title,false,13,54,36
12,10137337,10122041,title,false,13,50,34
12,10243995,10029157,title,false,13,41,39
12,10029805,10129623,title,false,13,44,33
12,10243989,10080173,description,false,13,500,104
12,10182147,10063507,description,false,13,185,266
120,10255051,10185423,title,false,15,44,46
120,10222929,10185331,description,false,15,109,90
120,10208587,10021167,description,false,15,98,88
120,10208603,1003781,title,false,15,50,17
120,10208633,10016747,title,false,15,53,51
120,10158165,10185165,description,false,15,676,138
120,10091247,10234485,description,false,15,103,371
120,10208633,10185315,description,false,15,110,136
120,10255045,10266019,title,false,15,49,47
120,10222933,1003783,description,false,15,101,107
120,10205533,10207129,title,false,15,46,55
120,10208603,10107021,description,false,15,100,89
120,10231811,10021145,description,false,15,99,83
120,10255043,10206765,title,false,15,46,50
120,10158165,10185423,title,true,15,79,46
120,10202281,10185423,description,true,15,103,93
120,10255051,10185331,description,true,15,103,90
120,10208579,10185331,title,true,15,46,53
120,10208561,10021167,title,true,15,52,57
120,10208547,1003781,title,true,15,58,17
120,10255045,10021167,description,true,15,104,88
120,10208567,1003781,description,true,15,110,171
120,10202281,10016747,title,true,15,48,51
120,10255053,10016747,description,true,15,105,159
120,10208561,10185165,description,true,15,109,138
120,10208579,10234485,description,true,15,101,371
120,10208559,10185165,title,true,15,46,47
120,10223319,10185315,description,true,15,100,136
120,10208547,10266019,description,true,15,115,153
120,10222929,10234485,title,true,15,54,64
120,10222933,10185315,title,true,15,46,47
120,10223319,10266019,title,true,15,45,47
120,10202283,1003783,description,true,15,118,107
120,10091247,1003783,title,true,15,44,30
120,10208567,10207129,title,true,15,55,55
120,10208587,10107021,title,true,15,43,60
120,10202283,10021145,title,true,15,44,44
120,10208559,10207129,description,true,15,101,141
120,10255043,10107021,description,true,15,105,89
120,10205535,10206765,title,true,15,45,50
121,10244677,1013866,description,false,9,84,166
121,10144961,10196897,description,false,9,351,87
121,10256975,10145079,description,false,9,92,240
121,10145017,10038919,description,false,9,341,128
121,10197121,10243509,title,false,9,59,35
121,10256885,1010498,title,false,9,54,27
121,10145033,10235389,description,false,9,380,107
121,10144961,1013864,title,false,9,31,40
121,10180489,1009552,title,false,9,48,27
121,10257029,10167911,description,false,9,125,162
121,10257047,10197221,title,false,9,67,65
121,10144959,10243479,title,false,9,48,30
121,10144959,10205441,description,false,9,365,594
121,10256967,10235405,title,false,9,71,33
121,10256975,1009547,title,false,9,79,27
121,10257031,10255793,title,false,9,46,48
121,10257047,1010500,description,false,9,96,130
121,10257007,10038925,title,false,9,50,75
121,10180489,10038915,description,false,9,437,142
121,10256885,10170487,description,false,9,112,55
121,10197125,10196893,description,false,9,126,96
121,10197115,10243563,description,false,9,124,159
121,10197121,10235395,description,false,9,124,105
121,10145033,10170283,title,false,9,47,69
121,10145017,10038921,title,false,9,46,91
121,10257031,10167919,description,false,9,77,132
121,10257007,10235369,description,false,9,125,107
121,10244677,10001281,title,false,9,45,40
123,10050725,10234525,description,false,12,188,305
123,10050725,10019567,title,false,12,23,40
123,10050735,10207335,title,false,12,24,57
123,10050735,10096435,description,false,12,190,99
124,10244575,10117025,title,false,11,42,28
124,10244371,10244677,title,false,11,36,45
124,10244371,10001573,description,false,11,227,154
124,10244575,10244525,description,false,11,114,103
124,10145065,10002195,description,false,11,139,141
124,10244385,10140011,description,false,11,133,69
124,10145065,10266647,title,false,11,41,38
124,10244385,10244681,title,false,11,47,33
124,10145021,10145033,title,false,11,60,47
124,10145021,10244583,description,false,11,300,158
125,10040177,10111405,description,false,16,360,127
125,10040171,10244381,description,false,16,351,158
125,10015863,10051111,title,false,16,57,63
125,10015863,10205395,description,false,16,148,229
125,10040177,10147243,title,false,16,57,50
125,10015921,10002003,description,false,16,340,124
125,10054047,10027171,description,false,16,339,92
125,10040171,10241519,title,false,16,52,65
125,10238567,10111393,title,false,16,73,56
125,10217109,10234505,description,false,16,307,342
125,10015921,10019567,title,false,16,59,40
125,10054037,10231649,title,false,16,44,58
125,10054037,10027167,description,false,16,339,92
125,10217109,10001975,title,false,16,79,56
125,10054047,10031565,title,false,16,44,54
125,10238567,10111397,description,false,16,283,127
126,10145677,10197225,description,false,15,174,67
126,10145677,10002193,title,false,15,60,39
127,10006199,10138679,description,false,19,78,92
127,10039969,1027237,title,false,19,61,62
127,10006191,10157901,title,false,19,60,34
127,10216863,10138301,description,false,19,419,109
127,10216863,10250615,title,false,19,39,49
127,1010018,10138297,title,false,19,52,64
127,10162059,10003199,description,false,19,92,126
127,10162059,10242393,title,false,19,52,87
127,10039969,10138435,description,false,19,77,91
127,10006191,10003081,description,false,19,95,159
127,1010018,10138927,description,false,19,147,101
128,10006029,10266661,title,false,19,36,45
128,10006029,10217093,description,false,19,263,395
128,10044701,10015819,description,false,19,233,91
128,10201167,10241793,title,false,19,51,50
128,10044701,10117247,title,false,19,33,50
128,10029253,10254613,title,false,19,47,44
128,10029253,10015919,description,false,19,214,326
128,10201293,10239821,title,false,19,51,53
128,1005386,10063693,title,false,19,41,34
128,10201293,10145061,description,false,19,195,138
128,1005386,10157901,description,false,19,245,137
128,10201167,10144987,description,false,19,244,139
128,10111179,1001060,description,false,19,107,263
128,10111179,10001931,title,false,19,30,47
129,10234525,10017237,title,false,18,73,27
129,10271953,10244677,description,false,18,87,84
129,10234525,1020977,description,false,18,305,96
129,10271953,10157955,title,false,18,48,28
13,10025543,10014361,title,false,15,66,47
13,10054047,10015161,description,false,15,339,79
13,1010546,10015165,title,false,15,52,55
13,10241779,10030221,description,false,15,319,58
13,10026855,10002151,description,false,15,308,468
13,10054047,10004155,title,false,15,44,60
13,10239511,10000245,description,false,15,329,59
13,10238561,10072511,title,false,15,54,44
13,10015919,10017869,description,false,15,326,106
13,1010554,10238927,description,false,15,473,51
13,10025543,10072523,description,false,15,397,151
13,10015919,10017833,title,false,15,52,56
13,10025541,10000215,title,false,15,62,48
13,10241801,10006015,title,false,15,67,46
13,10217131,10004053,title,false,15,57,56
13,10024583,10130745,title,false,15,46,37
13,10015915,10239821,title,false,15,58,53
13,10238557,10017923,title,false,15,39,43
13,10020307,10236695,description,false,15,341,152
13,10025541,10096225,description,false,15,312,149
13,10241783,10005911,description,false,15,400,53
13,10024927,10121933,description,false,15,327,144
13,10241793,10006003,title,false,15,50,34
13,1010542,10202599,description,false,15,408,101
13,10020223,10012433,title,false,15,52,46
13,10020223,10035807,description,false,15,318,58
13,10234797,10121997,title,false,15,14,54
13,10024935,10011181,description,false,15,313,87
13,10025539,10002193,title,false,15,55,39
13,10026855,10016685,title,false,15,55,44
13,10024945,10017079,description,false,15,341,71
13,10234813,10015151,description,false,15,84,85
13,10025539,10015159,description,false,15,311,74
13,10241781,10035825,title,false,15,56,46
13,10217055,10017031,title,false,15,55,70
13,10020329,10266661,title,false,15,59,45
13,10234797,10121945,description,false,15,190,171
13,10241783,10006039,title,false,15,66,32
13,10217089,10030141,description,false,15,376,56
13,10024583,10243537,description,false,15,315,136
13,10020329,10015167,description,false,15,312,75
13,10015921,10017913,description,false,15,340,121
13,10217111,10121929,title,false,15,69,75
13,10024945,10012373,title,false,15,53,46
13,1010546,10002181,description,false,15,368,138
13,10238561,10014735,description,false,15,219,126
13,10020307,10001975,title,false,15,56,56
13,10217063,10001773,title,false,15,52,46
131,10244671,10207371,title,false,10,33,31
131,10244671,10233269,description,false,10,158,104
131,10247475,10001657,title,false,10,54,47
131,10244695,10002763,title,false,10,27,36
131,10247475,10014665,description,false,10,118,101
131,10244695,10041421,description,false,10,76,95
134,10063995,10251419,title,false,15,51,63
134,10002791,10001211,description,false,15,240,108
134,10064015,10266647,title,false,15,50,38
134,10063995,10019559,description,false,15,232,191
134,10002791,10001975,title,false,15,44,56
134,10202279,10111417,title,false,15,40,62
134,10064015,10179337,description,false,15,230,100
134,10177627,10002337,title,false,15,44,54
134,10202279,10001497,description,false,15,320,140
134,10002785,10258363,description,false,15,242,1396
134,10177627,10027171,description,false,15,324,92
134,10177629,10111397,description,false,15,318,127
134,10096481,10001773,description,false,15,244,150
134,10096481,10266603,title,false,15,39,34
134,10002785,10111395,title,false,15,45,62
135,10193875,10041873,title,false,15,62,47
135,10013515,10041871,title,false,15,55,46
135,10193869,10019279,description,false,15,102,600
135,10193865,10041877,description,false,15,200,1027
135,10193873,10041421,description,false,15,174,95
135,10231721,10019247,title,false,15,59,88
135,10231721,10019257,description,false,15,135,593
135,10193865,10019255,title,false,15,59,88
135,10193871,10041847,title,false,15,55,46
135,10193867,10050673,description,false,15,152,89
135,10013515,10176757,description,false,15,79,113
135,10193861,10236183,description,false,15,171,847
135,10193875,10176805,description,false,15,185,113
135,10193871,10012757,description,false,15,197,134
135,10193867,10206969,title,false,15,41,48
135,10193873,10248059,title,false,15,48,57
135,10193861,10236179,title,false,15,62,51
135,10193869,10041841,title,false,15,63,50
137,10012741,10092535,title,false,20,37,63
137,10239619,10239821,title,false,20,47,53
137,10027097,10240187,description,false,20,773,141
137,10018931,10266647,title,false,20,84,38
137,10018983,10132059,description,false,20,585,122
137,10174335,10001573,description,false,20,59,154
137,10018931,10092535,description,true,20,457,204
137,10132133,10240187,description,true,20,60,141
137,10098655,10239781,title,false,20,45,64
137,10132123,10089313,title,false,20,48,35
137,10018985,10132059,description,true,20,576,122
137,10132139,10001573,description,true,20,65,154
137,10012741,10092535,description,true,20,47,204
137,10018985,10092535,title,true,20,63,63
137,10012721,10239821,title,true,20,79,53
137,10098661,10240187,description,true,20,66,141
137,10098657,10132059,description,true,20,68,122
137,10132125,10266647,title,true,20,45,38
137,10012715,10240187,title,true,20,53,66
137,10239619,10001573,description,true,20,59,154
137,10098661,10239781,title,true,20,57,64
137,10012715,10092535,description,true,20,81,204
137,10132133,10132059,title,true,20,45,62
137,10098657,10089313,title,true,20,48,35
137,10207207,10001573,title,true,20,55,40
137,10132123,10240187,description,true,20,136,141
137,10012719,10092535,title,true,20,57,63
137,10027097,10239821,title,true,20,70,53
137,10012705,10266647,title,true,20,54,38
137,10174335,10240187,title,true,20,47,66
137,10207207,10132059,description,true,20,841,122
137,10098655,10001573,description,true,20,179,154
137,10018983,10239781,title,true,20,77,64
137,10012729,10132059,title,true,20,32,62
137,10012719,10092535,description,true,20,135,204
137,10012721,10240187,description,true,20,121,141
137,10132125,10132059,description,true,20,77,122
138,10186129,10145021,description,false,18,152,300
138,10073653,10265887,title,false,18,29,42
138,10186305,10243563,title,false,18,36,30
138,10186559,10256035,description,false,18,152,140
138,10179075,10130745,title,false,18,39,37
138,10035405,10244679,description,false,18,95,100
138,10186309,10251421,title,false,18,36,53
138,10073645,10001931,title,false,18,28,47
138,10073625,10244385,title,false,18,29,47
138,10179075,10266661,description,false,18,139,314
138,10186429,10180919,title,false,18,40,19
138,10073679,10106749,title,false,18,44,32
138,10073679,10145033,description,false,18,207,380
138,10073749,10244469,description,false,18,191,176
138,10186717,10157901,description,false,18,180,137
138,10254771,10239821,title,false,18,40,53
138,10035427,10233269,title,false,18,50,27
138,10073645,10274015,description,false,18,206,96
138,10073677,10266647,title,false,18,27,38
138,10186429,10193867,description,false,18,155,152
138,10254773,10244311,title,false,18,47,48
138,10073685,10205395,description,false,18,213,229
138,10186129,1008985,title,false,18,36,50
138,10186305,10244671,description,false,18,146,158
138,10073635,10205399,description,false,18,207,224
138,10092533,10243509,title,false,18,36,35
138,10035427,10244381,description,false,18,111,158
138,10073681,10274079,title,false,18,30,35
138,10186079,10244583,title,false,18,31,28
138,10254771,10243479,description,false,18,98,161
138,10186079,10243499,description,false,18,139,221
138,10035383,1008976,title,false,18,44,53
138,10035405,10243537,title,false,18,51,24
138,10097251,10145021,title,true,18,39,60
138,10186693,10265887,title,true,18,26,42
138,10073681,10145021,description,true,18,191,300
138,10092533,10265887,description,true,18,178,698
138,10186155,10243563,title,true,18,34,30
138,10254773,10243563,description,true,18,105,159
138,10073685,10256035,title,true,18,35,39
138,10186155,10256035,description,true,18,144,140
138,10186717,10130745,title,true,18,47,37
138,10097251,10244679,description,true,18,190,100
138,10073661,10251421,description,true,18,188,178
138,10186559,10244679,title,true,18,37,48
138,10073625,10001931,description,true,18,177,125
138,10186693,10244385,description,true,18,89,133
139,10267605,10111417,description,false,12,149,93
139,10260239,10134193,description,false,12,155,53
139,10268825,10266619,description,false,12,294,44
139,10260233,10001573,description,false,12,187,154
139,10258533,10240187,description,false,12,222,141
139,10260233,10019567,title,false,12,49,40
139,10179739,10251421,description,false,12,185,178
139,10206759,10251419,description,false,12,91,133
139,10179743,10243499,description,false,12,193,221
139,10127943,10241519,description,false,12,265,117
139,10258273,10111401,description,false,12,289,93
139,10268825,10266637,title,false,12,73,45
139,10258273,10001989,title,false,12,62,48
139,10207639,10266647,title,false,12,57,38
139,10206975,10256371,title,false,12,66,34
139,10267605,10001773,title,false,12,57,46
139,10260239,10234581,title,false,12,55,40
139,10179599,10231649,description,false,12,278,40
139,10179739,10040633,title,false,12,63,34
139,10206975,1001050,description,false,12,90,275
139,10234553,10243509,title,false,12,54,35
139,10127933,10002003,description,false,12,264,124
139,10255921,10002195,description,false,12,208,141
139,10002833,10233131,title,false,12,71,60
139,10001511,10193935,title,false,12,63,56
139,10179599,10266661,title,false,12,57,45
139,10127943,10001665,title,false,12,56,42
139,10001511,10001527,description,false,12,78,121
139,10179743,10266601,title,false,12,62,46
139,10268827,10027171,title,false,12,74,56
139,10234541,10001211,title,false,12,67,53
139,10207639,10001931,description,false,12,299,125
139,10258533,10001975,title,false,12,58,56
139,10002833,10002337,description,false,12,262,141
139,10268827,10233129,description,false,12,300,53
139,10206759,10111417,title,true,12,32,62
139,10255921,10019567,title,true,12,68,40
139,10234553,10111417,description,true,12,129,93
139,10234541,10134193,description,true,12,93,53
139,10127933,10134193,title,true,12,55,43
140,10092113,10244381,description,false,15,110,158
140,10089225,10244583,description,false,15,91,158
140,10036553,10180919,description,false,15,107,43
140,10038875,10243479,description,false,15,106,161
140,10038885,10243473,description,false,15,111,163
140,10159765,10243563,description,false,15,501,159
140,10036465,10243499,description,false,15,109,221
140,10205399,10243537,title,false,15,48,24
140,10030019,10244421,description,false,15,108,121
140,10128883,10145033,description,false,15,167,380
140,10245045,10243471,title,false,15,44,35
140,10030019,10243509,title,false,15,49,35
140,10235181,10243435,title,false,15,45,28
140,10245355,10244679,description,false,15,87,100
140,10166663,10180483,description,false,15,108,167
140,10132007,10145245,description,false,15,117,106
140,10205425,10002761,title,false,15,26,40
140,10245259,10157901,title,false,15,54,34
140,10036465,10244381,title,true,15,52,28
140,10169037,10244583,title,true,15,42,28
140,10038875,10180919,title,true,15,45,19
140,10247807,10244381,description,true,15,53,158
140,10205403,10244583,description,true,15,244,158
140,10245063,10243479,title,true,15,44,30
140,10245063,10180919,description,true,15,107,43
140,10187581,10243473,title,true,15,35,34
140,10089225,10243563,title,true,15,42,30
140,10202599,10243479,description,true,15,101,161
140,10205385,10243473,description,true,15,234,163
140,10132007,10243499,title,true,15,48,53
140,10233999,10243537,title,true,15,58,24
140,10247703,10244421,title,true,15,51,27
140,10127543,10243471,title,true,15,58,35
140,10245045,10243563,description,true,15,112,159
140,10159833,10243499,description,true,15,500,221
140,10060375,10243509,title,true,15,64,35
140,10036541,10145033,title,true,15,51,47
140,10036349,10243435,title,true,15,51,28
140,10202585,10002761,title,true,15,48,40
140,10202595,10243537,description,true,15,108,136
140,10205401,10244679,title,true,15,37,48
140,10205399,10244421,description,true,15,224,121
140,10205395,10180483,title,true,15,50,33
140,10205425,10145033,description,true,15,56,380
140,10205441,10243435,description,true,15,594,103
140,10247703,10244679,description,true,15,52,100
140,10202571,10145245,title,true,15,46,33
140,10060375,10180483,description,true,15,118,167
142,10024517,10001585,title,false,14,55,47
142,10012769,10132133,title,false,14,65,45
142,10012779,10145033,title,false,14,65,47
142,10012799,10001573,title,false,14,51,40
142,10024515,10001931,title,false,14,47,47
142,10012791,10098661,description,false,14,122,66
142,10012779,10132139,description,false,14,122,65
142,10024513,10098657,description,false,14,113,68
142,10024489,10098651,description,false,14,135,82
142,10012771,10019567,title,false,14,51,40
142,10012797,10241519,description,false,14,114,117
142,10024513,10243479,title,false,14,47,30
142,10012813,10132135,description,false,14,122,63
142,10012767,10205395,description,false,14,127,229
142,10024515,10017397,description,false,14,114,127
142,10012807,10132131,description,false,14,127,67
142,10012799,10243563,description,false,14,132,159
142,10012771,10002195,description,false,14,132,141
142,10024517,10174335,description,false,14,121,59
142,10012821,10243509,title,false,14,65,35
142,10012821,10098647,description,false,14,128,84
142,10012769,10132125,description,false,14,121,77
145,10244371,10198067,title,false,11,36,48
145,10145021,10130745,title,false,11,60,37
145,10244371,10050673,description,false,11,227,89
145,10062173,10001931,title,false,11,58,47
145,10062173,10244577,description,false,11,137,100
145,10145021,10115197,description,false,11,300,46
146,10134705,10196893,title,false,10,51,48
146,10145245,10267633,title,false,10,33,69
146,10213017,10231941,description,false,10,91,66
146,10255751,10016703,title,false,10,56,44
146,10255637,10193689,description,false,10,108,117
146,10213017,10137813,title,false,10,64,59
146,10101129,10231901,title,false,10,42,36
146,10212987,10231969,title,false,10,58,38
146,10134851,10231917,description,false,10,57,57
146,10145245,10205425,description,false,10,106,56
146,10212957,10243509,title,false,10,56,35
146,10244447,10232001,description,false,10,115,57
146,10255755,10231913,title,false,10,86,35
146,10145303,10267989,title,false,10,40,65
146,10212989,10157913,description,false,10,65,92
146,10197221,10193723,description,false,10,67,57
146,10255557,10231919,description,false,10,379,57
146,10255557,10016685,title,false,10,71,44
146,10145303,10231905,description,false,10,56,57
146,10181381,10202759,description,false,10,870,58
146,10244447,10005937,title,false,10,37,64
146,10212987,10196893,description,true,10,58,96
146,10255637,10243457,title,false,10,46,34
146,10181381,10196893,title,true,10,74,48
146,10212989,10267633,title,true,10,64,69
146,10145313,10267633,description,true,10,105,386
146,10212917,10231941,title,true,10,57,44
146,10255831,10231941,description,true,10,431,66
146,10145333,10193689,description,true,10,108,117
146,10197221,10016703,title,true,10,65,44
146,10255751,10137813,description,true,10,416,57
146,10201927,10193689,title,true,10,37,44
146,10255831,10137813,title,true,10,61,59
146,10203221,10231901,title,true,10,47,36
146,10203221,10231901,description,true,10,56,57
146,10255755,10231969,description,true,10,413,57
146,10197225,10231969,title,true,10,64,38
148,10217977,10041871,title,false,14,61,46
148,10000751,10248015,title,false,14,57,54
148,10193871,10206943,title,false,14,55,43
148,10040091,10041841,title,false,14,70,50
148,10017475,10130745,title,false,14,59,37
148,10217967,10145021,title,false,14,53,60
148,10000777,10041821,title,false,14,57,48
148,10217967,10243537,description,false,14,199,136
148,10000805,10180919,description,false,14,167,43
148,10217963,10205395,description,false,14,163,229
148,10217969,10244669,description,false,14,200,54
148,10013595,10002193,title,false,14,68,39
148,10193873,10106181,title,false,14,48,83
148,10217961,10236179,title,false,14,58,51
148,10193873,10244681,description,false,14,174,56
148,10193875,10041839,title,false,14,62,49
148,1026716,10041823,description,false,14,170,1035
148,10000813,10041873,title,false,14,57,47
148,10217969,10041835,title,false,14,55,47
148,10193869,10050673,description,false,14,102,89
148,10129433,10207379,description,false,14,258,76
148,10217961,10236211,description,false,14,168,839
148,10013565,10244421,description,false,14,111,121
148,1026716,10244385,title,false,14,35,47
148,10129433,10145065,title,false,14,62,41
148,10013565,10157955,title,false,14,67,28
148,10000751,10248023,description,false,14,167,218
148,10013595,10041877,description,false,14,102,1027
148,10017475,10041879,description,false,14,163,1026
148,10217963,10243509,title,false,14,53,35
148,10017571,10205399,title,false,14,73,48
148,10000805,10039845,title,false,14,57,39
148,10217977,10012757,description,false,14,174,134
148,10193861,10244679,title,false,14,62,48
148,10193871,10244683,description,false,14,197,54
148,10193869,10041847,title,false,14,63,46
148,10040091,10137151,description,false,14,162,724
148,10000813,10041871,description,true,14,168,1025
148,10193875,10248015,description,true,14,185,218
148,10017571,10206943,description,true,14,217,92
148,10000775,10041841,description,true,14,165,1029
148,10000775,10041871,title,true,14,57,46
148,10193861,10145021,description,true,14,171,300
148,10193867,10041821,description,true,14,152,1027
148,10000777,10243537,description,true,14,169,136
148,10193867,10248015,title,true,14,41,54
149,10017355,10098655,description,false,18,114,179
149,10017397,10132125,title,false,18,91,45
149,10017405,10132139,title,false,18,87,45
149,10017387,10132123,description,false,18,106,136
149,10017391,10132133,title,false,18,80,45
149,10017387,10098655,title,true,18,73,45
149,10017407,10098655,description,true,18,118,179
149,10017363,10132125,description,true,18,117,77
149,10017365,10132139,description,true,18,112,65
149,10259381,10132125,title,true,18,77,45
149,10017347,10132123,description,true,18,125,136
149,10017397,10132133,description,true,18,127,60
149,10017405,10098655,description,true,18,123,179
149,10017401,10132125,description,true,18,121,77
149,10017407,10132139,title,true,18,84,45
149,10017359,10132123,title,true,18,74,48
149,10017369,10132139,description,true,18,119,65
149,10017383,10132133,title,true,18,84,45
149,10017401,10098655,title,true,18,83,45
149,10259381,10132123,description,true,18,121,136
149,10017363,10132125,title,true,18,82,45
149,10017391,10132133,description,true,18,120,60
149,10017383,10098655,description,true,18,123,179
149,10017377,10132125,description,true,18,119,77
149,10017347,10132139,title,true,18,90,45
149,10017359,10132139,description,true,18,107,65
149,10017365,10132123,title,true,18,74,48
149,10017355,10132133,title,true,18,76,45
149,10017369,10098655,title,true,18,84,45
15,10156877,10193867,description,false,20,456,152
15,10156877,10233869,title,false,20,59,44
15,10185733,10163701,description,false,20,905,125
15,10181823,10033789,description,false,20,194,780
15,10181867,10012773,title,false,20,43,73
15,10181785,10012793,title,false,20,43,56
15,10185739,10024489,description,false,20,219,135
15,10167837,10012825,title,false,20,63,66
15,10181809,10055815,title,false,20,52,61
15,10181923,10012815,title,false,20,78,65
15,10181923,10019159,description,false,20,228,600
15,10181833,10001981,description,false,20,496,260
15,10181809,10017481,description,false,20,234,185
15,10185739,10002455,title,false,20,32,19
15,10167837,10187971,description,false,20,241,99
15,10181785,10012767,description,false,20,228,127
15,10181823,10017507,title,false,20,37,71
15,10185733,10018065,title,false,20,37,37
15,10181867,10134797,description,false,20,196,48
15,10181833,10136327,title,false,20,47,43
151,10184915,10137145,title,false,19,50,46
151,10256689,10002805,title,false,19,42,33
151,10240225,10266643,title,false,19,41,43
151,10240213,10130745,title,false,19,48,37
151,10240213,10137319,description,false,19,472,841
151,10266603,10267989,description,false,19,311,109
151,10256645,10266647,title,false,19,49,38
151,10256739,10002393,description,false,19,671,195
151,10256737,10001445,description,false,19,597,231
151,10256711,10130747,title,false,19,36,40
151,10266773,10266625,title,false,19,50,50
151,10256675,10251421,title,false,19,37,53
151,10256701,10137101,title,false,19,56,47
151,10256689,10259915,description,false,19,335,163
151,10256649,10266661,title,false,19,42,45
151,10256709,10137043,title,false,19,56,49
151,10256733,10137145,description,true,19,730,1025
151,10019559,10137145,title,true,19,39,46
151,10000973,10002805,title,true,19,65,33
151,10256663,10002805,description,true,19,365,3010
151,10256709,10266643,description,true,19,410,458
151,10256671,10137319,description,true,19,433,841
151,10019559,10267989,description,true,19,191,109
151,10256645,10002393,description,true,19,266,195
151,10256673,10266643,title,true,19,51,43
151,10256711,10001445,description,true,19,610,231
151,10240299,10266625,description,true,19,509,49
151,10266603,10130745,title,true,19,34,37
151,10256673,10251421,description,true,19,253,178
151,10256675,10137101,description,true,19,232,1027
151,10019563,10266647,title,true,19,40,38
151,10256649,10259915,description,true,19,425,163
151,10256703,10266661,description,true,19,596,314
151,10256677,10130747,title,true,19,37,40
151,10240299,10137319,title,true,19,42,54
151,10240225,10137043,description,true,19,518,843
151,10256685,10137145,description,true,19,426,1025
151,10000973,10002805,description,true,19,854,3010
151,10256697,10266643,description,true,19,350,458
151,10256647,10137319,description,true,19,406,841
151,10240201,10267989,title,true,19,42,65
153,10207639,10236209,description,false,15,299,493
153,10190653,10164463,description,false,15,243,102
153,10190653,1008985,title,false,15,65,50
153,10207639,10111401,title,false,15,57,62
154,10265153,10137145,title,false,18,46,46
154,10264901,10235345,description,false,18,143,61
154,10267633,10244303,title,false,18,69,34
154,10267633,10145061,description,false,18,386,138
154,10205431,10235317,description,false,18,98,72
154,10267989,10235319,title,false,18,65,49
154,10265153,10157913,description,false,18,142,92
154,10205425,10157931,description,false,18,56,91
154,10205425,10145245,title,false,18,26,33
154,10265263,10144983,description,false,18,156,133
154,10265297,10244373,description,false,18,147,123
154,10205463,10235297,title,false,18,39,38
154,10005937,10002805,title,false,18,64,33
154,10267989,10137101,description,false,18,109,1027
154,10265263,10235301,title,false,18,48,39
154,10265297,10235323,title,false,18,51,40
154,10264901,10235291,title,false,18,47,43
155,10032455,10166833,title,false,13,40,52
155,1010442,1010438,title,false,13,41,31
155,10032797,1017828,title,false,13,40,24
155,10032795,1010441,title,false,13,71,33
155,10260209,10259963,description,false,13,159,110
155,10032521,10166833,description,true,13,90,642
155,10032765,10166833,title,true,13,39,52
155,10260209,1010438,title,true,13,37,31
155,10260207,1010438,description,true,13,156,127
155,10260173,1017828,title,true,13,41,24
155,10260181,1010441,title,true,13,45,33
155,10032449,10259963,title,true,13,39,45
155,10260207,10166833,title,true,13,48,52
155,10032581,1017828,description,true,13,109,118
155,10260173,1010441,description,true,13,163,129
155,10260195,1010438,title,true,13,51,31
155,10032581,1017828,title,true,13,44,24
155,10032449,10259963,description,true,13,117,110
155,10032795,10166833,description,true,13,377,642
155,10063927,1010441,title,true,13,26,33
155,10032817,1010438,description,true,13,117,127
155,10063927,1017828,description,true,13,100,118
155,10032817,10259963,title,true,13,38,45
155,10032753,1010441,description,true,13,89,129
155,10032455,10259963,description,true,13,105,110
155,10063911,10166833,title,true,13,27,52
155,1010439,1010438,title,true,13,44,31
155,10032521,1017828,title,true,13,38,24
155,10260181,10166833,description,true,13,188,642
155,10032487,1010438,description,true,13,99,127
155,1010442,1017828,description,true,13,134,118
155,10032765,1010441,description,true,13,120,129
155,10032753,1010441,title,true,13,39,33
155,1010439,10259963,description,true,13,137,110
155,10260203,10166833,description,true,13,122,642
155,10063911,1010438,description,true,13,101,127
155,10032797,1017828,description,true,13,105,118
155,10260171,1010441,description,true,13,168,129
155,10260195,10259963,description,true,13,154,110
155,10032487,10259963,title,true,13,51,45
155,10260171,10166833,title,true,13,36,52
156,10236797,10111393,title,false,15,30,56
156,10207433,10001527,description,false,15,68,121
156,10265385,10111395,title,false,15,32,62
156,10236797,10111417,description,false,15,58,93
156,10207433,10179321,title,false,15,27,80
157,10071097,10205475,description,false,17,185,234
157,10013495,10225009,title,false,17,91,78
157,10243959,10258369,description,false,17,185,1821
157,10231557,10247807,title,false,17,61,52
157,10243979,10245789,description,false,17,190,220
157,10231599,10063693,description,false,17,666,127
157,10071073,10247703,title,false,17,41,51
157,10157877,10258363,title,false,17,27,74
157,10013495,10180919,description,false,17,197,43
157,10071073,10205445,description,false,17,190,212
157,10108333,10205395,description,false,17,877,229
157,10108333,10144983,title,false,17,37,24
157,10231569,10244679,description,false,17,441,100
157,10182159,10145043,title,false,17,38,31
157,10243983,10244421,title,false,17,36,27
157,10231557,10157939,description,false,17,499,85
157,10231569,10274029,title,false,17,67,36
157,10207363,10244381,title,false,17,45,28
157,10231599,10236389,title,false,17,86,37
157,10157877,10184387,description,false,17,322,74
157,10045711,10205425,description,false,17,134,56
157,10207353,10244583,description,false,17,74,158
157,10243987,10205461,description,false,17,414,234
157,10182159,10258385,description,false,17,351,2565
157,10182143,10233307,description,false,17,683,75
157,10243989,10180905,title,false,17,36,49
157,10157913,10015165,description,false,17,92,77
157,10207363,10207461,description,false,17,88,121
157,10207353,10144987,title,false,17,40,24
157,10243989,10205399,description,false,17,500,224
157,10243967,10258355,description,false,17,763,602
157,10071081,10205475,description,true,17,615,234
157,10045711,10205475,title,true,17,43,36
157,10182147,10225009,description,true,17,185,207
157,10157913,10225009,title,true,17,33,78
157,10243987,10258369,title,true,17,35,71
157,10243983,10258369,description,true,17,500,1821
158,10074437,10071097,title,false,16,35,36
158,10074437,10092025,description,false,16,193,636
158,10001209,10173891,description,false,16,164,121
158,10074451,10248355,title,false,16,34,36
158,10001209,10029695,title,false,16,48,41
158,10234239,10243987,title,false,16,52,35
158,10074433,10242891,description,false,16,196,471
158,10074463,10242953,description,false,16,197,637
158,10234239,10242899,description,false,16,633,185
158,10074433,10071803,title,false,16,35,35
158,10074463,10029819,title,false,16,39,40
159,10162325,10196853,description,false,22,227,45
159,10012701,10098651,description,false,22,63,82
159,10127531,10132135,description,false,22,114,63
159,10012739,10233151,description,false,22,65,67
159,10065659,10233129,title,false,22,48,43
159,10012707,10132131,description,false,22,63,67
159,10065623,10098661,description,false,22,66,66
159,10127531,10239619,title,false,22,51,47
159,10012739,10196853,title,true,22,64,44
159,10162325,10098651,title,true,22,86,45
159,10012701,10132135,title,true,22,65,54
159,10012721,10196853,description,true,22,121,45
159,10127533,10098651,description,true,22,114,82
159,10012723,10233151,title,true,22,69,64
159,10065623,10233129,title,true,22,45,43
159,10162339,10132131,title,true,22,65,54
159,10012707,10098661,title,true,22,73,57
159,10065659,10132135,description,true,22,82,63
159,10162339,10233151,description,true,22,213,67
159,10127533,10239619,title,true,22,51,47
159,10012721,10196853,title,true,22,79,44
16,10256697,10017671,description,false,15,350,120
16,10001887,10001003,title,false,15,50,46
16,10240213,10000641,description,false,15,472,185
16,10240225,10267633,description,false,15,518,386
16,10256739,10253451,title,false,15,36,41
16,10019559,10006071,description,false,15,191,187
16,10000973,10004165,description,false,15,854,88
16,10001931,10015839,title,false,15,47,46
16,10256671,10007597,title,false,15,42,44
16,10240005,10235951,description,false,15,448,334
16,10256677,10205451,description,false,15,357,307
16,10001561,10012795,description,false,15,247,122
16,10256673,10231919,title,false,15,51,35
16,10256675,10017833,description,false,15,232,121
16,10240201,10159395,description,false,15,221,141
16,10266603,10014735,title,false,15,34,55
16,10239821,10248247,title,false,15,53,44
16,10001931,10032777,description,false,15,125,107
16,10240299,10130747,title,false,15,42,40
16,10256711,10017923,description,false,15,610,106
16,10256663,10005885,description,false,15,365,64
16,10256675,10075931,title,false,15,37,22
16,10256689,10181019,description,false,15,335,60
16,10256697,10253469,title,false,15,42,52
16,10256723,10043881,description,false,15,296,108
16,10256737,10006019,description,false,15,597,241
16,10019559,10015167,title,false,15,39,53
16,10184915,10063563,title,false,15,50,35
16,10256645,10016679,title,false,15,49,45
16,10002151,10006029,description,false,15,468,263
16,10256661,10017017,description,false,15,247,80
16,10256661,10115245,title,false,15,49,58
16,10266773,10012761,description,false,15,865,111
16,10256733,10106211,description,false,15,730,480
16,10001561,10000553,title,false,15,51,49
16,10266773,10253467,title,false,15,50,52
16,10256647,10006033,description,false,15,406,168
16,10256717,10029543,description,false,15,368,111
16,10256673,10006055,description,false,15,253,196
16,10019563,10017899,title,false,15,40,57
16,10256649,10106119,description,false,15,425,513
16,10266603,10002393,description,false,15,311,195
16,10256717,10000281,title,false,15,50,42
16,10239853,10017481,description,false,15,710,185
16,10261449,10017013,title,false,15,55,67
161,10180309,10274079,title,false,19,46,35
161,10180313,10161969,title,false,19,49,56
161,10180315,10217011,description,false,19,221,271
161,10180309,10161985,description,false,19,216,201
161,10180303,10217009,description,false,19,189,262
161,10203395,10161929,description,false,19,201,201
161,10180315,10161959,title,false,19,38,60
161,10274275,10169253,title,false,19,36,66
161,10203397,10217007,description,false,19,199,273
161,10180325,10217013,title,false,19,49,56
161,10274275,10031565,description,false,19,198,65
161,10203397,10233307,title,false,19,36,28
161,10180303,10233391,title,false,19,46,39
161,10203395,10274079,title,true,19,44,35
161,10180325,10274079,description,true,19,216,97
163,10044109,10245903,title,false,18,33,35
163,10239615,10236555,title,false,18,28,56
163,10006051,10002805,title,false,18,39,33
163,10063897,10234453,title,false,18,38,31
163,10063887,10131625,description,false,18,160,252
163,10248523,10234393,description,false,18,199,207
163,10063877,10063653,description,false,18,159,207
163,10048145,10074431,description,false,18,106,159
163,10274349,10127543,description,false,18,166,107
163,10129533,10063755,description,false,18,109,212
163,10248237,10063721,description,false,18,185,212
163,10248365,10203273,title,false,18,38,41
163,10063897,10063803,description,false,18,160,212
163,10248723,10063675,title,false,18,38,31
163,10044019,10245903,description,true,18,107,206
163,10006039,10245903,title,true,18,32,35
163,10248503,10236555,title,true,18,39,56
163,10006079,10236555,description,true,18,120,213
163,10216711,10002805,description,true,18,189,3010
163,10163919,10002805,title,true,18,31,33
163,10006033,10234453,title,true,18,28,31
163,10248237,10131625,title,true,18,40,63
163,10043881,10234393,title,true,18,25,31
163,10248503,10234453,description,true,18,203,207
163,10044165,10131625,description,true,18,108,252
163,10129533,10063653,title,true,18,23,34
163,10063877,10074431,title,true,18,37,24
163,10006039,10234393,description,true,18,166,207
163,10006001,10063653,description,true,18,171,207
163,10120903,10074431,description,true,18,167,159
163,10163919,10127543,description,true,18,159,107
163,10248297,10127543,title,true,18,48,58
163,10044165,10063755,title,true,18,31,36
163,10006051,10063755,description,true,18,168,212
163,10216711,10063721,title,true,18,37,36
163,10044019,10203273,title,true,18,43,41
163,10173891,10063721,description,true,18,121,212
163,10063861,10063803,title,true,18,36,39
163,10006059,10063675,title,true,18,38,31
163,10248659,10245903,title,true,18,39,35
163,10248523,10236555,title,true,18,43,56
163,10243943,10002805,title,true,18,41,33
163,10248321,10234453,title,true,18,39,31
163,10158163,10131625,title,true,18,42,63
163,10006001,10234393,title,true,18,42,31
163,10248215,10203273,description,true,18,169,211
165,10234511,10241509,title,false,21,50,68
165,10234551,10019559,description,false,21,103,191
165,10239333,10243509,title,false,21,72,35
165,10234545,10111409,description,false,21,120,93
165,10234545,10266637,title,false,21,48,45
165,10234549,10019567,title,false,21,46,40
165,10239333,10241525,description,false,21,246,215
165,10234551,10179337,title,false,21,34,84
165,10234549,10231649,description,false,21,107,40
165,10234511,10266661,description,false,21,266,314
167,10196265,10132123,title,false,15,31,48
167,10012695,10239619,title,false,15,44,47
167,10019005,10241519,description,false,15,45,117
167,10196265,10198207,description,false,15,66,189
167,10019005,10098661,title,false,15,20,57
167,10012695,10014815,description,false,15,147,218
167,10053899,10132135,description,false,15,100,63
17,10161945,10003851,description,false,12,106,203
17,10161981,10181003,title,false,12,41,46
17,10139021,10003797,description,false,12,61,157
17,10161983,10003815,description,false,12,109,203
17,10161955,1000745,description,false,12,101,82
17,10139033,10003725,title,false,12,37,42
17,1000721,10003841,description,false,12,104,157
17,10161993,10003805,title,false,12,42,59
17,10139563,10003799,title,false,12,56,67
17,10038731,10003825,title,false,12,50,67
17,10137787,10003827,title,false,12,52,67
17,10145419,1000746,description,false,12,113,79
17,10014939,10003837,title,false,12,41,66
17,10145451,10002831,description,false,12,80,261
17,10012861,10003811,title,false,12,53,67
17,10012555,10003823,title,false,12,78,71
17,10161903,10003833,description,false,12,110,205
17,10012539,10198123,description,false,12,150,87
17,10139019,10202293,description,false,12,100,100
17,10145411,10066959,description,false,12,107,67
17,10161927,10181023,title,false,12,60,48
17,10014759,10017447,description,false,12,198,401
17,10161929,10161863,title,false,12,60,46
17,10251547,10251581,description,false,12,111,92
17,10012497,10001715,title,false,12,72,15
17,10161969,10003843,title,false,12,56,59
17,10180959,10198085,description,false,12,99,89
17,1000725,10003821,description,false,12,151,157
17,10135485,10003819,title,false,12,66,71
17,10258615,10003839,description,false,12,101,159
17,10014843,10003853,title,false,12,45,67
17,10145421,10106603,title,false,12,87,65
17,10014941,10003803,description,false,12,113,203
17,10251547,10003831,title,false,12,41,65
17,10014765,10222619,description,false,12,138,83
17,10098467,10003723,title,false,12,37,38
17,10014837,10003809,description,false,12,104,203
17,1000714,10145397,title,false,12,48,79
17,10012877,10066975,title,false,12,45,35
17,10012855,10003855,description,false,12,86,159
17,10161929,10003807,description,false,12,201,207
17,10180939,10180981,title,false,12,53,49
17,10161919,10198225,title,false,12,58,37
17,10145413,10003847,description,false,12,60,207
17,10258611,10003817,description,false,12,97,203
17,1000725,10017419,title,false,12,56,57
17,10137645,10003829,description,false,12,116,206
17,10258609,10133369,description,false,12,102,63
170,10245789,10233297,title,false,15,72,38
170,10245789,10055975,description,false,15,220,56
171,10012733,10017405,description,false,21,70,123
171,10012699,10098655,title,false,21,66,45
171,10012699,10040389,description,false,21,58,86
171,10254201,10098657,description,false,21,68,68
171,10207207,10174335,description,false,21,841,59
171,10012733,10017347,title,false,21,33,90
171,10012695,10132133,description,false,21,147,60
171,10207207,10040391,title,false,21,55,57
171,10207205,10196281,title,false,21,54,46
171,10012695,10132139,title,false,21,44,45
171,10254201,10053855,title,false,21,49,56
171,10207205,10089315,description,false,21,908,73
172,10014675,10244677,description,false,17,130,84
172,10014675,10027167,title,false,17,41,56
173,10052133,10243537,title,false,14,41,24
173,10052677,10180919,description,false,14,289,43
173,10052133,10061085,description,false,14,313,59
173,10052591,10012881,description,false,14,291,52
173,1022184,10161969,title,false,14,48,56
173,10052441,10217007,description,false,14,378,273
173,10071413,10205395,description,false,14,273,229
173,1022179,10161929,title,false,14,45,60
173,10052441,10161959,title,false,14,51,60
173,10223321,10257993,description,false,14,460,89
173,10052097,10144983,description,false,14,294,133
173,10052097,10012845,title,false,14,40,45
173,1022177,10274069,title,false,14,46,37
173,1022177,10212051,description,false,14,805,98
173,10052379,10217013,description,false,14,293,279
173,10052591,10185317,title,false,14,32,40
173,10223339,10233297,description,false,14,462,100
173,10052379,10032541,title,false,14,45,63
173,1022179,10256015,description,false,14,313,126
173,10223347,10182343,title,false,14,39,36
173,1022184,10035839,description,false,14,345,57
173,10052677,10243471,title,false,14,40,35
173,10223321,10182391,title,false,14,46,63
173,10071413,10217009,title,false,14,49,47
173,10223347,10161985,description,false,14,390,201
173,10223339,10030115,title,false,14,48,45
175,10197727,10266661,title,false,12,79,45
175,10197727,10179337,description,false,12,470,100
176,10231427,10260137,description,false,16,107,65
176,10259945,10051297,description,false,16,240,121
176,10271347,10233287,title,false,16,67,38
176,10252509,10248321,description,false,16,115,129
176,10271347,10173891,description,false,16,403,121
176,10180915,10248503,title,false,16,45,39
176,10180915,10166833,description,false,16,100,642
176,10214157,10173885,title,false,16,33,37
176,10214157,10274099,description,false,16,293,83
176,10139165,10239615,title,false,16,82,28
176,10252595,10212829,description,false,16,115,59
176,10252509,10173871,title,false,16,62,29
176,10139165,10053779,description,false,16,522,121
176,10235891,10248603,description,false,16,95,203
176,10260133,10259963,title,false,16,38,45
176,10260133,10265445,description,false,16,239,56
176,10235891,10248403,title,false,16,58,38
176,10259945,10273991,title,false,16,54,64
176,10231427,10001209,title,false,16,44,48
177,10106535,10258385,title,false,15,62,26
177,10106069,10041847,title,false,15,69,46
177,10168021,10180919,title,false,15,78,19
177,10106009,10041823,title,false,15,68,56
177,10106181,10205399,title,false,15,83,48
177,10106159,10032481,title,false,15,64,51
177,10106011,10235761,title,false,15,68,84
177,10106163,10157955,title,false,15,70,28
177,10106069,10244695,description,false,15,429,76
177,10106009,10231651,description,false,15,414,130
177,10235893,10064575,description,false,15,52,67
177,10106535,10244421,description,false,15,383,121
177,10235893,10145033,title,false,15,52,47
177,10106011,10247807,description,false,15,359,53
177,10168021,10145021,description,false,15,446,300
177,10235903,10258369,title,false,15,47,71
177,10235903,10266743,description,false,15,84,70
177,10235901,10258363,description,false,15,48,1396
177,10106163,10244683,description,false,15,428,54
177,10163631,10157939,description,false,15,92,85
177,10106181,10225009,description,false,15,339,207
177,10106159,10231649,description,false,15,365,40
177,10163631,10244583,title,false,15,71,28
177,10235901,10064579,title,false,15,48,50
177,10106321,10247703,title,false,15,76,51
178,10212995,10243509,title,false,17,71,35
178,10236739,10217011,title,false,17,84,56
178,10213281,10056445,title,false,17,59,60
178,10245789,10258365,title,false,17,72,54
178,10212949,10247703,title,false,17,59,51
178,10236739,10021553,description,false,17,211,43
178,10213077,10205395,title,false,17,65,50
178,10212995,10234533,description,false,17,73,291
178,10213219,10217013,description,false,17,69,279
178,10212949,10258367,description,false,17,59,2161
178,10245789,10258363,description,false,17,220,1396
178,10213029,10258369,description,false,17,53,1821
178,10213077,10056063,description,false,17,77,51
178,10213093,10258387,description,false,17,56,3670
178,10212991,10217009,description,false,17,85,262
178,10212957,10243537,description,false,17,56,136
178,10212991,10243471,title,false,17,57,35
178,10213281,10055975,description,false,17,94,56
178,10213093,10030115,title,false,17,56,45
178,10213029,10258359,title,false,17,57,25
178,10213219,10247807,title,false,17,47,52
178,10212957,10258385,title,false,17,56,26
180,10003077,10002103,description,false,15,127,343
180,10247483,10206021,description,false,15,117,100
180,10254241,10243479,description,false,15,256,161
180,10247479,10247807,title,false,15,61,52
180,10254245,10273991,title,false,15,52,64
180,10145065,1010542,description,false,15,139,408
180,10244695,10233359,description,false,15,76,103
180,10247443,10271953,title,false,15,62,48
180,10254241,10233317,title,false,15,76,49
180,10145021,10258387,description,false,15,300,3670
180,10247479,10028353,description,false,15,132,121
180,10247443,10258355,description,false,15,136,602
180,10003077,10258365,title,false,15,53,54
180,10247483,1008977,title,false,15,64,38
180,10244371,10233307,title,false,15,36,28
180,10254245,10247703,description,false,15,127,52
180,10254239,10232357,description,false,15,275,77
180,10244695,10157955,title,false,15,27,28
180,10145021,10027629,title,false,15,60,51
180,10244671,10157939,title,false,15,33,28
180,10244671,10157901,description,false,15,158,137
180,10145065,10029997,title,false,15,41,46
180,10254239,10197547,title,false,15,76,82
180,10244371,10039923,description,false,15,227,59
181,10012851,10244583,title,false,18,45,28
181,10012979,10161929,title,false,18,47,60
181,10012843,10217007,description,false,18,61,273
181,10233161,10217011,title,false,18,35,56
181,10012879,10145325,description,false,18,61,74
181,10012845,10161969,description,false,18,46,201
181,10012853,10161959,description,false,18,43,201
181,10012961,10161985,description,false,18,100,201
181,10012839,10180919,description,false,18,59,43
181,10233163,10217009,description,false,18,57,262
181,10012977,10145295,description,false,18,90,108
181,10233173,10157955,description,false,18,87,87
181,10233187,10243471,title,false,18,48,35
181,10012881,10243509,title,false,18,49,35
181,10012849,10244381,description,false,18,89,158
181,10012841,10145333,description,false,18,88,108
181,10012853,10217013,title,false,18,42,56
181,10012881,10157901,description,false,18,52,137
181,10233163,10244583,title,true,18,47,28
181,10012859,10161929,title,true,18,40,60
181,10012879,10217007,title,true,18,58,56
181,10012863,10217011,title,true,18,49,56
181,10233189,10244583,description,true,18,79,158
181,10012851,10161929,description,true,18,97,201
181,10012859,10217007,description,true,18,81,273
181,10233173,10243471,title,true,18,36,35
187,10115235,10132139,description,false,24,46,65
187,10132065,10132135,title,false,24,72,54
187,10196281,10239619,description,false,24,71,59
187,10012713,10132123,title,false,24,48,48
187,10115213,10132131,title,false,24,33,54
187,10196265,10098655,title,false,24,31,45
187,10115337,10040391,title,false,24,58,57
187,10115283,10040389,title,false,24,51,57
187,10115215,10098647,title,false,24,44,45
187,10115331,10174335,description,false,24,110,59
187,10012713,10132133,description,false,24,94,60
187,10132059,10098657,description,false,24,122,68
187,10053899,10132125,description,false,24,100,77
187,10132065,10098651,description,false,24,132,82
187,10012733,10178285,description,false,24,70,254
187,10115303,10098661,title,false,24,53,57
187,10196281,10132139,title,true,24,46,45
187,10115331,10132135,title,true,24,46,54
187,10012733,10239619,title,true,24,33,47
187,10132063,10132123,title,true,24,73,48
187,10196265,10132139,description,true,24,66,65
189,10248355,10184387,title,false,19,36,56
189,10242891,10201205,title,false,19,34,36
189,10071785,10117233,title,false,19,34,44
189,10092019,10184387,description,true,19,190,74
189,10101427,10117233,description,true,19,186,173
189,10182147,10184387,title,true,19,36,56
189,10244149,10201205,title,true,19,53,36
189,10182159,10117233,title,true,19,38,44
189,10029797,10184387,title,true,19,42,56
189,10243989,10184387,description,true,19,500,74
189,10243977,10117233,description,true,19,505,173
189,10029809,10201205,title,true,19,32,36
189,10243989,10117233,title,true,19,36,44
189,10029745,10184387,title,true,19,35,56
189,10029819,10184387,description,true,19,140,74
189,10243987,10117233,description,true,19,414,173
189,10071097,10184387,description,true,19,185,74
189,10018287,10117233,description,true,19,208,173
189,10071081,10184387,description,true,19,615,74
189,10021469,10201205,title,true,19,36,36
189,10029731,10117233,description,true,19,135,173
189,10029753,10117233,title,true,19,46,44
189,10137101,10184387,description,true,19,1027,74
189,10029695,10184387,title,true,19,41,56
189,10137127,10117233,description,true,19,660,173
189,10029745,10184387,description,true,19,128,74
189,10029695,10117233,description,true,19,134,173
189,10137127,10201205,title,true,19,44,36
189,10045711,10184387,description,true,19,134,74
189,10242953,10117233,description,true,19,637,173
189,10137101,10117233,title,true,19,47,44
189,10029819,10184387,title,true,19,40,56
189,10242953,10201205,title,true,19,35,36
189,10248547,10117233,title,true,19,37,44
189,10248355,10184387,description,true,19,571,74
189,10029869,10117233,description,true,19,134,173
189,10029869,10184387,title,true,19,41,56
189,10101427,10201205,title,true,19,33,36
189,10018287,10117233,title,true,19,50,44
189,10092025,10184387,description,true,19,636,74
189,10108333,10117233,description,true,19,877,173
189,10182143,10184387,description,true,19,683,74
189,10182159,10117233,description,true,19,351,173
189,10137319,10184387,description,true,19,841,74
189,10029753,10117233,description,true,19,139,173
191,10163847,10224375,title,false,23,34,52
191,10163789,10014817,description,false,23,90,83
191,10027145,10233129,description,false,23,102,53
191,10163815,1008985,title,false,23,51,50
191,10096329,10206073,title,false,23,83,47
191,10232599,10194901,description,false,23,129,65
191,10098661,10181023,description,false,23,66,87
191,10098647,10252433,title,false,23,45,46
191,10132123,10180945,title,false,23,48,51
191,10132135,10224375,description,true,23,63,121
191,10163815,10014817,description,true,23,90,83
191,10232555,10224375,title,true,23,59,52
191,10132131,10233129,description,true,23,67,53
191,10098647,10206073,description,true,23,84,92
191,10035561,10194901,description,true,23,114,65
191,10098661,10014817,title,true,23,57,51
191,10163801,10181023,description,true,23,91,87
191,10163773,10252433,description,true,23,90,41
191,10027145,1008985,title,true,23,56,50
191,10162325,10233129,title,true,23,86,43
191,10132135,10206073,title,true,23,54,47
191,10132123,10180945,description,true,23,136,62
191,10162325,10224375,description,true,23,227,121
191,10096329,10014817,description,true,23,121,83
191,10012737,10194901,title,true,23,51,56
191,10132131,10181023,title,true,23,54,48
191,10232555,10233129,description,true,23,120,53
191,10232599,10252433,title,true,23,51,46
191,10035561,10180945,title,true,23,41,51
191,10012737,10206073,description,true,23,131,92
193,10185943,10203371,description,false,27,177,198
193,10185967,10217011,title,false,27,48,56
193,10234725,10239483,description,false,27,145,198
193,10185943,10161959,title,false,27,53,60
193,10234725,10161985,title,false,27,44,63
193,10185967,10274275,description,false,27,202,198
196,10015167,10180919,description,false,18,75,43
196,10015173,10235343,description,false,18,73,63
196,10015155,10003155,description,false,18,72,79
196,10252481,10244583,description,false,18,82,158
196,10236763,10145245,description,false,18,81,106
196,1011672,10001773,title,false,18,25,46
196,10015167,10239079,title,false,18,53,53
196,1011672,10266619,description,false,18,128,44
196,10015173,10003249,title,false,18,51,50
196,10252481,1015996,title,false,18,58,24
196,10236763,10244421,title,false,18,53,27
196,10015155,10266647,title,false,18,50,38
197,10098377,10041871,title,false,17,37,46
197,10035383,10041839,description,false,17,106,1028
197,10073677,10180919,description,false,17,188,43
197,10179061,10041835,title,false,17,37,47
197,10186469,10041823,description,false,17,153,1035
197,10035409,10041847,title,false,17,33,46
197,10035409,10244381,description,false,17,122,158
197,10092533,10041877,description,false,17,178,1027
197,10073645,10041821,description,false,17,206,1027
197,10186185,10041879,title,false,17,38,47
197,10186107,10243509,title,false,17,29,35
197,10186107,10244371,description,false,17,137,227
197,10073649,10243471,title,false,17,27,35
197,10106581,10041841,description,false,17,146,1029
197,10186305,10014665,title,false,17,36,41
197,10186185,10041873,description,false,17,149,1026
197,10098361,10145047,title,false,17,30,31
197,10073649,10041871,description,true,17,195,1025
197,10092533,10041871,title,true,17,36,46
197,10098375,10041839,description,true,17,169,1028
197,10073659,10180919,description,true,17,206,43
197,10252689,10041839,title,true,17,38,49
197,10106581,10180919,title,true,17,35,19
197,10073659,10041835,title,true,17,28,47
197,10186469,10041823,title,true,17,32,56
197,10035383,10041847,title,true,17,44,46
197,10186693,10041835,description,true,17,89,1026
197,10073685,10041823,description,true,17,213,1035
197,10073749,10041847,description,true,17,191,1212
197,10105915,10244381,description,true,17,207,158
197,10098385,10244381,title,true,17,35,28
197,10098385,10041877,description,true,17,194,1027
197,10073971,10041821,description,true,17,89,1027
197,10186155,10041879,description,true,17,144,1026
197,10146515,10244371,description,true,17,170,227
197,10073681,10041841,description,true,17,191,1029
197,10146505,10041877,title,true,17,33,48
197,10146515,10041821,title,true,17,34,48
197,10073681,10041879,title,true,17,30,47
197,10252689,10014665,description,true,17,108,101
197,10073637,10243509,title,true,17,32,35
197,10181929,10041873,description,true,17,196,1026
197,10248889,10244371,title,true,17,45,36
197,10254767,10243471,title,true,17,48,35
197,10073971,10041841,title,true,17,41,50
197,10186693,10014665,title,true,17,26,41
197,10073685,10041873,title,true,17,35,47
198,10255067,10266661,description,false,19,184,314
198,10091317,10001573,description,false,19,180,154
198,10091347,10207619,description,false,19,176,90
198,10091325,10186821,description,false,19,210,399
198,1011625,10001989,title,false,19,35,48
198,10255065,1020500,description,false,19,174,107
198,10255069,10266647,title,false,19,51,38
198,1011624,10019567,title,false,19,39,40
198,10091339,10002003,title,false,19,65,52
198,10255069,10002337,description,false,19,173,141
198,1011624,10207611,description,false,19,65,88
198,10091367,10241519,description,false,19,193,117
198,10255059,10243499,title,false,19,51,53
198,10091317,10243441,title,false,19,49,33
198,10255057,10266601,title,false,19,53,46
198,10255071,10266619,title,false,19,45,44
198,10255061,10185911,description,false,19,176,70
198,10091367,10157901,title,false,19,61,34
198,10091325,10240187,title,false,19,68,66
198,10091347,10002195,title,false,19,60,53
198,10091351,10234493,description,false,19,193,340
198,10091321,10244583,description,false,19,200,158
198,10091321,10040633,title,false,19,65,34
198,10255065,10001497,title,false,19,52,38
198,10255073,10244381,description,false,19,183,158
198,10255067,10186807,title,false,19,56,86
198,10124959,10001931,title,false,19,67,47
198,10255057,10185909,description,false,19,187,88
198,10091351,10243509,title,false,19,61,35
198,10091339,10251419,description,false,19,204,133
198,10124959,10001527,description,false,19,177,121
198,1011625,10251421,description,false,19,61,178
198,10255059,10243433,description,false,19,164,97
198,10255071,10185893,description,false,19,319,88
199,10244301,10032521,title,false,17,29,38
199,10213263,10243537,description,false,17,110,136
199,10213221,10178029,title,false,17,61,40
199,10134909,1010483,title,false,17,63,31
199,10213263,10032455,title,false,17,57,40
199,10213269,1010437,title,false,17,60,32
199,10213221,10032551,description,false,17,114,149
199,10213323,1010438,description,false,17,96,127
199,10244469,1010476,title,false,17,36,31
199,10213259,10243509,title,false,17,55,35
199,10213333,1022304,description,false,17,87,105
199,10213227,1010440,description,false,17,112,128
199,10244469,10161373,description,false,17,176,103
199,10134909,10032753,description,false,17,76,89
199,10213227,10032691,title,false,17,59,35
199,10213323,1013848,title,false,17,51,28
199,10213241,10187235,description,false,17,238,105
199,10244301,10032521,description,true,17,314,90
199,10134545,10243537,description,true,17,102,136
199,10134545,10032521,title,true,17,53,38
199,10244549,10178029,description,true,17,304,99
199,10213333,10243537,title,true,17,65,24
199,10185875,10178029,title,true,17,48,40
199,10213259,1010483,description,true,17,100,189
199,10185875,10032455,description,true,17,103,105
199,10213241,1010483,title,true,17,62,31
199,10213269,1010437,description,true,17,124,128
2,10030219,10029543,title,false,22,52,52
2,10030219,10024629,description,false,22,111,75
20,10231567,10245635,description,false,15,770,102
20,10235903,10106459,description,false,15,84,89
20,10193621,10145033,description,false,15,193,380
20,10030665,10130745,title,false,15,76,37
20,10106211,10157955,description,false,15,480,87
20,10193605,10061057,description,false,15,198,49
20,10189749,10233287,title,false,15,46,38
20,10180891,10095277,title,false,15,45,68
20,10106321,10039477,description,false,15,428,81
20,10106211,10059749,title,false,15,75,56
20,10184349,10180919,description,false,15,65,43
20,10106119,10030055,description,false,15,513,105
20,10180891,10038885,description,false,15,100,111
20,10106267,10157901,description,false,15,435,137
20,10207353,10060231,title,false,15,40,54
20,10143959,10207461,title,false,15,51,48
20,10235895,10157939,description,false,15,68,85
20,10040031,10245193,description,false,15,64,89
20,10106049,10274029,description,false,15,536,107
20,10180909,10265887,title,false,15,43,42
20,10231427,1010508,description,false,15,107,116
20,10039901,10243441,title,false,15,45,33
20,10039889,10237921,description,false,15,80,147
20,10143959,10059721,description,false,15,65,93
20,10235901,10217835,description,false,15,48,1016
20,10193621,10233297,title,false,15,54,38
20,10231427,10002761,title,false,15,44,40
20,10056103,10242647,title,false,15,57,42
20,10168021,10089225,description,false,15,446,91
20,10056103,10233359,description,false,15,113,103
20,10252509,10242673,description,false,15,115,80
20,10056573,10013269,title,false,15,62,42
20,10244149,10170215,description,false,15,200,81
20,10143829,10177419,description,false,15,99,45
20,10106047,10053779,description,false,15,519,121
20,10143867,10235405,description,false,15,65,660
20,10235891,10243523,description,false,15,95,97
20,10180895,10144959,title,false,15,48,48
20,10106159,1010510,title,false,15,64,31
20,10106267,10205399,title,false,15,67,48
20,10168021,10233307,title,false,15,78,28
20,10231553,10245265,title,false,15,85,52
20,10144063,10182333,title,false,15,50,65
20,10106049,10243433,title,false,15,63,33
20,10252595,10244993,title,false,15,62,55
20,10030665,10095323,description,false,15,342,136
200,10050931,10132139,description,false,21,124,65
200,10027183,10132131,description,false,21,99,67
200,10027183,10021551,title,false,21,69,51
200,10027197,10051445,description,false,21,89,162
200,10203309,10157881,description,false,21,131,512
200,10101227,10180919,title,false,21,25,19
200,10108845,10239781,title,false,21,33,64
200,10051179,10132123,description,false,21,129,136
200,10203313,10021541,description,false,21,124,43
200,10179309,10030751,title,false,21,63,41
200,10051175,10040389,title,false,21,45,57
200,10203313,10132125,title,false,21,35,45
200,10050931,10098655,title,false,21,40,45
200,10027195,10236393,title,false,21,63,46
200,10203309,10157879,title,false,21,35,44
200,10101227,10244671,description,false,21,116,158
200,10179309,10224375,description,false,21,94,121
200,10108845,10040391,description,false,21,119,86
200,10027197,10243471,title,false,21,61,35
201,10073959,10098867,title,false,15,38,48
201,10066975,10244579,title,false,15,35,32
201,10066951,10217013,title,false,15,55,56
201,10073959,10115315,description,false,15,66,46
201,10252717,10032753,description,false,15,108,89
201,10066959,10225943,description,false,15,67,283
201,10066969,10019567,title,false,15,31,40
201,10073971,10205395,title,false,15,41,50
201,10073971,10177983,description,false,15,89,138
201,10066951,10206159,description,false,15,76,72
201,10156373,10217009,title,false,15,23,47
201,10252717,1012779,title,false,15,46,22
201,10156373,10145333,description,false,15,95,108
201,10066969,10145327,description,false,15,63,107
202,1000709,10001497,description,false,14,73,140
202,10137607,10145033,title,false,14,68,47
202,10135457,10027171,title,false,14,73,56
202,10135457,1001050,description,false,14,111,275
202,10198197,10243499,description,false,14,55,221
202,10135509,10051111,description,false,14,103,126
202,10198197,10111397,title,false,14,44,56
202,1000710,10027167,title,false,14,38,56
202,10139537,10251419,title,false,14,73,63
202,10135509,10111407,title,false,14,77,62
202,10135499,10111393,title,false,14,69,56
202,10135495,10111401,title,false,14,73,62
202,10139537,10111409,description,false,14,123,93
202,10135495,10002003,description,false,14,112,124
202,10135499,10002195,description,false,14,113,141
202,10137607,10111395,description,false,14,112,93
202,1000710,10001527,description,false,14,164,121
202,1000709,10266647,title,false,14,29,38
202,10135449,10019567,title,false,14,73,40
203,10138037,10117239,description,false,20,200,171
203,10243989,10117233,title,false,20,36,44
203,10021469,10117265,title,false,20,36,44
203,10137997,10117251,title,false,20,47,44
203,10137127,10260009,title,false,20,44,41
203,10117203,10117227,title,false,20,25,44
203,10071081,10098667,description,false,20,615,112
203,10242895,10117239,title,true,20,34,44
203,10250647,10117233,title,true,20,45,44
203,10092025,10117239,description,true,20,636,171
203,10137043,10117265,title,true,20,49,44
203,10137127,10117233,description,true,20,660,173
203,10274569,10117265,description,true,20,130,171
203,10250647,10117251,description,true,20,186,171
203,10138041,10260009,description,true,20,204,161
203,10064639,10117227,description,true,20,695,171
203,10242895,10098667,description,true,20,616,112
203,10248557,10117251,title,true,20,33,44
203,10166685,10117239,description,true,20,183,171
203,10137145,10117233,description,true,20,1025,173
203,10248355,10260009,title,true,20,36,41
203,10243989,10117265,description,true,20,500,171
203,10138029,10117227,title,true,20,49,44
203,10063557,10098667,title,true,20,25,37
203,10064639,10117239,title,true,20,58,44
203,10138039,10117233,title,true,20,45,44
203,10248355,10117251,description,true,20,571,171
203,10137037,10260009,description,true,20,202,161
203,10075931,10117227,description,true,20,184,171
203,10243967,10117265,title,true,20,36,44
203,10075931,10117251,title,true,20,22,44
203,10243967,10098667,description,true,20,763,112
203,10137037,10260009,title,true,20,41,41
203,10137101,10117227,title,true,20,47,44
203,10248557,10117239,description,true,20,854,171
203,10137145,10098667,title,true,20,46,37
203,10137319,10117239,title,true,20,54,44
203,10274569,10117233,title,true,20,22,44
203,10166685,10117265,title,true,20,30,44
203,10021469,10117233,description,true,20,186,173
203,10266795,10117251,title,true,20,23,44
203,10182159,10260009,title,true,20,38,41
205,10234491,10254049,description,false,22,383,148
205,10190887,10111409,description,false,22,208,93
205,10016747,10111393,description,false,22,159,127
205,10080407,10266647,title,false,22,51,38
205,10080603,10254039,description,false,22,238,148
205,10076055,10179351,title,false,22,41,89
205,10234505,10179289,title,false,22,66,81
205,10234485,10236211,description,false,22,371,839
205,10108465,10146651,title,false,22,64,54
205,10076055,10111401,description,false,22,152,93
205,10080607,10179321,description,false,22,279,135
205,10080603,10254041,title,false,22,57,45
205,10080407,10027171,description,false,22,207,92
205,10186777,10111417,title,false,22,61,62
205,10263103,10251421,description,false,22,302,178
205,10016747,10111405,title,false,22,51,56
205,10190887,10158165,title,false,22,73,79
205,10234491,10111397,title,false,22,70,56
205,10186807,10111395,title,false,22,86,62
205,10016283,10111407,title,false,22,79,62
205,10197629,10246803,title,false,22,74,43
205,10197629,10027167,description,false,22,683,92
205,10234485,10001975,title,false,22,64,56
205,10234505,10179337,description,false,22,342,100
205,10186807,10254019,description,false,22,394,159
205,10197735,10254037,title,false,22,75,45
205,10197735,10002195,description,false,22,555,141
205,10263103,10254049,title,true,22,55,45
205,10080607,10111409,title,true,22,65,62
205,10016283,10254049,description,true,22,620,148
205,10186777,10111409,description,true,22,294,93
205,10108465,10111393,description,true,22,276,127
206,10234289,10063861,description,false,21,218,160
206,10234351,10129533,title,false,21,30,23
206,10234277,10048145,title,false,21,31,23
206,10226609,10006039,title,false,21,59,32
206,10020719,10063887,description,false,21,208,160
206,10020721,10120903,title,false,21,47,32
206,10063841,10074431,description,false,21,212,159
206,10020719,10006079,title,false,21,33,18
206,10234277,10063861,description,true,21,214,160
206,10063675,10129533,description,true,21,207,109
206,10246069,10063861,title,true,21,38,36
206,10063735,10129533,title,true,21,31,23
206,10063653,10048145,description,true,21,207,106
206,10246111,10006039,description,true,21,209,166
206,10128977,10048145,title,true,21,34,23
206,10246035,10063887,description,true,21,211,160
206,10245907,10120903,description,true,21,209,167
206,10246013,10074431,description,true,21,208,159
206,10020721,10006079,description,true,21,217,120
206,10108723,10006039,title,true,21,34,32
206,10063721,10063861,description,true,21,212,160
206,10236555,10063887,title,true,21,56,38
206,10063803,10120903,title,true,21,39,32
206,10108723,10129533,description,true,21,211,109
206,10131625,10074431,title,true,21,63,24
206,10226609,10048145,description,true,21,220,106
206,10234313,10006079,title,true,21,30,18
206,10245913,10063861,title,true,21,31,36
206,10246167,10006039,description,true,21,207,166
206,10236555,10063887,description,true,21,213,160
206,10063721,10129533,title,true,21,36,23
206,10108745,10120903,description,true,21,206,167
206,10246069,10074431,description,true,21,215,159
206,10261801,10006079,description,true,21,208,120
206,10063853,10048145,title,true,21,40,23
206,10234387,10063861,description,true,21,218,160
206,10245913,10129533,description,true,21,208,109
206,10226565,10006039,title,true,21,59,32
206,10234313,10048145,description,true,21,217,106
206,10063653,10063887,title,true,21,34,38
206,10226565,10006039,description,true,21,220,166
208,10234239,10006051,description,false,17,633,168
208,10234239,10137043,title,false,17,52,49
208,10074451,10182159,title,false,17,34,38
208,10001209,10071065,title,false,17,48,36
208,10074463,10002467,title,false,17,39,43
208,10074451,10038943,description,false,17,196,185
208,10074447,10117143,title,false,17,35,23
208,10074437,10243967,description,false,17,193,763
208,10074433,10274569,title,false,17,35,22
208,10001209,10006055,description,false,17,164,196
208,10074463,10253247,description,false,17,197,220
209,10012767,10132131,description,false,24,127,67
209,10012767,10012733,title,false,24,51,33
209,10012807,10017401,title,false,24,51,83
209,10012807,10012869,description,false,24,127,89
209,10012797,10132133,description,false,24,114,60
21,10051325,10039969,description,false,13,168,77
21,1022503,10233307,description,false,13,80,75
21,1020977,10002269,description,false,13,96,97
21,10207317,10255963,title,false,13,31,53
21,10180699,10196897,title,false,13,49,43
21,10261985,10006191,title,false,13,48,60
21,10063325,10030743,title,false,13,36,50
21,10004491,10274029,description,false,13,100,107
21,10019655,10002193,title,false,13,54,39
21,10016271,10021513,description,false,13,589,120
21,10242701,10017211,title,false,13,42,42
21,10001345,10043097,title,false,13,68,68
21,1015375,10244699,title,false,13,27,44
21,10054785,10111349,title,false,13,50,48
21,10016267,10001975,title,false,13,69,56
21,10019715,10273987,description,false,13,181,112
21,10017237,10197039,title,false,13,27,56
21,10016269,10199945,description,false,13,614,106
21,1015375,10030751,description,false,13,112,1411
21,1020977,10003259,title,false,13,43,58
21,10016271,10021491,title,false,13,79,46
21,10239447,10062167,description,false,13,129,102
21,10051325,10130747,title,false,13,42,40
21,10265465,10213415,description,false,13,91,86
21,10019579,10021509,description,false,13,151,100
21,10132381,10021505,description,false,13,151,97
21,10233311,10162697,title,false,13,37,55
21,10207317,10242467,description,false,13,97,92
21,10235661,10202005,title,false,13,38,41
21,10051331,10002825,title,false,13,38,43
21,10089511,10039955,description,false,13,80,80
21,10054835,10021507,description,false,13,101,95
21,10242645,10003077,description,false,13,112,127
21,10054781,10003051,title,false,13,45,58
21,10019843,10051283,description,false,13,132,104
21,10239449,10021497,title,false,13,35,42
21,10132565,10001007,description,false,13,152,100
21,10207271,10130745,title,false,13,51,37
21,10239467,10080609,title,false,13,48,43
21,10197583,10039011,title,false,13,53,56
21,10261985,10213437,description,false,13,110,91
21,10054835,10266653,title,false,13,45,56
21,10233311,10132045,description,false,13,144,101
21,10054821,10075395,description,false,13,104,107
21,10207461,10021499,description,false,13,121,95
21,10054803,10021519,description,false,13,94,129
21,10019843,10006199,title,false,13,44,60
21,10255037,10002827,title,false,13,36,59
21,10239453,10199989,description,false,13,145,119
21,10242701,10004315,description,false,13,116,107
210,10244385,10244453,title,false,20,47,33
210,10244525,10267989,description,false,20,103,109
210,10244671,10243509,title,false,20,33,35
210,10244525,10180483,title,false,20,34,33
210,10244371,10265887,description,false,20,227,698
210,10244385,10089225,description,false,20,133,91
210,10244371,10203339,title,false,20,36,41
210,10244671,10180919,description,false,20,158,43
212,10197729,10019559,description,false,20,602,191
212,10245789,10111417,description,false,20,220,93
212,10197727,10002193,title,false,20,79,39
212,10197737,10002003,description,false,20,476,124
212,10236739,10240187,title,false,20,84,66
212,10075177,10001211,description,false,20,496,108
212,10234523,10266647,title,false,20,70,38
212,10271953,10145033,title,false,20,48,47
212,10225009,10241509,title,false,20,78,68
212,10168463,10111395,description,false,20,220,93
212,10075177,10040633,title,false,20,64,34
212,10245789,10179337,title,false,20,72,84
212,10075165,1001050,description,false,20,630,275
212,10234533,10001573,description,false,20,291,154
212,10225009,10251421,description,false,20,207,178
212,10197729,10001975,title,false,20,55,56
212,10197737,10019567,title,false,20,63,40
212,10197727,10111407,description,false,20,470,93
212,10234533,10001989,title,false,20,68,48
212,10168463,10111393,title,false,20,75,56
212,10197741,10243499,title,false,20,91,53
212,10144797,10001527,title,false,20,65,48
212,10236739,10002195,description,false,20,211,141
212,10144797,10051111,description,false,20,167,126
212,10234523,10111405,description,false,20,334,127
212,10075165,10111409,title,false,20,72,62
212,10271953,10027171,description,false,20,87,92
212,10197741,10002337,description,false,20,736,141
214,10266625,10256649,title,false,21,50,42
214,10002393,10240225,description,false,21,195,518
214,10001003,10271401,title,false,21,46,36
214,10266661,10041871,title,false,21,45,46
214,10002393,10266773,title,false,21,45,50
214,10266625,10256711,description,false,21,49,610
214,10266643,10256739,description,false,21,458,671
214,10130745,10256675,title,false,21,37,37
214,10001445,10256663,description,false,21,231,365
214,10266661,10203339,description,false,21,314,99
214,10239871,10256673,description,false,21,600,253
214,10239871,10256647,title,false,21,57,42
214,10001445,10136767,title,false,21,57,55
214,10266643,10032691,title,false,21,43,35
214,10130747,10063693,title,false,21,40,34
216,10074433,10005997,description,false,18,196,192
216,10074433,10266795,title,false,18,35,23
216,10074453,10182159,description,false,18,196,351
216,10074451,10274569,title,false,18,34,22
216,10074463,10006055,description,false,18,197,196
216,10074463,10248355,title,false,18,39,36
216,10074453,10006047,title,false,18,35,28
218,10125229,10274891,title,false,20,57,40
218,1016231,10111405,title,false,20,45,56
218,10214987,10256711,title,false,20,66,36
218,1016231,10111397,description,false,20,365,127
218,10014759,10256739,title,false,20,71,36
218,10198117,10256689,description,false,20,203,335
218,10125229,10274867,description,false,20,157,68
218,10139009,10256733,title,false,20,54,36
218,10198135,10256677,title,false,20,59,37
218,10139009,10051111,description,false,20,149,126
218,10214987,10261449,description,false,20,367,748
218,10145421,10256737,description,false,20,120,597
218,10145421,10019563,title,false,20,87,40
218,10014759,10161863,description,false,20,198,63
218,10166625,10256671,description,false,20,408,433
218,10166625,10256703,title,false,20,53,36
22,10256423,10004111,title,false,13,49,62
22,10003363,10017013,description,false,13,123,123
22,10003597,10004145,title,false,13,74,58
22,10008639,10017723,title,false,13,66,41
22,10003497,10004131,description,false,13,135,117
22,10062243,10017589,title,false,13,58,42
22,10261607,10051283,description,false,13,84,104
22,10263143,10004121,title,false,13,60,57
22,10050791,10017679,title,false,13,51,43
22,10187743,10017781,description,false,13,74,100
22,10041421,10017869,description,false,13,95,106
22,10159225,10003899,description,false,13,51,118
22,10147465,10180919,title,false,13,55,19
22,10136257,10017747,description,false,13,78,108
22,10136049,10030055,title,false,13,64,49
22,10238843,10017693,title,false,13,50,54
22,10241683,10017629,description,false,13,115,112
22,10003249,10207133,description,false,13,68,91
22,10117015,10089225,title,false,13,51,42
22,10147263,1014828,description,false,13,107,105
22,10014361,10017081,title,false,13,47,61
22,10014337,10004143,title,false,13,48,57
22,10214275,10017847,title,false,13,71,51
22,10014337,10017001,description,false,13,87,101
22,10089043,10017737,description,false,13,105,106
22,10035883,10017913,description,false,13,70,121
22,10239079,10017749,description,false,13,71,105
22,10239207,10243471,title,false,13,47,35
22,10241683,10017915,title,false,13,60,45
22,10214283,10206969,title,false,13,61,48
22,10050791,10016991,description,false,13,80,115
22,10089045,10016985,description,false,13,98,118
22,10038931,10017861,description,false,13,78,106
22,10261607,10017833,title,false,13,67,56
22,10237957,1010508,title,false,13,58,31
22,10256611,10017835,description,false,13,111,106
22,10041407,10004155,title,false,13,43,60
22,10187753,10004151,description,false,13,68,122
22,10214275,10237771,description,false,13,86,76
22,10136049,10017667,description,false,13,76,107
22,10202819,10017829,title,false,13,33,43
22,10003497,10003123,title,false,13,57,59
22,10003543,10007743,title,false,13,54,62
22,10239207,10201927,description,false,13,70,57
22,10256611,10017601,title,false,13,59,56
22,10003543,10004115,description,false,13,77,124
22,10003605,10017761,description,false,13,84,102
22,10261913,10017917,description,false,13,92,115
22,10147443,10004135,title,false,13,56,62
22,1011679,10017007,description,false,13,155,118
220,10244447,10052497,title,false,18,37,45
220,10255751,10145677,description,false,18,416,174
220,10213067,10145685,description,false,18,57,174
220,10134851,10016703,title,false,18,51,44
220,10203221,10157913,description,false,18,56,92
220,10212917,10243457,title,false,18,57,34
220,10145245,10231919,title,false,18,33,35
220,10197225,10205463,description,false,18,67,98
220,10145333,10052645,description,false,18,108,276
220,10242281,10005937,title,false,18,51,64
220,10145303,10231917,description,false,18,56,57
220,10197225,10231901,title,false,18,64,36
220,10255751,10243471,title,false,18,56,35
220,10255835,10052641,title,false,18,59,45
220,10197221,10052385,title,false,18,65,47
220,10145245,10232001,description,false,18,106,57
220,10145303,10016685,title,false,18,40,44
220,10180681,10231905,title,false,18,33,35
220,10145323,10052349,description,false,18,105,278
220,10181381,10051919,title,false,18,74,48
220,10212989,10267989,title,false,18,64,65
220,10212867,10137813,description,false,18,112,57
220,10134797,10231969,description,false,18,48,57
220,10201927,10193723,title,false,18,37,38
220,10181381,10231913,description,false,18,870,66
220,10255835,10231941,description,false,18,124,66
220,10180681,10205469,description,false,18,61,142
220,10212989,10157931,description,false,18,65,91
220,10134797,10166937,title,false,18,45,54
220,10203221,10052505,title,false,18,47,53
220,10244447,10252513,description,false,18,115,60
220,10244569,10052497,title,true,18,35,45
220,10212867,10145677,title,true,18,77,60
220,10244569,10052497,description,true,18,78,281
221,10186777,10145043,title,false,23,61,31
221,10016747,10111405,title,false,23,51,56
221,10234485,10243471,title,false,23,64,35
221,10016747,10145061,description,false,23,159,138
221,10080407,10003477,title,false,23,51,78
221,10186777,10144987,description,false,23,294,139
221,10080407,10243523,description,false,23,207,97
221,10234485,10233297,description,false,23,371,100
222,10244671,10042697,description,false,18,158,195
222,10213393,10164325,description,false,18,117,113
222,10247475,10233281,description,false,18,118,117
222,10247471,10207441,title,false,18,68,40
222,10247475,10263009,title,false,18,54,57
222,10213393,10004315,title,false,18,60,34
222,10247471,10207271,description,false,18,152,124
222,10006199,10207465,title,false,18,60,45
222,10244671,10207305,title,false,18,33,43
222,10006199,10026739,description,false,18,78,106
223,10252655,10053885,title,false,20,47,47
223,10252655,10132123,description,false,20,98,136
225,10073637,10017457,description,false,22,193,356
225,10186469,10017443,title,false,22,32,37
225,10073685,10265867,description,false,22,213,516
225,10248895,10017453,description,false,22,136,357
225,10133399,10017445,title,false,22,35,36
225,10186469,10017421,description,false,22,153,375
225,10073637,10243537,title,false,22,32,24
225,10133399,10181809,description,false,22,209,234
225,10073685,10017441,title,false,22,35,37
225,10248895,10157901,title,false,22,39,34
227,10234525,10111409,description,false,13,305,93
227,10234525,10002003,title,false,13,73,52
228,10145033,10193689,title,false,17,47,44
228,10257023,1010500,title,false,17,47,28
228,10145017,10255817,title,false,17,46,67
228,10180489,10255789,description,false,17,437,57
228,10145033,10255503,description,false,17,380,80
228,10144959,10262755,title,false,17,48,69
228,10244677,10255871,title,false,17,45,48
228,10144961,10212867,description,false,17,351,112
228,10180489,10243479,title,false,17,48,30
228,10144961,1017725,title,false,17,31,28
228,10145017,10255879,description,false,17,341,96
228,10257023,10255723,description,false,17,93,57
228,10144959,1013866,description,false,17,365,166
228,10244677,10235369,description,false,17,84,107
229,10012715,10017365,description,false,17,81,112
229,10012721,10098651,title,false,17,79,45
229,10012741,10021555,title,false,17,37,54
229,10012719,10021567,title,false,17,57,59
229,10012721,10040391,description,false,17,121,86
229,10012739,10196281,description,false,17,65,71
229,10012719,10132133,description,false,17,135,60
229,10012715,10239781,title,false,17,53,64
229,10012705,10098661,title,false,17,54,57
229,10012739,10001211,title,false,17,64,53
229,10012729,10132123,description,false,17,47,136
229,10012729,10198085,title,false,17,32,38
23,1022177,10243479,description,false,10,805,161
23,10052147,10231969,description,false,10,314,57
23,10223361,10198083,description,false,10,528,194
23,10052601,10012985,description,false,10,310,90
23,10184211,10256015,title,false,10,58,43
23,101470,10012839,description,false,10,403,59
23,10044431,10198085,title,false,10,49,38
23,10223359,10184387,description,false,10,460,74
23,10052443,10137603,title,false,10,40,41
23,10044433,10074409,title,false,10,44,36
23,10052235,10128883,title,false,10,54,23
23,1022177,10056541,title,false,10,46,66
23,10052137,10012861,description,false,10,309,97
23,10052137,10012969,title,false,10,41,44
23,10089007,10198379,description,false,10,280,89
23,10071413,10039913,description,false,10,273,104
23,1022179,10106753,title,false,10,45,26
23,10036169,10198207,title,false,10,41,39
23,10044439,10243563,description,false,10,301,159
23,10052711,10014817,title,false,10,39,51
23,10044479,10012981,description,false,10,295,100
23,10246505,10012843,title,false,10,39,51
23,10223321,10012859,description,false,10,460,81
23,10223339,10101727,description,false,10,462,42
23,10075283,10012869,description,false,10,315,89
23,10052519,10012865,description,false,10,303,88
23,10052711,10244583,description,false,10,329,158
23,10069587,10012959,title,false,10,60,47
23,10223361,10106775,title,false,10,43,26
23,10052227,10012965,title,false,10,53,47
23,10223363,10012845,title,false,10,49,45
23,10223339,10012863,title,false,10,48,49
23,10051975,10205395,title,false,10,39,50
23,10052637,10012881,title,false,10,52,49
23,10052519,10012841,title,false,10,39,47
23,10044471,10243509,title,false,10,44,35
23,10052227,10157901,description,false,10,308,137
23,10044439,10038885,title,false,10,44,48
23,10223347,10038731,title,false,10,39,50
23,10052723,10012853,description,false,10,304,43
23,10052139,10216763,title,false,10,40,38
23,101473,10012963,description,false,10,421,100
23,10044471,10180407,description,false,10,299,57
23,10036169,10205399,description,false,10,288,224
23,10051985,10238981,title,false,10,48,47
23,10051975,10012855,description,false,10,304,86
23,10052553,10012873,title,false,10,50,45
23,10069587,10012971,description,false,10,286,100
23,10051905,10056613,title,false,10,45,64
23,1022179,10012883,description,false,10,313,86
230,10145021,10244453,title,false,19,60,33
230,10244385,10145047,title,false,19,47,31
230,10244371,10145053,title,false,19,36,31
230,10145021,10181783,description,false,19,300,208
230,10145065,10267895,description,false,19,139,92
230,10244385,10039923,description,false,19,133,59
230,10145065,10267989,title,false,19,41,65
230,10244371,10181929,description,false,19,227,196
231,10186821,10001975,title,false,17,87,56
231,10135499,10206921,description,false,17,113,83
231,10186807,10231649,title,false,17,86,58
231,10198091,10168427,description,false,17,102,744
231,10198095,10001573,title,false,17,55,40
231,10080565,10241519,title,false,17,35,65
231,10040633,10223121,title,false,17,34,42
231,10139009,10075491,title,false,17,54,59
231,10186807,10001527,description,false,17,394,121
231,10186821,10251419,description,false,17,399,133
231,10080567,10236209,description,false,17,118,493
231,10135497,10002761,title,false,17,74,40
231,10263103,10002337,description,false,17,302,141
231,10080565,10001211,description,false,17,133,108
231,10135499,10019567,title,false,17,69,40
231,10135497,10240187,description,false,17,66,141
231,10014801,1009000,title,false,17,46,38
231,10031035,10002003,description,false,17,227,124
231,10198061,10258363,title,false,17,54,74
231,10080571,10246549,description,false,17,123,81
231,10080569,10019559,description,false,17,111,191
231,10198061,10243499,description,false,17,111,221
231,10166625,10002195,description,false,17,408,141
231,10031035,10019563,title,false,17,68,40
231,10198091,10266647,title,false,17,47,38
231,10014801,10001931,description,false,17,77,125
231,10263103,10258369,title,false,17,55,71
231,10166625,10251421,title,false,17,53,53
231,10139009,10206921,description,true,17,149,83
232,10030411,10137145,title,false,23,35,46
232,10030339,10001425,description,false,23,244,218
232,10030339,10201205,title,false,23,43,36
232,10030411,10080181,description,false,23,239,100
232,10029157,10243967,title,false,23,39,36
232,10030349,10247655,description,false,23,232,221
232,10029157,10137101,description,false,23,243,1027
232,10030423,10119531,description,false,23,268,137
232,10030423,10248557,title,false,23,49,33
232,10030349,10138015,title,false,23,41,44
233,10133947,10145053,title,false,19,53,31
233,10134199,10144987,title,false,19,32,24
233,10134189,10041839,description,false,19,56,1028
233,10134191,10041821,description,false,19,55,1027
233,10134189,10244583,title,false,19,54,28
233,10134199,10041835,description,false,19,40,1026
233,10134215,10256015,title,false,19,37,43
233,10134215,10244453,description,false,19,45,73
233,10134191,10041877,title,false,19,46,48
233,10133947,10128915,description,false,19,62,91
236,10247881,10012705,description,false,21,100,81
236,10071423,10132139,title,false,21,51,45
236,10247875,10196271,description,false,21,104,45
236,10065605,10012733,title,false,21,42,33
236,10065605,10017397,description,false,21,97,127
236,10071423,10196853,description,false,21,90,45
236,10247883,10040389,title,false,21,69,57
236,10247883,10115197,description,false,21,109,46
236,10247881,10115245,title,false,21,60,58
236,10247875,10174335,title,false,21,64,47
236,10247885,10098655,title,false,21,59,45
236,10247885,10098651,description,false,21,99,82
237,1020661,10041871,title,false,23,46,46
237,10232983,10041879,description,false,23,155,1026
237,1020662,10039845,title,false,23,50,39
237,1020662,10145677,description,false,23,305,174
237,10000911,10041835,description,false,23,143,1026
237,10000915,10106181,description,false,23,119,339
237,10000915,10041823,title,false,23,39,56
237,10185733,10041821,description,false,23,905,1027
237,10000911,10041841,title,false,23,43,50
237,1020661,10041877,description,false,23,301,1027
237,10000921,10041847,description,false,23,122,1212
237,10185733,10041839,title,false,23,37,49
237,10000921,10137151,title,false,23,38,47
237,10232983,10041873,title,false,23,32,47
240,10189681,10145021,description,false,18,159,300
240,10189681,10019567,title,false,18,60,40
241,10062173,10198191,title,false,19,58,52
241,10145021,10115197,title,false,19,60,58
241,10244371,10115247,description,false,19,227,46
241,10244371,10181929,title,false,19,36,36
241,10062173,10181849,description,false,19,137,195
241,10145021,10115281,description,false,19,300,46
244,10180373,10179321,title,false,25,56,80
244,1000709,10096435,title,false,25,29,83
244,10180473,10111407,title,false,25,48,62
244,10180373,10111405,description,false,25,85,127
244,1000716,1001050,title,false,25,56,58
244,1000744,10207419,description,false,25,93,147
244,10014759,10111397,title,false,25,71,56
244,1000744,10051111,title,false,25,36,63
244,1000709,10027171,description,false,25,73,92
244,10014759,10234505,description,false,25,198,342
244,10180473,10207409,description,false,25,98,149
244,10166625,10111395,title,false,25,53,62
244,1000716,10179289,description,false,25,225,136
244,10166625,10027167,description,false,25,408,92
248,10213459,10132601,description,false,17,102,95
248,10244699,10162605,title,false,17,44,51
248,10213369,10207317,title,false,17,64,31
248,10213395,10233311,description,false,17,98,144
248,10213437,1014042,description,false,17,91,66
248,10196893,10213035,title,false,17,48,67
248,10006199,10207441,description,false,17,78,95
248,10213419,10244679,description,false,17,139,100
248,10213443,10213061,description,false,17,126,57
248,10213369,10145065,description,false,17,115,139
248,10213409,10212867,description,false,17,100,112
248,10213377,10243471,title,false,17,59,35
248,10196897,10159095,title,false,17,43,38
248,10244695,10004315,title,false,17,27,34
248,10213395,10243509,title,false,17,62,35
248,10039969,10164325,title,false,17,61,50
248,10180919,10213193,title,false,17,19,65
248,10030547,10233359,title,false,17,34,38
248,10213455,10221407,description,false,17,125,108
248,10244699,10196921,description,false,17,93,95
248,10244671,1022503,title,false,17,33,23
248,10180919,10244575,description,false,17,43,114
248,10213353,10212967,description,false,17,153,61
248,10196893,10216863,description,false,17,96,419
248,10213413,10174751,description,false,17,159,116
248,10030547,10213067,description,false,17,110,57
248,10006199,10207465,title,false,17,60,45
248,10213353,10207271,title,false,17,67,51
248,10213385,10132601,title,true,17,72,36
248,10213401,10162605,title,true,17,58,51
248,10213401,10132601,description,true,17,112,95
248,10213459,10207317,title,true,17,59,31
248,10244695,10162605,description,true,17,76,134
248,10213413,10233311,title,true,17,76,37
248,10213393,10207317,description,true,17,117,97
248,10213447,10233311,description,true,17,132,144
248,10213447,1014042,title,true,17,60,43
248,10213383,10213035,title,true,17,65,67
248,10213385,1014042,description,true,17,114,66
248,10196897,10213035,description,true,17,87,66
248,10244671,10207441,description,true,17,158,95
248,10213443,10207441,title,true,17,69,40
248,10039969,10244679,description,true,17,77,100
248,10006191,10213061,description,true,17,95,57
248,10213383,10145065,description,true,17,168,139
248,10213419,10244679,title,true,17,67,48
248,10213409,10213061,title,true,17,62,59
248,10213377,10212867,description,true,17,112,112
25,10021469,10030411,title,false,12,36,35
25,10248557,10029157,description,false,12,854,243
25,10001425,10063519,description,false,12,218,246
25,10092019,10217987,description,false,12,190,162
25,10029811,10237425,description,false,12,130,84
25,10029695,10038835,description,false,12,134,161
25,10242943,10006063,description,false,12,185,239
25,10071065,10006051,title,false,12,36,39
25,10029811,10063511,title,false,12,37,42
25,10137215,10231553,description,false,12,218,619
25,10138037,10015165,description,false,12,200,77
25,10233965,10030423,description,false,12,377,268
25,10244149,10063537,title,false,12,53,53
25,10248227,10036077,title,false,12,38,41
25,10253533,10062243,description,false,12,547,176
25,10242953,10015141,description,false,12,637,83
25,10071051,10044109,description,false,12,189,108
25,10137043,10231599,description,false,12,843,666
25,10075915,10015161,description,false,12,190,79
25,10242891,10080177,title,false,12,34,44
25,10253435,10063507,title,false,12,40,42
25,10071065,10080173,description,false,12,482,104
25,10243995,10002441,title,false,12,41,25
25,10248355,10184387,description,false,12,571,74
25,10029819,10166833,description,false,12,140,642
25,10045711,10080179,description,false,12,134,94
25,10182145,10013495,description,false,12,365,197
25,10248547,10005995,description,false,12,188,265
25,10248355,10015153,title,false,12,36,59
25,10064639,10029253,title,false,12,58,47
25,10250647,10029299,title,false,12,45,55
25,10029797,10013617,description,false,12,135,168
25,10262087,10035977,description,false,12,190,165
25,10138029,10035999,title,false,12,49,41
25,10137127,10006029,description,false,12,660,263
25,10137167,10231569,title,false,12,41,67
25,10242953,10006055,title,false,12,35,36
25,10029809,10074083,description,false,12,133,69
25,10248349,10029207,description,false,12,411,159
25,10250653,10044701,description,false,12,186,233
25,10243989,10029259,description,false,12,500,194
25,10243977,10248403,description,false,12,505,128
25,10018055,10030339,description,false,12,808,244
25,10029809,10237427,title,false,12,32,57
250,10179331,10098655,title,false,21,51,45
250,10096267,10007829,description,false,21,95,234
250,10179309,10007733,title,false,21,63,62
250,10027195,10243575,description,false,21,99,87
250,10027179,10040389,description,false,21,90,86
250,10027189,10132139,title,false,21,58,45
250,10027197,10132133,title,false,21,61,45
250,10051369,10174335,title,false,21,48,47
250,10027169,10040391,description,false,21,90,86
250,10051349,10007597,description,false,21,90,224
250,10111403,10007835,description,false,21,92,223
250,10051339,10007705,description,false,21,90,225
250,10025889,10007719,title,false,21,65,54
250,10111403,10007591,title,false,21,61,51
250,10096263,10132123,title,false,21,46,48
250,10027155,10098657,title,false,21,54,48
250,10096291,10007673,description,false,21,87,229
250,10111411,10007797,description,false,21,92,223
250,10111411,10132125,title,false,21,61,45
250,10051369,10007763,description,false,21,92,320
250,10051371,10098655,description,true,21,88,179
250,10027169,10098655,title,true,21,39,45
250,10096263,10007829,description,true,21,77,234
250,10096271,10007829,title,true,21,49,54
250,10096289,10007733,description,true,21,104,246
250,10025889,10243575,description,true,21,706,87
250,10051339,10007733,title,true,21,53,62
250,10096303,10040389,description,true,21,107,86
250,10027173,10132139,description,true,21,94,65
250,10027163,10132133,description,true,21,87,60
250,10179309,10174335,description,true,21,94,59
250,10027155,10040391,description,true,21,90,86
250,10051371,10243575,title,true,21,51,48
250,10027179,10040389,title,true,21,62,57
250,10027195,10132139,title,true,21,63,45
250,10096291,10132133,title,true,21,46,45
250,10027183,10174335,title,true,21,69,47
250,10027173,10040391,title,true,21,58,57
250,10096271,10007597,description,true,21,94,224
250,10027165,10007835,description,true,21,84,223
250,10027197,10007705,description,true,21,89,225
250,10051349,10007597,title,true,21,53,44
250,10027163,10007835,title,true,21,51,43
250,10096303,10007705,title,true,21,50,49
250,10027165,10007719,title,true,21,48,54
250,10027189,10007719,description,true,21,94,234
250,10096267,10007591,title,true,21,52,51
250,10051355,10007591,description,true,21,91,237
253,10242629,10217061,title,false,20,41,61
253,10260315,10181929,title,false,20,55,36
253,10234787,10234075,description,false,20,126,622
253,10004509,10234801,description,false,20,128,161
253,10161551,10041823,title,false,20,76,56
253,10260315,10234793,description,false,20,134,163
253,10242629,10181635,description,false,20,87,152
253,10004509,10041877,title,false,20,51,48
253,10234787,10137151,title,false,20,52,47
253,10161551,10234813,description,false,20,83,84
254,10186821,10002195,title,false,18,87,53
254,10207301,10002003,description,false,18,59,124
254,10265419,10244421,title,false,18,51,27
254,10207301,10231649,title,false,18,39,58
254,10207433,10001203,description,false,18,68,149
254,10186807,10241525,title,false,18,86,68
254,10207433,10240187,title,false,18,27,66
254,10207309,10231651,description,false,18,71,130
254,10265419,10251421,description,false,18,71,178
254,10186821,10002337,description,false,18,399,141
254,10186807,10233297,description,false,18,394,100
254,10207309,10001989,title,false,18,37,48
255,10244575,1016061,title,false,24,42,45
255,10244579,10247703,description,false,24,193,52
255,10244575,10258355,description,false,24,114,602
255,10244525,10032691,description,false,24,103,101
255,10244343,10258367,title,false,24,32,85
255,10244371,10259457,description,false,24,227,250
255,10244371,10207305,title,false,24,36,43
255,10244525,10185997,title,false,24,34,65
256,10162339,10014845,description,false,28,213,107
256,10003833,10217013,title,false,28,67,56
256,10003833,10162009,description,false,28,205,78
256,10012721,10244277,description,false,28,121,67
256,10162325,10135481,description,false,28,227,107
256,10003837,10198191,title,false,28,66,52
256,10162339,10178285,title,false,28,65,60
256,10012721,10145347,title,false,28,79,39
256,10162325,10243509,title,false,28,86,35
256,10003837,10145021,description,false,28,204,300
26,10013037,10106771,title,false,17,51,35
26,10016727,10041841,title,false,17,48,50
26,10013035,10000775,description,false,17,226,165
26,10234525,10157877,title,false,17,73,27
26,10234487,10274029,description,false,17,404,107
26,10016283,10206867,description,false,17,620,92
26,10201945,10244421,title,false,17,50,27
26,10207419,10181211,title,false,17,58,47
26,10207335,10247807,description,false,17,151,53
26,10012497,10013261,title,false,17,72,52
26,10012497,10180919,description,false,17,110,43
26,10186807,10111417,description,false,17,394,93
26,10013041,10158013,description,false,17,143,58
26,10013035,10015985,title,false,17,57,38
26,10013041,10207069,title,false,17,43,36
26,10234485,10041823,title,false,17,64,56
26,10190659,10007811,title,false,17,77,55
26,10234523,10206969,description,false,17,334,92
26,10190893,10157939,title,false,17,64,28
26,10051241,10001573,description,false,17,70,154
26,10190651,10009767,description,false,17,232,127
26,10225009,10273989,description,false,17,207,102
26,10190887,10237771,title,false,17,73,43
26,10016283,10013421,title,false,17,79,58
26,10013787,10243499,description,false,17,92,221
26,10013049,10157955,title,false,17,57,28
26,10207461,10158053,description,false,17,121,70
26,10051241,10197691,title,false,17,42,53
26,10207639,10206239,description,false,17,299,90
26,10207409,10206245,description,false,17,149,100
26,10190893,10170571,description,false,17,206,82
26,10201945,10111395,description,false,17,173,93
26,10234525,10216611,description,false,17,305,69
26,10207357,10096403,description,false,17,119,105
26,10190887,10205399,description,false,17,208,224
26,10186807,10111409,title,false,17,86,62
26,10186803,10106459,description,false,17,281,89
26,10207335,10013727,title,false,17,57,65
26,10207419,10013425,description,false,17,147,90
26,10186821,10157915,description,false,17,399,177
26,10271953,10009695,description,false,17,87,129
26,10234505,10216641,description,false,17,342,68
26,10234491,10051111,title,false,17,70,63
26,10207637,10013315,title,false,17,73,68
26,10186803,10244583,title,false,17,58,28
26,10207639,10179351,title,false,17,57,89
26,10234533,10041821,title,false,17,68,48
26,10234485,10231649,description,false,17,371,40
26,10016727,10001527,description,false,17,202,121
26,10225009,10009723,title,false,17,78,78
262,10145021,10258385,description,false,24,300,2565
262,10244671,10245259,title,false,24,33,54
262,10145021,10030013,title,false,24,60,51
262,10244421,10019559,description,false,24,121,191
262,10244421,10166937,title,false,24,27,54
262,10244385,10089225,title,false,24,47,42
262,10145065,10243471,title,false,24,41,35
262,10244371,10225009,title,false,24,36,78
262,10244671,10029635,description,false,24,158,118
262,10244371,1014818,description,false,24,227,118
262,10145065,10258387,description,false,24,139,3670
262,10244385,10171295,description,false,24,133,110
266,10053725,10145053,title,false,22,42,31
266,10019797,10244381,description,false,22,125,158
266,10265445,10145043,title,false,22,43,31
266,10053737,10244371,title,false,22,55,36
266,10260313,10137151,title,false,22,43,47
266,10236839,10244583,title,false,22,48,28
266,10039917,10041847,description,false,22,56,1212
266,10184313,10145053,description,true,22,55,214
266,10212829,10244381,description,true,22,59,158
266,10233287,10145053,title,true,22,38,31
266,10273991,10145043,description,true,22,67,215
266,10167141,10244381,title,true,22,52,28
266,10053767,10244371,description,true,22,138,227
266,10051541,10137151,description,true,22,54,724
266,10001511,10244583,description,true,22,78,158
266,10184313,10145043,title,true,22,36,31
266,10053773,10244371,title,true,22,48,36
266,10260313,10041847,description,true,22,167,1212
266,10053737,10145053,description,true,22,112,214
266,10236839,10244381,description,true,22,63,158
266,10260343,10145043,description,true,22,168,215
266,10260343,10137151,title,true,22,45,47
266,10019797,10244583,title,true,22,59,28
266,10233287,10244371,description,true,22,54,227
266,10265445,10137151,description,true,22,56,724
266,10265467,10041847,title,true,22,47,46
266,10244003,10145053,title,true,22,42,31
266,1015402,10244583,description,true,22,108,158
266,10236233,10041847,description,true,22,60,1212
266,10244003,10145053,description,true,22,112,214
266,10053731,10244381,title,true,22,45,28
266,10053731,10244381,description,true,22,123,158
266,10053725,10145043,description,true,22,118,215
266,10053761,10145043,title,true,22,51,31
266,10273991,10244371,title,true,22,64,36
266,10053773,10244371,description,true,22,98,227
266,10001511,10137151,title,true,22,63,47
266,10255989,10244583,title,true,22,49,28
266,10212837,10041847,title,true,22,43,46
266,10212837,10137151,description,true,22,62,724
266,10260329,10244583,description,true,22,204,158
266,10265467,10041847,description,true,22,71,1212
266,10265487,10145053,description,true,22,65,214
266,10260329,10145053,title,true,22,57,31
266,10053779,10244381,description,true,22,121,158
266,10236233,10244381,title,true,22,40,28
266,10053767,10145043,title,true,22,52,31
266,10265487,10244371,title,true,22,43,36
266,10212829,10137151,title,true,22,40,47
266,10167141,10145043,description,true,22,125,215
267,10164429,10002761,title,false,18,67,40
267,10164429,10027167,description,false,18,282,92
267,10240047,10001585,title,false,18,53,47
267,10263103,10111405,description,false,18,302,127
267,10240047,10251421,description,false,18,133,178
267,10263103,10266637,title,false,18,55,45
27,10233297,10207589,description,false,12,100,58
27,10017723,10101619,description,false,12,104,62
27,10030195,10145309,title,false,12,51,36
27,10059963,10003523,title,false,12,73,54
27,10030195,10064049,description,false,12,110,56
27,10236431,10121145,description,false,12,148,67
27,10015839,10017085,title,false,12,46,48
27,10253749,10064065,title,false,12,53,44
27,10015831,10106267,title,false,12,53,67
27,10059963,10121941,description,false,12,127,59
27,10029543,10013487,description,false,12,111,160
27,10220891,10145027,title,false,12,44,27
27,10017629,1027083,description,false,12,112,341
27,10017631,10213061,description,false,12,118,57
27,10253749,10231987,description,false,12,98,118
27,10233297,10129605,title,false,12,38,48
27,10017743,10144987,title,false,12,43,24
27,10142419,10073401,description,false,12,108,55
27,10142419,10109075,title,false,12,49,52
27,10017857,10145319,title,false,12,48,36
27,10004421,10017017,title,false,12,44,60
27,10128161,10003209,description,false,12,100,72
27,10017629,10064121,title,false,12,49,48
27,10060541,10232011,title,false,12,67,60
27,10029543,10013541,title,false,12,52,72
27,10015839,10121929,description,false,12,108,154
27,10017743,10246473,description,false,12,106,68
27,10029525,10000761,description,false,12,108,182
27,10015819,10212967,description,false,12,91,61
27,10017723,10003365,title,false,12,41,61
27,10015819,10013305,title,false,12,46,62
27,10236431,10145269,title,false,12,22,36
27,10128161,10106331,title,false,12,59,67
27,10220891,10205427,description,false,12,91,101
27,10017631,10017211,title,false,12,53,42
27,10015831,10244583,description,false,12,112,158
27,10017857,1027074,description,false,12,111,331
27,10060541,10011163,description,false,12,118,73
27,10004421,10004169,description,false,12,69,61
270,10053895,10001573,title,false,24,50,40
270,10196265,10014785,description,false,24,66,107
270,10053899,10239781,title,false,24,31,64
270,10196271,10241509,description,false,24,45,215
270,10012733,10014825,title,false,24,33,61
270,10012721,10258405,title,false,24,79,19
270,10024959,10243479,description,false,24,79,161
270,10196271,10266647,title,false,24,37,38
270,10018985,10198123,description,false,24,576,87
270,10018931,10241525,description,false,24,457,215
270,10012721,10258387,description,false,24,121,3670
270,10012733,10258363,description,false,24,70,1396
270,10135877,10019567,title,false,24,47,40
270,10040391,10002195,title,false,24,57,53
270,10012705,10178285,title,false,24,54,60
270,10053895,10132059,description,false,24,111,122
270,10135877,10198225,description,false,24,120,88
270,10012715,10241519,description,false,24,81,117
270,10196853,10001211,title,false,24,44,53
270,10040391,10145033,description,false,24,86,380
270,10024959,10198085,title,false,24,56,38
270,10018983,10240187,title,false,24,77,66
270,10207207,10092535,description,false,24,841,204
270,10053899,10001573,description,true,24,100,154
270,10089313,10239821,title,false,24,35,53
270,10019005,10001573,title,true,24,20,40
270,10018931,10014785,title,true,24,84,61
270,10018985,10239781,title,true,24,63,64
270,10018983,10014785,description,true,24,585,107
270,10012715,10241509,title,true,24,53,68
270,10207207,10014825,title,true,24,55,61
271,10197757,10017445,description,false,22,121,410
271,10197743,10017461,title,false,22,46,50
271,10197757,10017459,title,false,22,54,36
271,10197743,10017427,description,false,22,121,376
272,10235761,10266601,title,false,19,84,46
272,10236797,10236539,description,false,19,58,62
272,10206989,1001050,title,false,19,64,58
272,10236797,10251419,title,false,19,30,63
272,10236803,10233269,description,false,19,63,104
272,10236803,10002763,title,false,19,35,36
272,10206989,10001931,description,false,19,124,125
272,10235761,10240187,description,false,19,162,141
274,10182399,10251421,description,false,22,110,178
274,10051585,10205441,description,false,22,96,594
274,10182617,10001497,description,false,22,71,140
274,10051585,10002337,title,false,22,58,54
274,10246959,10098757,title,false,22,64,25
274,10053737,10137151,title,false,22,55,47
274,10182349,10244381,description,false,22,66,158
274,10236783,10041835,title,false,22,41,47
274,10182399,10041873,title,false,22,69,47
274,10019805,10001931,title,false,22,53,47
274,10233287,10234075,title,false,22,38,66
274,10182617,10266647,title,false,22,66,38
274,10233287,10014683,description,false,22,54,94
274,10182349,10237917,title,false,22,61,47
274,10053737,10041823,description,false,22,112,1035
274,10019805,10092535,description,false,22,75,204
274,10236783,10258359,description,false,22,61,1452
274,10246959,10041879,description,false,22,65,1026
275,10198047,10226629,description,false,16,96,239
275,10198197,10074449,title,false,16,44,34
275,10161987,10001715,title,false,16,41,15
275,10198207,10012883,title,false,16,39,45
275,10014801,10063723,title,false,16,46,41
275,10198067,10012881,title,false,16,48,49
275,10014831,10012853,title,false,16,68,42
275,10014939,10266623,title,false,16,41,47
275,10198207,10071463,description,false,16,189,141
275,10014795,10012873,description,false,16,110,89
275,10014801,10226629,description,true,16,77,239
275,10198083,10074449,description,true,16,194,195
275,10207419,10001003,title,false,16,58,46
275,10198177,10226629,title,true,16,46,56
275,10180399,10001715,description,true,16,82,371
275,10198055,10074449,title,true,16,39,34
275,10198197,10012883,description,true,16,55,86
275,10161987,10063723,description,true,16,100,211
275,10198177,10012881,description,true,16,93,52
275,10014795,10001715,title,true,16,48,15
275,10098487,10012883,title,true,16,38,45
275,10014815,10012853,description,true,16,218,43
275,10161955,10063723,title,true,16,52,41
275,10198047,10012881,title,true,16,43,49
275,10161985,10012853,title,true,16,63,42
275,10098487,10266623,description,true,16,78,477
275,10180399,10266623,title,true,16,47,47
275,10198067,10071463,description,true,16,61,141
275,10014939,10012873,description,true,16,117,89
275,10031035,10071463,title,true,16,68,45
275,10207419,10226629,description,true,16,147,239
275,10014815,10012873,title,true,16,45,45
275,10198195,10001003,title,true,16,44,46
275,10161955,10074449,description,true,16,101,195
275,10161985,10001715,description,true,16,201,371
275,10198055,10012883,description,true,16,164,86
275,10031035,10063723,description,true,16,227,211
275,10014831,10012881,description,true,16,129,52
276,10244575,10068081,title,false,23,42,51
276,10145065,10243509,title,false,23,41,35
276,10244671,10197547,description,false,23,158,117
276,10244671,10056613,title,false,23,33,64
276,10244371,10029997,title,false,23,36,46
276,10244371,10258365,description,false,23,227,2244
276,10244575,10027629,description,false,23,114,111
276,10145065,10056403,description,false,23,139,62
277,10012733,10001573,description,false,23,70,154
277,10135877,10145033,description,false,23,120,380
277,10239619,10251421,description,false,23,59,178
277,10146439,10001773,description,false,23,80,150
277,10146433,10157901,description,false,23,85,137
277,10146433,10241519,title,false,23,56,65
277,10040391,10014845,description,false,23,86,107
277,10098651,10014785,description,false,23,82,107
277,10003833,10198123,title,false,23,67,36
277,10132133,10073919,title,false,23,45,70
277,10132139,10193867,description,false,23,65,152
277,10068483,10266637,title,false,23,57,45
277,10040389,10145021,title,false,23,57,60
277,10089313,10266647,title,false,23,35,38
277,10132139,10198085,title,false,23,45,38
277,10239619,10129433,title,false,23,47,62
277,10132125,10092535,title,false,23,45,63
277,10132059,10258405,description,false,23,122,1334
277,10132123,10198225,description,false,23,136,88
277,10068465,10019567,title,false,23,63,40
277,10018931,10258387,title,false,23,84,24
277,10135877,10001203,title,false,23,47,61
277,10254201,10243499,title,false,23,49,53
277,10098657,10002763,title,false,23,48,36
277,10098647,10002195,description,false,23,84,141
277,10135847,10169931,description,false,23,68,97
277,10132123,10205395,title,false,23,48,50
277,10132133,10243479,description,false,23,60,161
277,10068483,10206021,description,false,23,98,100
277,10098801,10243509,title,false,23,39,35
277,10098655,10001211,description,false,23,179,108
277,10146439,10001585,title,false,23,48,47
277,10174335,10178285,title,false,23,47,60
277,10018931,10258359,description,false,23,457,1452
277,10098657,10002337,description,false,23,68,141
277,10012733,10240187,title,false,23,33,66
277,10098651,10266661,title,false,23,45,45
277,10132059,10205399,title,false,23,62,48
277,10132125,10014825,description,false,23,77,82
277,10068465,10014817,description,false,23,104,83
277,10174335,10243563,description,false,23,59,159
277,10003833,10258363,description,false,23,205,1396
278,10106603,10179351,title,false,21,65,89
278,1000746,10179321,title,false,21,37,80
278,10224657,10190649,description,false,21,110,294
278,10224671,10179289,description,false,21,100,136
278,10135473,10179351,description,true,21,100,144
278,10224671,10179351,title,true,21,52,89
278,10274905,10179321,title,true,21,69,80
278,10106603,10179321,description,true,21,109,135
278,1000746,10190649,description,true,21,79,294
278,1000744,10190649,title,true,21,36,74
278,10224657,10179289,title,true,21,45,81
278,10274905,10179289,description,true,21,98,136
278,10135473,10179351,title,true,21,70,89
278,1000745,10179351,description,true,21,82,144
278,1000721,10179321,title,true,21,67,80
278,1000744,10179321,description,true,21,93,135
278,1000721,10190649,description,true,21,104,294
28,10024583,10019203,title,false,10,46,64
28,10236739,10169253,title,false,10,84,66
28,10225009,10056613,description,false,10,207,74
28,10024945,10019147,title,false,10,53,64
28,10234523,10019095,title,false,10,70,64
28,10233311,10019075,description,false,10,144,598
28,10025555,10244575,description,false,10,311,114
28,10260589,10243509,title,false,10,52,35
28,10181205,10019111,description,false,10,99,611
28,10026845,10056403,title,false,10,56,66
28,10026855,10019087,description,false,10,308,586
28,10033649,10274009,description,false,10,1012,77
28,10247483,10019101,description,false,10,117,589
28,10068081,10019219,description,false,10,110,620
28,10068081,10019091,title,false,10,51,64
28,10254245,10055883,description,false,10,127,55
28,10033649,10055975,title,false,10,66,60
28,10247429,10019067,description,false,10,134,601
28,10207465,10231919,title,false,10,45,35
28,10025555,10019071,title,false,10,55,64
28,10198009,10244385,title,false,10,39,47
28,10234535,10019161,title,false,10,53,70
28,10027629,10019227,title,false,10,51,64
28,1020977,10244421,title,false,10,43,27
28,10247483,10019193,title,false,10,64,64
28,10132253,10019165,description,false,10,159,599
28,1010542,10019229,title,false,10,57,70
28,10234533,10019083,description,false,10,291,606
28,10024949,10019151,description,false,10,312,607
28,10132469,10019181,title,false,10,71,63
28,10225009,10056063,title,false,10,78,55
28,10244695,10019207,description,false,10,76,599
28,10132511,10019185,description,false,10,176,599
28,10236739,10019065,description,false,10,211,611
28,10028353,10168427,title,false,10,63,84
28,10033723,10019159,description,false,10,940,600
28,10024581,10019163,description,false,10,315,601
28,10271953,10019063,description,false,10,87,584
28,10247479,10019073,title,false,10,61,64
28,10233311,10019209,title,false,10,37,64
28,10024927,10019079,title,false,10,57,64
28,10002103,10019167,title,false,10,23,70
28,10198009,10019139,description,false,10,141,591
28,10236207,10193723,description,false,10,929,57
28,1020977,10019197,description,false,10,96,606
28,10273991,10237931,description,false,10,67,76
28,1010542,10019145,description,false,10,408,599
28,10024945,10201927,description,false,10,341,57
28,10197547,10019157,title,false,10,82,64
280,10017451,10035427,title,false,20,35,50
280,10017455,10185471,description,false,20,397,45
280,10017437,10180919,title,false,20,36,19
280,10017453,10179061,title,false,20,37,37
280,10017457,10159501,description,false,20,356,231
280,10017457,10097195,title,false,20,36,39
280,10190997,10035383,description,false,20,218,106
280,10017453,10243537,description,false,20,357,136
280,10017437,10244311,description,false,20,356,240
280,10017455,10243509,title,false,20,51,35
280,10017451,10186693,description,false,20,355,89
280,10190997,10035405,title,false,20,73,51
281,10179321,10097195,description,false,16,135,237
281,10179289,10051479,title,false,16,81,41
281,10027167,10186123,title,false,16,56,49
281,10179289,10017421,description,false,16,136,375
281,10179351,10017445,title,false,16,89,36
281,10207419,10017417,description,false,16,147,409
281,10178967,10225727,title,false,16,40,43
281,10207639,10017427,description,false,16,299,376
281,10073971,10145033,description,false,16,89,380
281,1001050,10017453,description,false,16,275,357
281,10207639,10266647,title,false,16,57,38
281,10179321,10243509,title,false,16,80,35
281,10179351,10017443,description,false,16,144,392
281,10073959,10017409,description,false,16,66,389
281,10178967,10274867,description,false,16,110,68
281,1001050,10001573,title,false,16,58,40
281,10027167,10017459,description,false,16,92,410
281,10207419,10017433,title,false,16,58,36
281,10073959,10051481,title,false,16,38,43
281,10073971,10017449,title,false,16,41,35
283,10161905,10225943,description,false,23,201,283
283,10161959,10027167,title,false,23,60,56
283,10106589,10109005,title,false,23,51,66
283,10106589,10207639,description,false,23,97,299
283,10031117,10111393,title,false,23,70,56
283,10206417,10179321,description,false,23,85,135
283,10106613,10109003,title,false,23,70,70
283,10106591,10111409,description,false,23,97,93
283,10161905,10225789,title,false,23,48,38
283,10106609,10225759,description,false,23,96,300
283,10206417,10111401,title,false,23,59,62
283,10106613,10111407,description,false,23,100,93
283,10106603,10021345,description,false,23,109,50
283,10106591,10027171,title,false,23,51,56
283,10106603,10111417,title,false,23,65,62
283,10106609,10234505,title,false,23,50,66
283,10106611,10111405,title,false,23,49,56
283,10031183,10198073,title,false,23,63,59
283,10031183,1001050,description,false,23,288,275
283,10031117,10109001,description,false,23,314,65
283,10106611,10051111,description,false,23,95,126
287,10180473,10019567,title,false,16,48,40
287,10224675,10001527,description,false,16,154,121
287,10180929,10002003,description,false,16,82,124
287,10031035,10266647,title,false,16,68,38
287,10014941,10051111,description,false,16,113,126
287,10014939,10001497,description,false,16,117,140
287,10180477,10251419,title,false,16,74,63
287,10139555,10001931,title,false,16,54,47
287,10014939,10001573,title,false,16,41,40
287,10031035,10251421,description,false,16,227,178
287,10139555,10241519,description,false,16,258,117
287,10224675,10240187,title,false,16,49,66
287,10139533,10002761,title,false,16,71,40
287,10014941,1001050,title,false,16,48,58
287,10180473,10002337,description,false,16,98,141
287,10180441,10002195,title,false,16,70,53
287,10180441,10243499,description,false,16,112,221
287,10139533,10157915,description,false,16,278,177
287,10180477,10258405,description,false,16,115,1334
287,10180929,10040633,title,false,16,51,34
294,10189741,10041873,description,false,22,98,1026
294,10007597,10117227,description,false,22,224,171
294,10189741,10117265,title,false,22,33,44
294,10007597,10041839,title,false,22,44,49
296,10021477,10244677,description,false,21,153,84
296,10244671,10132601,title,false,21,33,36
296,10196893,10145065,description,false,21,96,139
296,10244671,10025687,description,false,21,158,221
296,10196893,10164325,title,false,21,48,50
296,10021477,10025691,title,false,21,59,46
298,10216841,10132139,title,false,18,45,45
298,10216841,10205399,description,false,18,120,224
299,10017445,10176755,title,false,18,36,52
299,10017443,10186469,title,false,18,37,32
299,10017459,10176759,title,false,18,36,53
299,10017427,10176789,description,false,18,376,110
299,10017445,10035405,description,false,18,410,95
299,10017409,10248017,description,false,18,389,181
299,10017417,10248061,description,false,18,409,183
299,10017449,10176735,description,false,18,409,114
299,10017417,10035419,title,false,18,35,45
299,10017409,10176781,title,false,18,36,50
299,10017441,10248025,description,false,18,411,183
299,10017443,10176723,description,false,18,392,109
299,10017449,10157901,title,false,18,35,34
299,10017459,10176785,description,false,18,410,91
3,10145319,10013541,title,false,25,36,72
3,10231901,10091967,description,false,25,57,105
3,10016703,10168427,title,false,25,44,84
3,10005909,1000795,title,false,25,57,51
3,10014413,10153287,title,false,25,49,52
3,10231905,10030055,description,false,25,57,105
3,10000301,10013491,description,false,25,55,158
3,10000377,10267743,title,false,25,42,53
3,10017021,10030295,description,false,25,50,124
3,10237777,1014684,description,false,25,56,108
3,10238321,10236431,title,false,25,71,22
3,10238321,10268141,description,false,25,82,89
3,10143927,1020424,title,false,25,41,33
3,10236383,10268249,description,false,25,65,71
3,10013371,1014825,description,false,25,63,114
3,10129601,10030053,description,false,25,62,119
3,10243471,10016665,title,false,25,35,51
3,10005241,10016283,title,false,25,55,79
3,10252513,10016663,title,false,25,47,42
3,10016971,10017053,title,false,25,71,84
3,10206633,10003899,title,false,25,42,63
3,10005241,10074967,description,false,25,72,114
3,10013315,10244489,title,false,25,68,35
3,10031565,10180753,description,false,25,65,116
3,10004169,10065725,description,false,25,61,55
3,10035813,10030013,title,false,25,55,51
3,10129601,10268071,title,false,25,48,64
3,10237785,10245183,title,false,25,43,47
3,10055975,10245077,title,false,25,60,44
3,10212957,10000761,title,false,25,56,85
3,10000533,10268195,title,false,25,41,49
3,10056031,10013483,description,false,25,58,157
3,10005937,10267735,title,false,25,64,58
3,10005261,10145341,description,false,25,77,72
3,10031565,1010510,title,false,25,54,31
3,10030221,10145323,title,false,25,46,33
3,10206633,10089225,description,false,25,57,91
3,10005969,1010508,title,false,25,62,31
3,10000533,10013677,description,false,25,54,165
3,10017017,10244447,description,false,25,80,115
3,10003207,10030019,description,false,25,78,108
3,10016685,10007763,title,false,25,44,63
3,10016983,10181701,description,false,25,62,92
3,10238985,10016271,title,false,25,51,79
3,10073401,10264429,description,false,25,55,114
3,10000215,10180669,description,false,25,61,183
3,10231905,1009557,title,false,25,35,30
3,10143855,10243457,title,false,25,44,34
300,10111405,10244459,title,false,22,56,37
300,10206971,10244303,title,false,22,40,34
300,10111393,10145323,description,false,22,127,105
300,10111397,10157915,title,false,22,56,35
300,10111397,10145025,description,false,22,127,214
300,10206971,10145043,description,false,22,148,215
300,10111393,10243471,title,false,22,56,35
300,10111405,10144983,description,false,22,127,133
301,10217583,10041873,description,false,19,148,1026
301,10007673,10032865,title,false,19,47,48
301,10063693,10145025,title,false,19,34,31
301,10007797,10157877,description,false,19,223,322
301,10007705,10041879,title,false,19,49,47
301,10217583,10203339,title,false,19,34,41
301,10063723,10244583,description,false,19,211,158
301,10063693,10233269,description,false,19,127,104
301,10179833,10144983,title,false,19,48,24
301,10063723,10145061,title,false,19,41,24
301,10226629,10244381,title,false,19,56,28
301,10236559,10271401,title,false,19,46,36
301,10007705,10145053,description,false,19,225,214
301,10131665,10144987,description,false,19,218,139
301,10246415,10041823,description,false,19,211,1035
301,10246415,10243509,title,false,19,41,35
301,10226583,10041877,description,false,19,211,1027
301,10007673,10041847,description,false,19,229,1212
301,10131665,10041835,title,false,19,36,47
301,10217577,10145043,description,false,19,148,215
301,10007829,10243499,description,false,19,234,221
301,10007829,10051283,title,false,19,54,52
301,10226629,10041821,description,false,19,239,1027
301,10226583,10041839,title,false,19,40,49
301,10236559,10180483,description,false,19,203,167
301,10007797,10041841,title,false,19,47,50
301,10217577,10244371,title,false,19,34,36
301,10179833,10041871,description,false,19,161,1025
307,10111405,10145033,title,false,17,56,47
307,10111397,10258369,description,false,17,127,1821
307,10206989,10001573,description,false,17,124,154
307,10111405,10235639,description,false,17,127,42
307,10111393,10240187,title,false,17,56,66
307,10111397,10001931,title,false,17,56,47
307,10263103,10235653,description,false,17,302,42
307,10263103,10002003,title,false,17,55,52
307,10265385,10001975,title,false,17,32,56
307,10206989,10002195,title,false,17,64,53
307,10111393,10002337,description,false,17,127,141
308,10007835,10029377,description,false,21,223,188
308,10174685,10006073,description,false,21,197,188
308,10174689,10041871,description,false,21,197,1025
308,10111027,10041841,title,false,21,38,50
308,10144179,10051449,description,false,21,191,204
308,10144179,10035971,title,false,21,41,29
308,10174689,10041847,title,false,21,28,46
308,10111027,10006083,description,false,21,132,186
308,10007835,10166883,title,false,21,43,37
308,10174685,10041879,title,false,21,28,47
309,10125229,10207637,description,false,22,157,330
309,10125229,10111393,title,false,22,57,56
309,10014765,10225789,description,false,22,138,307
309,10145427,10051111,description,false,22,130,126
309,10014765,10198073,title,false,22,71,59
309,10012551,10111401,description,false,22,128,93
309,1000721,10027167,description,false,22,104,92
309,1000744,10111405,description,false,22,93,127
309,10135471,10236821,description,false,22,118,112
309,10145427,10027171,title,false,22,82,56
309,10135471,10040099,title,false,22,71,61
309,10012551,10137801,title,false,22,54,41
309,1000721,10111397,title,false,22,67,56
309,1000744,10207639,title,false,22,36,57
31,10137127,10205399,title,false,8,44,48
31,10143959,10001773,title,false,8,51,46
31,10106229,10236739,title,false,8,78,84
31,10231589,10205395,title,false,8,73,50
31,10233921,10033723,description,false,8,985,940
31,10137005,10089225,title,false,8,44,42
31,10137005,10170643,description,false,8,797,59
31,10203229,10043077,description,false,8,198,417
31,10071081,10159833,title,false,8,36,89
31,10237425,10234523,title,false,8,62,70
31,10137341,10180919,title,false,8,44,19
31,10056573,10258367,title,false,8,62,85
31,10233921,10239115,title,false,8,66,50
31,10137263,10059721,description,false,8,376,93
31,10071081,10139021,description,false,8,615,61
31,10203233,10030295,title,false,8,49,63
31,10203229,10159585,title,false,8,46,90
31,10253451,10130745,title,false,8,41,37
31,10253599,10002103,title,false,8,57,23
31,10157915,10258369,title,false,8,35,71
31,10137045,10181003,description,false,8,570,56
31,10184387,10198209,title,false,8,56,48
31,10143867,10061057,title,false,8,51,60
31,10243977,10181019,description,false,8,505,60
31,10244149,10060205,title,false,8,53,54
31,10193605,10271953,title,false,8,59,48
31,10243983,10056541,title,false,8,36,66
31,10137045,10241519,title,false,8,72,65
31,10193621,10198047,title,false,8,54,43
31,10243977,10001281,title,false,8,41,40
31,10203339,10224911,description,false,8,99,92
31,10231589,10074617,description,false,8,559,114
31,10248557,10243435,title,false,8,33,28
31,10056583,10233297,title,false,8,58,38
31,10137263,10059853,title,false,8,49,61
31,10071065,10180983,description,false,8,482,67
31,10180905,10258387,description,false,8,77,3670
31,10207353,10258355,description,false,8,74,602
31,10203233,10145033,description,false,8,194,380
31,10106229,10258359,description,false,8,362,1452
31,10137127,10019559,description,false,8,660,191
31,10203339,10258365,title,false,8,41,54
31,10193605,10065307,description,false,8,198,498
31,10106181,10170571,title,false,8,83,70
31,10253451,10030051,description,false,8,1252,110
31,10207353,10225009,title,false,8,40,78
31,10180905,10051297,title,false,8,49,66
31,10184387,10001931,description,false,8,74,125
31,10193621,10258385,description,false,8,193,2565
310,10145677,10017409,description,false,22,174,389
310,10181783,10244459,title,false,22,38,37
310,10181809,10145047,title,false,22,52,31
310,10145677,10201927,title,false,22,60,37
310,10145685,10097195,title,false,22,60,39
310,10181809,10213067,description,false,22,234,57
310,10181783,10017417,description,false,22,208,409
312,10174335,10014785,description,false,25,59,107
312,10174335,10239821,title,false,25,47,53
312,10132059,10040391,title,false,25,62,57
312,10132125,10178285,title,false,25,45,60
312,10098765,10234849,description,false,25,80,110
312,10098657,10239839,title,false,25,48,51
312,10132063,10017397,description,false,25,133,127
312,10098801,10266619,title,false,25,39,44
312,10132067,10207073,description,false,25,122,128
312,10080243,10198225,title,false,25,40,37
312,10132063,10198123,title,false,25,73,36
312,10163535,10040389,description,false,25,68,86
312,10098647,10266637,title,false,25,45,45
312,10098757,10089313,title,false,25,25,35
312,10263313,10012733,description,false,25,239,70
312,10098823,10002193,title,false,25,38,39
312,10163545,10017369,description,false,25,68,119
312,10098823,10092535,description,false,25,83,204
312,10132123,10001573,description,false,25,136,154
312,10098819,10001989,title,false,25,32,48
312,10132133,10266601,title,false,25,45,46
312,10132103,10017347,title,false,25,50,90
312,10098819,10001203,description,false,25,84,149
312,10098825,10239875,title,false,25,46,48
312,10098655,10017405,title,false,25,45,87
312,10132103,10206921,description,false,25,126,83
312,10098777,10239781,title,false,25,41,64
312,10263313,10239897,title,false,25,48,60
312,10132139,10198085,description,false,25,65,89
312,10163545,10240227,title,false,25,37,49
312,10163535,10239821,title,true,25,37,53
312,10132065,10014785,title,true,25,72,61
312,10132059,10014785,description,true,25,122,107
312,10098777,10040391,description,true,25,132,86
312,10098825,10178285,description,true,25,81,254
312,10132065,10234849,description,true,25,132,110
312,10132125,10239839,description,true,25,77,525
312,10098657,10017397,description,true,25,68,127
312,10098651,10266619,description,true,25,82,44
312,10132123,10040391,title,true,25,48,57
312,10098647,10207073,description,true,25,84,128
312,10080243,10198225,description,true,25,98,88
312,10098655,10198123,description,true,25,179,87
312,10132133,10040389,description,true,25,60,86
312,10098765,10178285,title,true,25,35,60
312,10132067,10234849,title,true,25,54,47
313,10025329,10001445,description,false,21,180,231
313,10025329,10073679,title,false,21,41,44
314,10265385,10266601,title,false,18,32,46
314,10263093,10106771,title,false,18,52,35
314,10206791,1017318,description,false,18,183,64
314,10186827,10178085,description,false,18,356,99
314,10185559,10251419,title,false,18,67,63
314,10207297,10243499,title,false,18,27,53
314,10222901,10002003,title,false,18,60,52
314,10263103,10002193,title,false,18,55,39
314,10185559,10240187,description,false,18,151,141
314,10186827,10223105,title,false,18,74,45
314,10263103,10203335,description,false,18,302,68
314,10264785,10206035,title,false,18,82,28
314,10266547,10251421,description,false,18,229,178
314,10222901,10241405,description,false,18,275,56
314,10263093,10157901,description,false,18,282,137
314,10207297,10001573,description,false,18,87,154
314,10206791,10243563,title,false,18,59,30
314,10264785,10266661,description,false,18,159,314
314,10266547,10002337,title,false,18,57,54
315,1003485,10117239,description,false,21,304,171
315,10253623,10021449,description,false,21,334,189
315,10253533,10248557,description,false,21,547,854
315,10248665,10201205,title,false,21,50,36
315,10248485,10266877,title,false,21,49,24
315,10253469,10119103,description,false,21,590,139
315,10253435,10037001,title,false,21,40,34
315,10248407,10117201,description,false,21,426,139
315,10248407,10101691,title,false,21,50,34
315,10253467,10117173,description,false,21,574,141
315,10253623,10182581,title,false,21,48,25
315,10248485,10117203,description,false,21,375,133
315,10253695,10117265,description,false,21,971,171
315,10253399,10266917,title,false,21,60,24
315,10248417,10117227,description,false,21,695,171
315,10253469,10266837,title,false,21,52,24
315,10253499,10266951,title,false,21,40,24
315,10253467,10033165,title,false,21,52,36
315,10253527,10117251,description,false,21,896,171
315,10253399,10063631,description,false,21,530,124
315,10234239,10117233,title,false,21,52,44
315,10253695,10159407,title,false,21,51,37
315,1003485,10248355,title,false,21,60,36
315,10253655,10137525,title,false,21,53,35
315,10262143,10117239,title,true,21,54,44
315,10253533,10021449,title,true,21,49,26
315,10253499,10117239,description,true,21,350,171
315,10253655,10021449,description,true,21,750,189
315,10253617,10201205,title,true,21,54,36
315,10248417,10248557,title,true,21,60,33
315,10253527,10266877,title,true,21,51,24
315,10253617,10248557,description,true,21,887,854
315,10234239,10266877,description,true,21,633,198
315,10253435,10119103,description,true,21,208,139
315,10262143,10037001,description,true,21,216,139
315,10248665,10117201,description,true,21,264,139
317,10263061,10266661,title,false,17,63,45
317,10207297,1001050,title,false,17,27,58
317,10268827,10001527,title,false,17,74,48
317,10268825,10111395,title,false,17,73,62
317,10264785,10001931,title,false,17,82,47
317,10268825,10231649,description,false,17,294,40
317,10266547,10002337,description,false,17,229,141
317,10266547,10266647,title,false,17,57,38
317,10263061,10001211,description,false,17,290,108
317,10264785,10241509,description,false,17,159,215
317,10268827,10145033,description,false,17,300,380
317,10207297,10198067,description,false,17,87,61
317,10265385,10002195,title,false,17,32,53
318,10212949,10248569,description,false,23,59,179
318,10212867,10248365,title,false,23,77,38
318,10244381,10157913,title,false,23,28,33
318,10145027,10056613,description,false,23,127,74
318,10145031,10056063,title,false,23,27,55
318,10145025,10236385,description,false,23,214,329
318,10212967,10248659,description,false,23,61,210
318,10212867,10260137,description,false,23,112,65
318,10145043,10071081,description,false,23,215,615
318,10212885,10055815,description,false,23,58,57
318,10145047,10239615,description,false,23,51,244
318,10212967,10248603,title,false,23,62,39
318,10145245,10248503,description,false,23,106,203
318,10213029,10248237,description,false,23,53,185
318,10144987,10243471,title,false,23,24,35
318,10001209,10243509,title,false,23,48,35
318,10145029,10258387,description,false,23,124,3670
318,10212957,10239617,title,false,23,56,35
318,10212981,10259963,description,false,23,102,110
318,10213067,10248569,title,true,23,57,42
318,10145047,10248365,title,true,23,31,38
318,10145061,10248569,description,true,23,138,179
318,10212991,10248365,description,true,23,85,194
318,10145313,10157913,description,true,23,105,92
318,10213029,10157913,title,true,23,57,33
318,10145245,10056613,title,true,23,33,64
318,10212957,10056613,description,true,23,56,74
318,10001209,10056063,description,true,23,164,51
318,10212937,10056063,title,true,23,63,55
318,10144983,10236385,description,true,23,133,329
318,10144987,10248659,description,true,23,139,210
318,10212991,10236385,title,true,23,57,46
318,10213077,10260137,description,true,23,77,65
318,10203221,10248659,title,true,23,47,39
318,10180681,10260137,title,true,23,33,49
318,10213185,10071081,title,true,23,69,36
318,10244381,10071081,description,true,23,158,615
318,10244203,10055815,title,true,23,46,61
318,10212885,10239615,title,true,23,58,28
321,10235561,10035419,title,false,21,43,45
321,10235561,10073649,description,false,21,46,195
322,10206989,10001497,description,false,17,124,140
322,10206989,10266637,title,false,17,64,45
324,10265419,10027171,description,false,19,71,92
324,10207301,10225727,description,false,19,59,346
324,10207301,10040633,title,false,19,39,34
324,10235653,10111407,description,false,19,42,93
324,10265419,10266601,title,false,19,51,46
324,10207433,10231651,title,false,19,27,51
324,10235653,10019567,title,false,19,33,40
324,10207433,10157901,description,false,19,68,137
327,10163537,10132059,description,false,13,68,122
327,10163543,10098657,title,false,13,47,48
327,10163545,10132139,description,false,13,68,65
327,10098823,10024959,title,false,13,38,56
327,10098805,10132123,title,false,13,58,48
327,10098757,10174335,title,false,13,25,47
327,10098777,10132125,description,false,13,132,77
327,10098825,10132059,description,true,13,81,122
327,10163567,10098657,description,true,13,83,68
327,10163563,10132059,title,true,13,57,62
327,10098765,10098657,title,true,13,35,48
327,10098779,10132139,title,true,13,73,45
327,10163563,10132139,description,true,13,93,65
327,10163555,10024959,description,true,13,86,79
327,10163555,10024959,title,true,13,44,56
327,10098777,10132123,title,true,13,41,48
327,10098801,10174335,title,true,13,39,47
327,10163543,10132123,description,true,13,83,136
327,10098825,10132125,title,true,13,46,45
327,10080243,10174335,description,true,13,98,59
327,10098765,10132125,description,true,13,80,77
327,10163567,10132059,title,true,13,47,62
327,10163545,10098657,title,true,13,37,48
327,10163547,10132139,title,true,13,53,45
327,10098823,10132059,description,true,13,83,122
327,10080243,10024959,title,true,13,40,56
327,10098805,10098657,description,true,13,104,68
327,10098779,10132139,description,true,13,99,65
327,10163537,10132123,title,true,13,45,48
327,10098819,10024959,description,true,13,84,79
327,10098819,10174335,title,true,13,32,47
327,10163535,10132125,title,true,13,37,45
327,10163547,10132123,description,true,13,89,136
329,10162005,10012965,description,false,20,201,88
329,10012555,10012877,title,false,20,78,45
329,10012533,10012841,title,false,20,72,47
329,1016231,10012865,title,false,20,45,47
329,10162005,10111407,title,false,20,61,62
329,10012539,1000746,description,false,20,150,79
329,10247605,10206417,description,false,20,119,85
329,10247605,10225753,title,false,20,95,28
329,1000716,10111393,title,false,20,56,56
329,10012517,10014845,description,false,20,137,107
329,10012533,10051111,description,false,20,124,126
329,1016233,10014759,description,false,20,259,198
329,10012515,10234505,description,false,20,132,342
329,10012517,10111405,title,false,20,87,56
329,1016231,10012855,description,false,20,365,86
329,10012515,10014817,title,false,20,84,51
329,1000716,1001050,description,false,20,225,275
329,1016233,10027167,title,false,20,53,56
329,10012555,10111417,description,false,20,152,93
329,10161943,10161863,title,false,20,65,46
33,10266925,10017911,title,false,15,24,53
33,10117187,1009557,title,false,15,39,30
33,10111365,10017031,description,false,15,197,102
33,10166905,10017585,description,false,15,206,108
33,10119565,10004121,title,false,15,39,57
33,10074453,10003899,description,false,15,196,118
33,10253151,10017627,description,false,15,277,106
33,10030397,10017651,description,false,15,226,117
33,10015937,10017841,description,false,15,222,106
33,10117187,10017853,description,false,15,147,107
33,10030399,10017671,description,false,15,220,120
33,10129623,10017857,description,false,15,136,111
33,10138035,10017831,title,false,15,44,43
33,10129617,10017869,description,false,15,138,106
33,10267007,10004155,title,false,15,24,60
33,10138033,10004135,description,false,15,199,121
33,10234017,10017697,description,false,15,447,116
33,10074447,10017603,description,false,15,193,100
33,10137063,10017631,description,false,15,540,118
33,10036981,10017847,description,false,15,139,116
33,10119571,10002707,description,false,15,158,122
33,10101677,10017917,description,false,15,144,115
33,10101677,10017743,title,false,15,36,43
33,10030397,10017749,title,false,15,21,42
33,10122041,10017861,title,false,15,34,43
33,10017133,10016991,description,false,15,188,115
33,10137987,10003523,title,false,15,42,54
33,10030399,10004131,title,false,15,31,57
33,10071317,10017723,description,false,15,195,104
33,10137187,10017811,title,false,15,47,55
33,10127783,10017781,title,false,15,27,43
33,10111387,10004133,title,false,15,37,60
33,10266945,10003123,title,false,15,33,59
33,10137525,10017001,description,false,15,141,101
33,10248157,10013131,description,false,15,774,97
33,10017163,10013269,title,false,15,25,42
33,10266825,10017595,title,false,15,30,43
33,10007733,10017805,description,false,15,246,107
33,10074433,10017737,description,false,15,196,106
33,10006043,10017043,description,false,15,188,108
33,10029241,10017615,description,false,15,237,104
33,10018217,1000795,title,false,15,23,51
33,10266835,10016985,description,false,15,198,118
33,10001425,10017013,title,false,15,57,67
33,10252859,10017589,description,false,15,190,105
33,10101691,10004115,title,false,15,34,63
33,10266945,10004111,description,false,15,205,122
330,10247615,10137987,title,false,27,45,42
330,10193605,10117265,title,false,27,59,44
330,10137263,10117227,description,false,27,376,171
330,10193621,10117233,description,false,27,193,173
330,10244137,10117201,description,false,27,170,139
330,10203229,10159405,description,false,27,198,137
330,10137339,10117239,description,false,27,569,171
330,10244149,10037001,title,false,27,53,34
330,10244145,10138035,title,false,27,48,44
330,10137263,10137997,title,false,27,49,47
330,10247619,10138033,title,false,27,50,44
330,10137043,10138039,title,false,27,49,45
330,10253599,10111007,title,false,27,57,39
330,10247655,10117251,description,false,27,221,171
330,10071065,10137987,description,true,27,482,199
330,10203233,10117265,description,true,27,194,171
330,10243989,10117227,description,true,27,500,171
330,10244137,10137987,title,true,27,39,42
330,10247619,10117233,description,true,27,287,173
330,10244149,10117201,description,true,27,200,139
330,10193621,10117265,title,true,27,54,44
330,10203233,10117227,title,true,27,49,44
330,10243989,10117233,title,true,27,36,44
330,10253599,10159405,description,true,27,438,137
330,10244145,10117239,description,true,27,264,171
330,10247615,10037001,description,true,27,282,139
330,10137339,10117201,title,true,27,45,31
330,10247649,10159405,title,true,27,39,32
330,10193611,10117239,title,true,27,52,44
330,10247649,10138035,description,true,27,233,199
330,10247655,10037001,title,true,27,29,34
330,10203229,10138035,title,true,27,46,44
330,10137043,10137997,description,true,27,843,204
330,10193605,10138033,description,true,27,198,199
330,10193611,10138039,description,true,27,191,200
331,10029305,10041847,description,false,19,205,1212
331,10181089,10137151,title,false,19,51,47
331,10110863,10041847,title,true,19,39,46
331,10208783,10041847,description,true,19,224,1212
331,10208735,10137151,description,true,19,161,724
331,10208787,10041847,description,true,19,182,1212
331,10029307,10137151,description,true,19,206,724
331,10029307,10137151,title,true,19,36,47
331,10208799,10041847,title,true,19,47,46
331,10208725,10137151,title,true,19,50,47
331,10208655,10041847,title,true,19,34,46
331,10208773,10137151,title,true,19,39,47
331,10020711,10041847,description,true,19,211,1212
331,10208725,10137151,description,true,19,234,724
331,10110913,10041847,description,true,19,215,1212
331,10208787,10041847,title,true,19,45,46
331,10029077,10137151,description,true,19,208,724
331,10185805,10137151,title,true,19,44,47
331,10185805,10041847,description,true,19,213,1212
331,10124871,10041847,title,true,19,33,46
331,10110879,10137151,description,true,19,228,724
331,10029091,10041847,description,true,19,206,1212
331,10208677,10137151,title,true,19,40,47
331,10208823,10137151,description,true,19,174,724
331,10181093,10041847,description,true,19,167,1212
331,10029381,10041847,title,true,19,36,46
331,10259565,10137151,description,true,19,207,724
331,10029091,10137151,title,true,19,34,47
331,10124871,10041847,description,true,19,218,1212
331,10208773,10137151,description,true,19,152,724
331,10208667,10041847,description,true,19,248,1212
331,10208677,10137151,description,true,19,161,724
331,10110863,10041847,description,true,19,240,1212
331,10208783,10041847,title,true,19,40,46
331,10110913,10137151,title,true,19,40,47
331,10208823,10041847,title,true,19,49,46
331,10208655,10137151,description,true,19,157,724
331,10029381,10041847,description,true,19,208,1212
331,10020711,10137151,title,true,19,29,47
331,10208735,10041847,title,true,19,36,46
331,10029059,10137151,title,true,19,36,47
331,10208799,10137151,description,true,19,165,724
331,10208809,10041847,description,true,19,155,1212
331,10181089,10137151,description,true,19,169,724
331,10110879,10041847,title,true,19,47,46
331,10029059,10041847,description,true,19,232,1212
331,10259565,10137151,title,true,19,38,47
332,10198197,10139533,description,false,24,55,278
332,10014933,10014817,description,false,24,59,83
332,10014843,1001050,description,false,24,183,275
332,10014795,10027171,title,false,24,48,56
332,10014795,10012979,description,false,24,110,100
332,10214987,10111405,title,false,24,66,56
332,10014843,10012849,title,false,24,45,45
332,10198197,10179289,title,false,24,44,81
332,10214987,10234505,description,false,24,367,342
332,10014933,10027167,title,false,24,54,56
337,10135497,10012869,description,false,22,66,89
337,10135497,10256689,title,false,22,74,42
337,10135499,10256733,description,false,22,113,730
337,10198055,10256711,title,false,22,39,36
337,10014801,10261449,title,false,22,46,55
337,10014801,10236821,description,false,22,77,112
337,10014761,10185467,title,false,22,68,28
337,10161989,10111407,title,false,22,56,62
337,10014761,10051111,description,false,22,125,126
337,10161989,10012867,description,false,22,114,86
337,10198055,10012849,description,false,22,164,89
337,10135499,10111397,title,false,22,69,56
339,10166625,10207335,title,false,23,53,57
339,10031183,10012869,description,false,23,288,89
339,10214987,10274891,title,false,23,66,40
339,10031183,10111407,title,false,23,63,62
339,10014759,10111409,title,false,23,71,62
339,1016231,10111393,description,false,23,365,127
339,10014759,10111395,description,false,23,198,93
339,1016231,10234525,title,false,23,45,73
339,10198117,10027167,description,false,23,203,92
339,10125229,10111401,description,false,23,157,93
339,10125229,1001050,title,false,23,57,58
339,10198117,10180441,title,false,23,59,70
339,10214987,10051111,description,false,23,367,126
339,10166625,10179321,description,false,23,408,135
34,10073661,10217011,description,false,16,188,271
34,10073685,10180919,title,false,16,35,19
34,10073641,10217007,description,false,16,195,273
34,10073659,10191001,description,false,16,206,223
34,10073649,10243509,title,false,16,27,35
34,10186165,10263313,title,false,16,28,48
34,10186091,10161929,description,false,16,150,201
34,10074713,10161969,title,false,16,29,56
34,10186091,10206159,title,false,16,29,37
34,10073631,10161959,description,false,16,214,201
34,10186337,10190999,description,false,16,156,217
34,10186307,10190997,description,false,16,169,218
34,10254773,10217013,description,false,16,105,279
34,10186637,10217009,description,false,16,152,262
34,10073653,10161985,title,false,16,29,63
34,10186337,10198225,title,false,16,35,37
34,10186165,10198085,description,false,16,149,89
34,10186307,10217011,title,true,16,46,56
34,10073653,10217011,description,true,16,190,271
34,10025345,10180919,description,true,16,205,43
34,10073625,10217007,description,true,16,177,273
34,10186551,10191001,description,true,16,150,223
34,10186319,10180919,title,true,16,29,19
34,10073685,10263313,description,true,16,213,239
34,10117345,10161929,description,true,16,146,201
34,10254773,10243509,title,true,16,47,35
34,10073623,10161969,description,true,16,212,201
34,10117345,10217007,title,true,16,38,56
34,10159501,10206159,description,true,16,231,72
34,10186551,10191001,title,true,16,29,73
34,10186319,10161959,description,true,16,151,201
34,10073645,10263313,title,true,16,28,48
34,10073667,10190999,description,true,16,214,217
34,10074713,10190997,description,true,16,71,218
34,10159501,10161929,title,true,16,39,60
34,10025345,10161969,title,true,16,28,56
34,10073645,10217013,description,true,16,206,279
34,10073631,10206159,title,true,16,37,37
34,10073677,10217009,description,true,16,188,262
34,10186487,10161985,description,true,16,156,201
34,10186637,10161959,title,true,16,31,60
34,10073625,10190999,title,true,16,29,72
34,10186247,10198225,description,true,16,144,88
34,10073659,10190997,title,true,16,28,73
340,10196893,10145021,title,false,26,48,60
340,10247471,10207317,title,false,26,68,31
340,10250619,10004315,title,false,26,56,34
340,10196897,10132601,title,false,26,43,36
340,10196893,10207305,description,false,26,96,110
340,10247475,10221407,description,false,26,118,108
340,10250619,10212867,description,false,26,119,112
340,10247479,10233311,title,false,26,61,37
340,10196897,10216863,description,false,26,87,419
340,10247471,10162605,description,false,26,152,134
340,10213419,10207271,title,false,26,67,51
340,10247483,10213353,description,false,26,117,153
340,10213419,10080475,description,false,26,139,107
340,10247483,10196921,title,false,26,64,14
340,10247479,10207465,description,false,26,132,105
340,10244695,10159095,description,false,26,76,104
340,10247475,1022503,title,false,26,54,23
340,10244695,10207441,title,false,26,27,40
344,10162005,10207639,description,false,20,201,299
344,10014759,10040099,title,false,20,71,61
344,10162009,10111397,title,false,20,57,56
344,10162009,10180441,description,false,20,78,112
344,10214987,10111417,title,false,20,66,62
344,10162005,10274899,title,false,20,61,82
344,10214987,10225753,description,false,20,367,322
344,10161969,10198073,title,false,20,56,59
344,10014759,10111405,description,false,20,198,127
345,10208713,10261697,description,false,26,128,193
345,10127995,10029039,description,false,26,131,187
345,10127995,10132681,title,false,26,33,38
345,10108753,10035639,description,false,26,130,219
345,10181071,10259831,title,false,26,60,50
345,10181071,10007617,description,false,26,136,192
345,10108753,10007655,title,false,26,37,46
345,10208713,10029025,title,false,26,46,45
346,10135429,10225943,description,false,21,241,283
346,10198055,10225789,description,false,21,164,307
346,10135511,1001050,description,false,21,100,275
346,10014761,10111397,title,false,21,68,56
346,10161959,10051111,description,false,21,201,126
346,10014837,10225759,description,false,21,104,300
346,10214987,10225943,title,true,21,66,38
346,10125229,10225789,title,true,21,57,38
346,10135489,1001050,title,true,21,69,58
346,10012519,10225943,description,true,21,90,283
346,10012555,10111397,title,true,21,78,56
346,10125213,10051111,title,true,21,67,63
346,10135429,10225759,title,true,21,73,18
346,10161905,10225943,title,true,21,48,38
346,10012519,10225789,title,true,21,58,38
346,10162009,1001050,title,true,21,57,58
346,10135527,10111397,title,true,21,84,56
346,10135443,10051111,title,true,21,61,63
346,10135489,10225789,description,true,21,109,307
346,10135527,1001050,description,true,21,116,275
346,10012539,10111397,description,true,21,150,127
346,10135481,10225759,title,true,21,61,18
346,10198177,10225943,title,true,21,46,38
346,10162005,10225789,title,true,21,61,38
346,10135481,10051111,description,true,21,107,126
346,10247611,1001050,title,true,21,87,58
346,10161959,10111397,title,true,21,60,56
346,10014837,10051111,title,true,21,59,63
346,10125229,10225759,description,true,21,157,300
346,10135513,10225759,title,true,21,77,18
346,10198047,10225943,description,true,21,96,283
346,10012555,10225789,description,true,21,152,307
346,10198047,10225943,title,true,21,43,38
346,10198177,1001050,description,true,21,93,275
346,10012497,10111397,description,true,21,110,127
346,10247611,10051111,description,true,21,98,126
346,10012517,10225759,description,true,21,137,300
346,10125231,10225789,title,true,21,63,38
346,10135443,10225943,description,true,21,85,283
346,10214987,10225789,description,true,21,367,307
346,10012517,1001050,title,true,21,87,58
346,10012497,10111397,title,true,21,72,56
346,10125213,1001050,description,true,21,175,275
346,10012533,10051111,title,true,21,72,63
346,10135511,10225759,title,true,21,50,18
346,10135485,10225943,title,true,21,66,38
346,10161985,10225789,title,true,21,63,38
347,10213933,10129565,description,false,34,128,104
347,10039011,10242723,title,false,34,56,34
347,10213377,10207257,description,false,34,112,121
347,10213377,10016679,title,false,34,59,45
347,10039011,10134037,description,false,34,110,132
347,10213933,10206435,title,false,34,84,29
348,10244575,10145029,title,false,23,42,24
348,10244575,10244671,description,false,23,114,158
349,10021555,10071423,title,false,19,54,51
349,10040391,10051349,title,false,19,57,53
349,10018935,10132131,description,false,19,397,67
349,10021559,10051369,description,false,19,71,92
349,10018985,10179293,description,false,19,576,96
349,10018985,10132075,title,false,19,63,50
349,10021549,10182391,title,false,19,44,63
349,10021559,10186123,title,false,19,53,49
349,10018983,10051371,title,false,19,77,51
349,10040389,10111401,description,false,19,86,93
349,10018935,10174335,title,false,19,73,47
349,10021543,10065605,title,false,19,61,42
349,10021549,10132125,description,false,19,79,77
349,10018983,10132135,description,false,19,585,63
351,10198047,10225909,description,false,20,96,299
351,10161959,10111401,description,false,20,201,93
351,10125229,10225789,description,false,20,157,307
351,10135481,10031183,title,false,20,61,63
351,10162005,10051111,title,false,20,61,63
351,10198055,10180397,description,false,20,164,88
351,10161929,10274891,title,false,20,60,40
351,10161905,10225753,title,false,20,48,28
351,10125229,10027171,title,false,20,57,56
351,10161985,10111393,title,false,20,63,56
351,10135489,10198073,description,false,20,109,88
351,10135429,1000746,description,false,20,241,79
351,10198047,10225943,title,false,20,43,38
351,10135429,10111395,title,false,20,73,62
351,10198055,10198085,title,false,20,39,38
351,10214987,10225759,description,false,20,367,300
351,10135481,10207639,description,false,20,107,299
351,10135489,10234505,title,false,20,69,66
351,10214987,10014817,title,false,20,66,51
353,10184821,10029001,title,false,28,50,41
353,10245997,10028971,description,false,28,215,128
353,10261731,10028989,description,false,28,205,130
353,10208701,10180395,title,false,28,47,43
353,10234367,10038835,description,false,28,216,161
353,10110873,10233193,title,false,28,40,35
353,10177951,10029001,title,true,28,56,41
353,10181097,10028971,title,true,28,41,35
353,10181097,10029001,description,true,28,154,128
353,10261731,10028989,title,true,28,29,36
353,10226409,10180395,title,true,28,44,43
353,10072339,10028971,description,true,28,149,128
353,10261673,10038835,title,true,28,29,35
353,10088907,10028989,description,true,28,205,130
353,10088931,10180395,description,true,28,205,120
353,10234397,10038835,description,true,28,205,161
353,10234403,10233193,description,true,28,216,134
353,10208701,10029001,description,true,28,162,128
353,10246225,10028971,description,true,28,213,128
353,10088949,10028989,description,true,28,204,130
353,10208691,10180395,description,true,28,163,120
353,10074559,10233193,title,true,28,35,35
353,10177951,10038835,description,true,28,166,161
353,10234367,10029001,title,true,28,28,41
353,10029119,10233193,description,true,28,204,134
353,10261673,10029001,description,true,28,205,128
353,10234361,10028971,description,true,28,214,128
353,10208691,10028971,title,true,28,41,35
353,10144505,10028989,description,true,28,229,130
353,10246037,10028989,title,true,28,36,36
353,10246229,10180395,title,true,28,33,43
353,10239497,10038835,title,true,28,35,35
353,10234385,10180395,description,true,28,217,120
353,10088907,10233193,title,true,28,35,35
353,10234473,10029001,title,true,28,27,41
353,10179817,10038835,description,true,28,152,161
353,10074559,10233193,description,true,28,220,134
353,10072339,10028971,title,true,28,28,35
353,10234297,10029001,description,true,28,200,128
353,10245997,10028989,title,true,28,42,36
353,10208659,10028971,description,true,28,161,128
353,10110873,10028989,description,true,28,210,130
353,10234473,10180395,description,true,28,199,120
353,10088949,10180395,title,true,28,40,43
353,10234437,10038835,description,true,28,215,161
353,10234419,10233193,description,true,28,204,134
353,10234397,10038835,title,true,28,29,35
354,1016231,10040099,title,false,19,45,61
354,1016231,10207637,description,false,19,365,330
354,1016233,10207419,title,false,19,53,58
354,1016233,10235761,description,false,19,259,162
358,10131767,10234247,description,false,23,79,563
358,10250881,10186093,title,false,23,57,51
358,10250797,10253031,description,false,23,175,741
358,10250811,10186219,title,false,23,47,63
358,10250797,10186693,title,false,23,65,26
358,10250881,10035383,description,false,23,177,106
358,10250811,10234247,description,true,23,135,563
358,10250787,10186093,description,true,23,145,119
358,10250809,10234247,title,true,23,61,61
358,10250887,10253031,description,true,23,208,741
358,10131789,10186093,title,true,23,52,51
358,10250831,10253031,title,true,23,69,59
358,10131769,10186219,description,true,23,80,111
358,10131789,10186693,description,true,23,107,89
358,10131767,10186219,title,true,23,54,63
358,10250809,10035383,description,true,23,159,106
358,10250803,10186693,title,true,23,63,26
358,10131769,10035383,title,true,23,55,44
358,10250787,10234247,title,true,23,49,61
358,10250887,10186093,title,true,23,84,51
358,10250803,10234247,description,true,23,148,563
358,10250831,10186093,description,true,23,179,119
359,10161905,10111409,description,false,20,201,93
359,10161905,10225789,title,false,20,48,38
359,10125229,10040099,description,false,20,157,76
359,10125229,10225759,title,false,20,57,18
360,10226503,10239497,title,false,25,38,35
360,10131743,10012517,title,false,25,30,87
360,10234427,10246001,description,false,25,215,209
360,10063703,10108691,title,false,25,37,32
360,10261713,10021167,description,false,25,205,88
360,10131693,10166627,title,false,25,33,65
360,10144505,10157881,title,false,25,29,50
360,10234407,10234491,description,false,25,212,383
360,10234259,10159305,title,false,25,29,58
360,10131739,10208721,title,false,25,38,43
360,10234397,10208701,description,false,25,205,162
360,10088907,10234385,title,false,25,35,29
360,10234297,10180395,description,false,25,200,120
360,10234259,10207163,description,false,25,205,140
360,10226437,10012555,title,false,25,47,78
360,10131617,10181391,description,false,25,221,158
360,10226589,10014831,title,false,25,39,68
360,10226589,10028997,description,false,25,208,144
360,10088907,10246037,description,false,25,205,212
360,10063703,10108697,description,false,25,205,207
360,10261673,10234329,description,false,25,205,192
360,10226409,10239497,title,true,25,44,35
360,10144865,10012517,title,true,25,34,87
360,10131621,10246001,title,true,25,29,29
360,10226437,10239497,description,true,25,217,212
360,10131621,10012517,description,true,25,211,137
360,10131715,10246001,description,true,25,226,209
360,10226457,10108691,description,true,25,208,209
360,10174691,10108691,title,true,25,32,32
360,10063643,10021167,description,true,25,205,88
360,10174691,10166627,description,true,25,154,248
360,10131739,10157881,description,true,25,223,512
360,10131743,10234491,description,true,25,233,383
360,10226395,10021167,title,true,25,37,57
360,10144505,10159305,description,true,25,229,113
360,10226503,10208721,description,true,25,206,176
360,10131735,10208701,description,true,25,235,162
360,10063643,10166627,title,true,25,31,65
360,10261713,10157881,title,true,25,29,50
360,10131735,10234491,title,true,25,39,70
360,10226457,10159305,title,true,25,38,58
360,10131693,10234385,description,true,25,236,217
360,10226675,10180395,description,true,25,210,120
360,10131617,10208721,title,true,25,35,43
360,10226395,10207163,description,true,25,207,140
360,10234427,10208701,title,true,25,30,47
360,10226675,10234385,title,true,25,42,29
361,10224555,10002487,description,false,16,151,138
361,10224555,10001527,title,false,16,59,48
361,10104827,10002195,title,false,16,37,53
361,10206989,10001773,title,false,16,64,46
361,10207301,10243499,description,false,16,59,221
361,10206765,10001497,description,false,16,113,140
361,10234505,10001585,title,false,16,66,47
361,10265419,10240187,description,false,16,71,141
361,10207309,10266637,title,false,16,37,45
361,10265419,10001211,title,false,16,51,53
361,10263103,10266601,title,false,16,55,46
361,10207433,10001203,title,false,16,27,61
361,10206989,10241519,description,false,16,124,117
361,1001050,10231649,description,false,16,275,40
361,1001050,10002761,title,false,16,58,40
361,10107021,10001931,title,false,16,60,47
361,10197027,10111401,title,false,16,58,62
361,10207309,10002003,description,false,16,71,124
361,10107021,10251421,description,false,16,89,178
361,10234505,10111407,description,false,16,342,93
361,10197027,10002337,description,false,16,135,141
361,10104827,10092465,description,false,16,101,463
361,10207301,10019567,title,false,16,39,40
361,10206765,10001975,title,false,16,50,56
361,10263103,10266661,description,false,16,302,314
361,10207433,10231651,description,false,16,68,130
365,10186693,10017445,description,false,19,89,410
365,10186693,10217009,title,false,19,26,47
366,1000745,10111401,title,false,21,37,62
366,1000745,10111405,description,false,21,82,127
366,10031183,10274899,description,false,21,288,102
366,1000710,10111417,description,false,21,164,93
366,10031117,10234525,title,false,21,70,73
366,1000710,10225753,title,false,21,38,28
366,10180427,10225775,title,false,21,54,33
366,1000746,10207639,description,false,21,79,299
366,10031183,10207335,title,false,21,63,57
366,10031117,10207637,description,false,21,314,330
366,10180427,10014759,description,false,21,139,198
368,10131653,10246001,title,false,28,40,29
368,10129019,10246225,description,false,28,207,213
368,10044851,10108697,title,false,28,36,30
368,10131735,10234419,description,false,28,235,204
368,10131653,10245921,description,false,28,250,213
368,10129019,10246001,title,true,28,32,29
368,10044851,10246001,description,true,28,155,209
368,10088931,10246225,title,true,28,34,38
368,10088931,10246225,description,true,28,205,213
368,10131735,10108697,title,true,28,39,30
37,10135639,10142469,title,false,14,53,60
37,10135607,10089151,description,false,14,87,116
37,10241901,10185173,description,false,14,64,163
37,10187809,10201927,title,false,14,38,37
37,10064579,10185997,title,false,14,50,65
37,10064585,10089145,title,false,14,50,80
37,10062309,10089133,description,false,14,152,121
37,10043685,10174759,description,false,14,96,115
37,10274081,10142469,description,true,14,90,93
37,10157337,10089151,description,true,14,100,116
37,10215661,10142469,title,true,14,46,60
37,10187797,10185173,description,true,14,81,163
37,10062229,10089151,title,true,14,45,78
37,10043749,10185173,title,true,14,55,51
37,10146133,10201927,description,true,14,76,57
37,10135633,10185997,description,true,14,67,104
37,10062273,10201927,title,true,14,69,37
37,10187847,10185997,title,true,14,44,65
37,10274081,10089145,title,true,14,41,80
37,10157133,10089145,description,true,14,78,123
37,10043639,10089133,description,true,14,69,121
37,10194007,10174759,description,true,14,85,115
37,10111323,10142469,description,true,14,102,93
37,10215805,10089133,title,true,14,62,76
37,10255437,10089151,description,true,14,73,116
37,1010960,10185173,description,true,14,58,163
37,10157101,10201927,description,true,14,85,57
37,10062309,10174759,title,true,14,67,77
37,10247247,10185997,description,true,14,108,104
37,10043665,10089145,description,true,14,68,123
37,10215661,10089133,description,true,14,81,121
37,10177971,10174759,description,true,14,79,115
37,10255497,10142469,title,true,14,42,60
37,1010960,10089151,title,true,14,35,78
37,10187761,10142469,description,true,14,71,93
37,10146165,10185173,title,true,14,55,51
37,10157901,10201927,title,true,14,34,37
37,10111323,10185997,title,true,14,64,65
37,10106459,10089145,title,true,14,52,80
37,10136439,10089133,title,true,14,57,76
37,10157361,10089151,description,true,14,82,116
37,10157011,10185173,description,true,14,84,163
37,10033967,10174759,title,true,14,37,77
37,10157261,10201927,description,true,14,93,57
37,1003778,10185997,description,true,14,79,104
37,10187821,10089145,description,true,14,80,123
37,10135639,10089133,description,true,14,92,121
37,10064579,10174759,description,true,14,92,115
37,10255411,10142469,description,true,14,66,93
37,10215677,10089151,description,true,14,92,116
375,10108697,10110859,title,false,28,30,47
375,10234369,10063643,title,false,28,35,31
375,10234473,10234407,description,false,28,199,212
375,10234383,10261713,description,false,28,217,205
375,10234345,10110859,title,true,28,28,47
375,10234365,10110859,description,true,28,207,217
375,10234367,10063643,title,true,28,28,31
375,10234473,10234407,title,true,28,27,29
375,10245921,10261713,title,true,28,33,29
375,10234369,10063643,description,true,28,206,205
375,10038835,10110859,title,true,28,35,47
375,10234437,10234407,description,true,28,215,212
375,10234293,10063643,title,true,28,29,31
375,10038835,10261713,description,true,28,161,205
375,10234293,10110859,description,true,28,217,217
375,10246001,10063643,description,true,28,209,205
375,10234465,10234407,description,true,28,208,212
375,10234367,10261713,description,true,28,216,205
375,10245921,10110859,description,true,28,213,217
375,10246001,10234407,title,true,28,29,29
375,10234419,10063643,description,true,28,204,205
375,10234385,10261713,title,true,28,29,29
375,10108697,10234407,description,true,28,207,212
375,10246225,10110859,title,true,28,38,47
375,10234385,10261713,description,true,28,217,205
375,10246225,10110859,description,true,28,213,217
375,10234345,10063643,description,true,28,216,205
376,10166627,10161863,description,false,20,248,63
376,10085039,10251143,description,false,20,109,122
376,10085025,1000745,description,false,20,109,82
376,10085025,10225943,title,false,20,66,38
376,10084985,1000709,title,false,20,77,29
376,10038141,10274891,description,false,20,102,68
376,10166625,10251141,title,false,20,53,73
376,10038141,10012865,title,false,20,77,47
376,10274875,1000746,description,false,20,105,79
376,10084985,10051111,description,false,20,115,126
376,10085047,10111393,description,false,20,108,127
376,10085047,10012841,title,false,20,65,47
376,10084973,10180373,description,false,20,98,85
376,10274899,1000710,description,false,20,102,164
376,10166627,10014759,title,false,20,65,71
376,10274899,10198073,title,false,20,82,59
376,10166625,1001050,description,false,20,408,275
376,10274875,10251159,title,false,20,82,67
376,10085039,10012965,title,false,20,66,47
376,10084973,10111397,title,false,20,57,56
379,10196835,10182251,title,false,19,52,69
379,10211863,10098651,description,false,19,73,82
379,10196835,10132125,description,false,19,371,77
379,10211863,10225753,title,false,19,69,28
38,10135429,10214827,title,false,11,73,30
38,10214973,10012823,description,false,11,299,122
38,1016231,10012713,description,false,11,365,94
38,10161969,10012783,description,false,11,201,136
38,10014829,10014817,description,false,11,208,83
38,10014843,10012825,description,false,11,183,125
38,10161943,10214839,title,false,11,65,44
38,10014815,10214881,title,false,11,45,47
38,1016233,10012803,description,false,11,259,128
38,10031117,10013399,title,false,11,70,68
38,10012551,10016283,title,false,11,54,79
38,10198067,10013415,description,false,11,61,95
38,10182203,10202513,title,false,11,56,46
38,10031183,10099065,description,false,11,288,116
38,10198199,10206417,description,false,11,185,85
38,10198199,10098661,title,false,11,48,57
38,1016233,10132131,title,false,11,53,54
38,10166625,10013243,title,false,11,53,42
38,10198195,10027161,title,false,11,44,67
38,10014843,10012813,title,false,11,45,65
38,10198067,10025687,title,false,11,48,49
38,10182203,10017405,description,false,11,76,123
38,10014759,10013237,title,false,11,71,39
38,10198117,10012775,description,false,11,203,122
38,10161985,10098765,title,false,11,63,35
38,10135429,10180939,description,false,11,241,94
38,10198207,10214875,title,false,11,39,30
38,10198207,10214777,description,false,11,189,111
38,10139539,10088871,description,false,11,222,88
38,10161905,10017365,title,false,11,48,74
38,10031117,10096301,description,false,11,314,104
38,10161929,10017387,title,false,11,60,73
38,10014815,10014845,description,false,11,218,107
38,10214987,10013251,title,false,11,66,39
38,10161969,10012721,title,false,11,56,79
38,10014829,10180373,title,false,11,52,56
38,10139555,10189691,title,false,11,54,61
38,10135509,10202477,title,false,11,77,44
38,10139533,10190667,title,false,11,71,49
38,10166625,10189697,description,false,11,408,82
38,10139539,10025625,title,false,11,72,38
38,10198135,10012819,title,false,11,59,67
38,10139555,10096267,description,false,11,258,95
380,10134393,10014665,title,false,21,49,41
380,10134397,10205395,title,false,21,59,50
380,10250387,10186693,title,false,21,40,26
380,10134397,1022503,description,false,21,77,80
380,10134379,10014665,title,true,21,44,41
380,10250387,10014665,description,true,21,124,101
380,10134379,10205395,description,true,21,67,229
380,10134393,10186693,description,true,21,72,89
380,10250081,10205395,title,true,21,46,50
380,10134377,1022503,description,true,21,63,80
380,10143649,10186693,title,true,21,59,26
380,10250081,10014665,description,true,21,122,101
380,10143649,10205395,description,true,21,77,229
380,10134377,1022503,title,true,21,40,23
381,10181025,10142697,description,false,24,85,146
381,10014829,10198073,description,false,24,208,88
381,10181025,10206417,title,false,24,40,59
381,10145433,10145413,description,false,24,90,60
381,10145433,10161863,title,false,24,58,46
381,10014829,10226675,title,false,24,52,42
384,10139541,1000710,title,false,21,72,38
384,10139533,10035861,description,false,21,278,139
384,10139533,10225753,title,false,21,71,28
384,10139561,10186519,description,false,21,135,117
384,10139541,10256661,description,false,21,137,247
384,10139559,1016233,title,false,21,64,53
384,10139555,10039935,title,false,21,54,48
384,10139543,10048545,description,false,21,146,83
384,10139559,10198083,description,false,21,127,194
384,10139543,10161863,title,false,21,81,46
384,10139547,10111393,description,false,21,137,127
384,10139561,10097071,title,false,21,70,39
384,10139555,10111397,description,false,21,258,127
384,10139547,10014845,title,false,21,72,52
386,10244421,10206839,title,false,25,27,64
386,10244421,10220797,description,false,25,121,91
387,10211863,10098647,description,false,16,73,84
387,10211863,10017347,title,false,16,69,90
389,10162003,10017419,title,false,25,54,57
389,10135523,10206417,description,false,25,120,85
389,10214987,10014845,description,false,25,367,107
389,10162003,10017447,description,false,25,106,401
389,10125231,10017423,title,false,25,63,50
389,10012555,10014817,description,false,25,152,83
389,10247605,10138179,description,false,25,119,199
389,10135507,10180987,title,false,25,88,48
389,10125213,10017419,description,true,25,175,407
389,10012517,10206417,description,true,25,137,85
389,10012533,10014845,description,true,25,124,107
389,10247611,10017419,title,true,25,87,57
389,10125213,10206417,title,true,25,67,59
389,10247611,10017447,description,true,25,98,401
389,10198177,10017423,description,true,25,93,400
389,10012533,10014845,title,true,25,72,52
389,10247605,10017447,title,true,25,95,50
389,10012517,10017423,title,true,25,87,50
389,1016233,10014817,title,true,25,53,51
389,10214987,10138179,title,true,25,66,74
389,10198177,10180987,title,true,25,46,48
389,10198047,10017419,title,true,25,43,57
389,1016233,10014817,description,true,25,259,83
389,10198047,10138179,description,true,25,96,199
389,10012555,10206417,title,true,25,78,59
389,10125231,10180987,description,true,25,175,86
389,10135523,10014845,title,true,25,90,52
39,10098651,10233269,description,false,14,82,104
39,10098661,10239821,title,false,14,57,53
39,10098655,10252655,description,false,14,179,98
39,10132133,10205403,title,false,14,45,38
39,10132123,10007591,description,false,14,136,237
39,10098647,10233129,description,false,14,84,53
39,10132139,10198225,description,false,14,65,88
39,10132125,10007797,description,false,14,77,223
39,10098655,10040389,title,false,14,45,57
39,10239619,10007597,description,false,14,59,224
39,10239619,10274069,title,false,14,47,37
39,10174335,10001773,description,false,14,59,150
39,10098661,10240187,description,false,14,66,141
39,10132131,10001211,description,false,14,67,108
39,10098657,10007733,description,false,14,68,246
39,10027197,10145033,title,false,14,61,47
39,10132133,10265999,description,false,14,60,74
39,10098651,10198123,title,false,14,45,36
39,10132135,10149831,description,false,14,63,60
39,10174335,10205395,title,false,14,47,50
39,10132131,10198085,title,false,14,54,38
39,10132125,10205399,title,false,14,45,48
39,10132135,10106745,title,false,14,54,30
39,10027197,10007801,description,false,14,89,142
39,10098657,10177971,title,false,14,48,44
39,10132123,10007763,title,false,14,48,63
391,10180431,10111407,title,false,21,84,62
391,10161919,10111417,title,false,21,58,62
391,10161959,10111405,description,false,21,201,127
391,10125241,10236821,title,false,21,62,44
391,10180397,10225789,description,false,21,88,307
391,10161959,10274867,title,false,21,60,40
391,10014815,10111409,title,false,21,45,62
391,10161953,10111395,description,false,21,101,93
391,10014785,10027171,description,false,21,107,92
391,10014783,10027167,description,false,21,105,92
391,10166627,10111401,description,false,21,248,93
391,10180477,10225759,title,false,21,74,18
391,10166627,10198199,title,false,21,65,48
391,10180431,10111397,description,false,21,213,127
391,10180397,10111393,title,false,21,69,56
391,10180391,1001050,title,false,21,69,58
391,10014815,10225753,description,false,21,218,322
391,10014783,10234505,title,false,21,62,66
391,10014785,10225943,title,false,21,61,38
391,10014825,10014759,title,false,21,61,71
391,10180441,10051111,title,false,21,70,63
391,10180477,10073929,description,false,21,115,106
391,10014761,10137801,description,false,21,125,119
391,10180441,10274891,description,false,21,112,68
391,10014761,10207639,title,false,21,68,57
391,10125241,10111407,description,true,21,195,93
391,10161955,10111407,title,true,21,52,62
391,10180391,10111417,description,true,21,88,93
391,10014825,10111405,description,true,21,82,127
394,10196835,10040391,description,false,19,371,86
394,10196835,10132135,title,false,19,52,54
394,10211863,10003837,title,false,19,69,66
394,10211863,10003821,description,false,19,73,157
395,10236821,10217013,title,false,23,44,56
395,10236821,10181003,description,false,23,112,56
395,10251167,10052017,title,false,23,62,61
395,10251167,10180473,description,false,23,116,98
396,1000729,10274867,description,false,22,199,68
396,1000712,10224911,title,false,22,48,46
396,1000743,10274891,title,false,22,50,40
396,1000713,10198073,description,false,22,143,88
396,1000716,10161863,title,false,22,56,46
396,1000743,10274867,description,true,22,237,68
396,1000714,10224911,description,true,22,218,92
396,1000729,10274867,title,true,22,50,40
396,1000716,10274891,description,true,22,225,68
396,1000709,10224911,title,true,22,29,46
396,1000717,10198073,description,true,22,209,88
396,1000746,10274891,title,true,22,37,40
396,1000710,10161863,description,true,22,164,63
396,1000744,10274867,description,true,22,93,68
396,1000746,10224911,description,true,22,79,92
396,1000741,10274891,description,true,22,172,68
396,1000710,10198073,title,true,22,38,59
396,1000717,10161863,title,true,22,55,46
396,1000745,10198073,description,true,22,82,88
396,1000712,10161863,description,true,22,182,63
396,1000744,10274867,title,true,22,36,40
396,1000709,10274867,description,true,22,73,68
399,10031035,10019559,title,false,20,68,39
399,10207433,10001931,description,false,20,68,125
399,10031035,10251421,description,false,20,227,178
399,10207433,10258363,title,false,20,27,74
402,10263313,10263833,title,false,17,48,43
402,10263311,10001573,title,false,17,45,40
402,10263311,10224375,description,false,17,191,121
402,10263313,10255519,description,false,17,239,115
403,10135427,10207399,description,false,15,100,67
403,10139009,10145339,description,false,15,149,107
403,10139015,10001931,description,false,15,140,125
403,10139009,10019567,title,false,15,54,40
403,10135427,10234797,title,false,15,74,14
404,1016231,10051111,title,false,21,45,63
404,1016231,10161863,description,false,21,365,63
406,10014765,10185337,title,false,29,71,67
406,1000744,10111409,title,false,29,36,62
406,1000709,10180397,description,false,29,73,88
406,10031117,10111393,title,false,29,70,56
406,10135471,10027171,title,false,29,71,56
406,10031117,10225759,description,false,29,314,300
406,10012551,10161863,title,false,29,54,46
406,10014765,1001050,description,false,29,138,275
406,10012551,10225943,description,false,29,128,283
406,10135471,10027099,description,false,29,118,695
406,10145427,10234505,title,false,29,82,66
406,1000709,10197547,title,false,29,29,82
406,10145427,10111395,description,false,29,130,93
406,1000744,10111405,description,false,29,93,127
410,10012497,10205395,description,false,17,110,229
410,10014943,10263313,description,false,17,99,239
410,10198091,10251421,description,false,17,102,178
410,10014933,10002193,title,false,17,54,39
410,10198209,10244277,description,false,17,111,67
410,10014933,10012851,description,false,17,59,97
410,10198095,10012877,title,false,17,55,45
410,10198091,10217011,title,false,17,47,56
410,10012519,10145245,title,false,17,58,33
410,10012515,10225753,description,false,17,132,322
410,10198209,10019567,title,false,17,48,40
410,10012497,10012867,title,false,17,72,45
410,10198061,10012849,title,false,17,54,45
410,10012515,10012543,title,false,17,84,66
410,10012519,10258405,description,false,17,90,1334
413,10007763,10030397,title,false,25,63,21
413,10007743,10017133,description,false,25,284,188
413,10007743,10243959,title,false,25,62,37
413,10007763,10182143,description,false,25,320,683
419,10012519,10001497,description,false,11,90,140
419,10012519,10266601,title,false,11,58,46
42,10262755,10111129,title,false,14,69,40
42,10256977,10267995,title,false,14,46,53
42,10262895,10039015,description,false,14,293,112
42,10257041,10273999,title,false,14,36,58
42,10257025,10111105,title,false,14,77,40
42,10038557,10117015,title,false,14,78,51
42,10256947,10238849,description,false,14,112,85
42,10257011,10268249,description,false,14,128,71
42,10262895,10111117,title,false,14,80,40
42,1013864,10274015,title,false,14,40,48
42,10257047,10206943,title,false,14,67,43
42,10262947,10161929,title,false,14,66,60
42,10028797,10161969,description,false,14,125,201
42,10038559,10075747,title,false,14,65,39
42,10262881,10162059,description,false,14,245,92
42,10257027,10197121,description,false,14,98,124
42,10256911,10180919,title,false,14,80,19
42,1010498,10255793,description,false,14,112,58
42,10262853,10161985,description,false,14,96,201
42,10274509,10196249,description,false,14,121,126
42,1010498,10111121,title,false,14,27,40
42,10256851,10161959,description,false,14,90,201
42,10262863,10268499,description,false,14,275,62
42,10256899,10264655,description,false,14,93,66
42,10262865,10180645,description,false,14,281,101
42,10013073,10182355,description,false,14,128,114
42,10257007,10243509,title,false,14,50,35
42,10257017,10111131,title,false,14,67,40
42,10257045,10205475,title,false,14,55,36
42,10001281,10196255,title,false,14,40,65
42,10257027,10135149,title,false,14,62,45
42,10235405,10205461,description,false,14,660,234
42,10256975,10038969,description,false,14,92,102
42,10262879,10111115,title,false,14,79,40
42,10257017,10256035,description,false,14,152,140
42,1013866,10207069,title,false,14,34,36
42,10256911,10038931,description,false,14,94,78
42,10222883,10236403,title,false,14,69,27
42,10020179,10145079,description,false,14,126,240
42,10256985,10268221,description,false,14,111,88
42,10262865,10182315,title,false,14,80,44
42,10001281,10111129,description,true,14,311,117
42,10038513,10111129,title,true,14,61,40
42,10020145,10267995,title,true,14,51,53
42,10028541,10039015,title,true,14,58,54
42,10256973,10273999,title,true,14,74,58
42,10235405,10111105,title,true,14,33,40
42,1010500,10117015,title,true,14,28,51
42,10038557,10267995,description,true,14,124,55
420,10174685,10260315,description,false,28,197,134
420,10174689,10216525,title,false,28,28,25
420,10174689,10201283,description,false,28,197,195
420,10111027,10041841,title,false,28,38,50
420,10007835,10006073,description,false,28,223,188
420,10144179,10174527,title,false,28,41,34
420,10111027,10035971,description,false,28,132,145
420,10007835,10029377,title,false,28,43,31
420,10174685,10041877,title,false,28,28,48
420,10144179,10041873,description,false,28,191,1026
425,10052367,10198225,description,false,23,332,88
425,10052441,10012867,title,false,23,51,45
425,1022177,10233307,title,false,23,46,28
425,10052317,10012971,title,false,23,38,47
425,1022177,10012977,description,false,23,805,90
425,1022184,10012965,description,false,23,345,88
425,1022179,10012985,description,false,23,313,90
425,1022184,10225943,title,false,23,48,38
425,10052441,10180919,description,false,23,378,43
425,10052367,10012865,title,false,23,40,47
425,10052137,10012981,title,false,23,41,47
425,10052317,10225775,description,false,23,310,352
425,10246505,10012841,title,false,23,39,47
425,1022179,10012959,title,false,23,45,47
425,10052137,10012963,description,false,23,309,100
425,10246505,10012961,description,false,23,291,100
425,10052635,10012861,title,false,23,41,53
426,10166625,10027171,title,false,17,53,56
426,10161943,10001931,title,false,17,65,47
426,10166625,10240187,description,false,17,408,141
426,10161943,10096435,description,false,17,201,99
427,10244149,10063693,description,false,25,200,127
427,10244149,10117227,title,false,25,53,44
427,10193605,10117265,description,false,25,198,171
427,10247655,10001377,title,false,25,29,55
427,10137043,10080187,description,false,25,843,94
427,10137043,10117233,title,false,25,49,44
427,10247655,10080183,description,false,25,221,94
427,10193605,10201205,title,false,25,59,36
43,10001715,10206417,description,false,14,371,85
43,10001899,10180473,title,false,14,21,48
43,10266643,10161927,title,false,14,43,60
43,10266643,10098765,description,false,14,458,80
43,10001445,10207485,description,false,14,231,93
43,10001899,10053999,description,false,14,437,71
43,10240213,10207379,title,false,14,48,35
43,10266661,10256035,description,false,14,314,140
43,10001003,10073929,title,false,14,46,47
43,10266647,10012861,title,false,14,38,53
43,10001445,10186011,title,false,14,57,56
43,10266661,10164325,title,false,14,45,50
43,10001715,10145433,title,false,14,15,58
43,10002393,10181061,description,false,14,195,54
43,10266603,10180983,description,false,14,311,67
43,10266603,10001251,title,false,14,34,45
43,10002393,10139019,title,false,14,45,31
43,10266625,10207317,description,false,14,49,97
43,10266625,10074635,title,false,14,50,44
43,10240213,10073919,description,false,14,472,71
433,10038731,10012959,description,false,22,93,100
433,10137775,10012861,title,false,22,42,53
433,10198389,10012963,description,false,22,74,100
433,10180407,10012977,title,false,22,53,47
433,10180407,10244459,description,false,22,57,88
433,10137713,10244581,description,false,22,113,87
433,10137713,10243509,title,false,22,66,35
433,10137775,10012973,description,false,22,56,60
433,10198389,10012971,title,false,22,49,47
433,10038731,10012841,title,false,22,50,47
433,10198379,10180919,description,false,22,89,43
433,10198379,10217009,title,false,22,55,47
434,10106603,10225753,title,false,20,65,28
434,10106609,10040099,description,false,20,96,76
434,10139533,10234525,title,false,20,71,73
434,10106589,10111395,description,false,20,97,93
434,10106613,10051111,title,false,20,70,63
434,10106589,10111401,title,false,20,51,62
434,10139533,10207639,description,false,20,278,299
434,10106591,10236821,title,false,20,51,44
434,10106603,10111417,description,false,20,109,93
434,10139555,10225783,title,false,20,54,45
434,10106609,10198199,title,false,20,50,48
434,10106613,10198073,description,false,20,100,88
434,10139555,10225789,description,false,20,258,307
434,10106591,10111397,description,false,20,97,127
44,10014817,10233281,description,false,19,83,117
44,10225943,10247483,description,false,19,283,117
44,10180935,10238663,title,false,19,56,42
44,10180987,10182343,title,false,19,48,36
44,10198123,10242641,description,false,19,87,114
44,10274891,10244699,description,false,19,68,93
44,10133369,10157939,title,false,19,85,28
44,10180935,10182397,description,false,19,75,90
44,10133363,10039913,title,false,19,81,36
44,10180987,10197039,description,false,19,86,141
44,10161863,10244695,description,false,19,63,76
44,10180481,10145071,title,false,19,59,49
44,10178285,1022503,title,false,19,60,23
44,10014845,10262795,title,false,19,52,66
44,10198073,10145021,title,false,19,59,60
44,10225909,10243433,description,false,19,299,97
44,10040095,10255751,title,false,19,67,56
44,10181019,10262895,title,false,19,48,80
44,10251581,1024538,description,false,19,92,49
44,10180473,10234535,title,false,19,48,53
44,10180397,10193867,title,false,19,69,41
44,10198085,10207305,description,false,19,89,110
44,10166627,10262745,title,false,19,65,79
44,10182203,10207465,description,false,19,76,105
44,10014825,10101319,title,false,19,61,49
44,10180929,10051287,description,false,19,82,57
44,10225909,10128387,title,false,19,42,73
44,10181003,10262869,description,false,19,56,275
44,10266661,10194221,title,false,19,45,33
44,10180373,10242615,title,false,19,56,43
44,10198225,10247471,title,false,19,37,68
44,10251581,10180919,title,false,19,44,19
44,10274867,10157925,title,false,19,40,38
44,10181003,10233311,title,false,19,46,37
44,10166625,10207317,description,false,19,408,97
44,10181019,10222623,description,false,19,60,142
44,10180481,10273991,description,false,19,87,67
44,10040095,10262863,description,false,19,79,275
44,10014817,10205395,title,false,19,51,50
44,10182203,10242701,title,false,19,56,42
44,10198225,10207271,description,false,19,88,124
44,10198073,10231557,description,false,19,88,499
44,10014825,10132291,description,false,19,82,161
44,10180929,10132811,title,false,19,51,80
44,10225943,10128409,title,false,19,38,82
44,10180397,10274065,description,false,19,88,67
44,10014845,10244421,description,false,19,107,121
440,10251115,10233307,title,false,24,73,28
440,10251139,10236443,description,false,24,122,109
440,10251057,10125213,title,false,24,54,67
440,10251159,10198123,title,false,24,67,36
440,10251159,10052033,description,false,24,115,372
440,10251057,10253199,description,false,24,94,638
447,10263311,10182663,description,false,20,191,159
447,10098667,10250447,title,false,20,37,38
447,10263311,10098657,title,false,20,45,48
447,10098667,10256059,description,false,20,112,126
448,10247605,10225775,description,false,22,119,352
448,10139027,10198061,description,false,22,125,111
448,10139027,10266619,title,false,22,46,44
448,10247605,10225753,title,false,22,95,28
448,10247611,10012965,title,false,22,87,47
448,10247611,10137765,description,false,22,98,54
449,10263103,10001211,description,false,16,302,108
449,10207433,10051111,description,false,16,68,126
449,10207419,10002003,description,false,16,147,124
449,10207419,10040633,title,false,16,58,34
449,10263103,1009000,title,false,16,55,38
449,10207433,10002195,title,false,16,27,53
458,10137995,10266907,description,false,30,207,206
458,10138011,10167925,description,false,30,228,196
458,10029357,10117201,title,false,30,52,31
458,10138013,10074453,description,false,30,204,196
458,10111387,10166705,title,false,30,37,32
458,10223307,10117157,title,false,30,46,37
458,10122041,10241331,title,false,30,34,34
458,10111365,10117101,description,false,30,197,147
458,10186993,10117065,description,false,30,138,141
458,10208781,10074451,title,false,30,45,34
458,10111387,10117173,description,false,30,197,141
458,10138009,10006055,description,false,30,233,196
458,10138015,10201213,description,false,30,199,207
458,10138009,10266907,title,true,30,50,32
458,10138033,10167925,title,true,30,44,37
458,10138013,10117201,title,true,30,49,31
458,10029021,10074453,title,true,30,52,35
458,10029357,10266907,description,true,30,220,206
458,10208781,10167925,description,true,30,141,196
458,10111385,10117201,description,true,30,202,139
458,10223295,10166705,title,true,30,37,32
458,10144187,10117157,title,true,30,45,37
458,10119565,10074453,description,true,30,153,196
458,10138019,10241331,title,true,30,61,34
458,10111365,10117101,title,true,30,64,31
458,10138019,10166705,description,true,30,221,195
458,10252845,10117065,title,true,30,49,33
458,10138039,10117157,description,true,30,200,145
458,10119531,10074451,title,true,30,34,34
458,10138015,10117173,title,true,30,44,33
458,10252845,10241331,description,true,30,700,205
458,10033165,10006055,title,true,30,36,36
458,10129623,10201213,title,true,30,33,39
458,10137983,10266907,title,true,30,56,32
458,10111373,10167925,title,true,30,44,37
458,10138037,10117201,title,true,30,45,31
458,10122041,10117101,description,true,30,135,147
458,10129617,10074453,title,true,30,35,35
458,10137525,10166705,title,true,30,35,32
458,10129623,10117065,description,true,30,136,141
458,10137525,10074451,description,true,30,141,196
458,10129615,10117173,description,true,30,138,141
458,10015937,10006055,description,true,30,222,196
458,10223307,10201213,description,true,30,208,207
458,10119531,10266907,description,true,30,137,206
459,10014843,10096435,title,false,19,45,83
459,1016231,10027171,description,false,19,365,92
459,10135429,10027167,title,false,19,73,56
459,1016233,10111417,title,false,19,53,62
459,10161985,10027169,title,false,19,63,39
459,1016231,10111405,title,false,19,45,56
459,10014759,10111395,description,false,19,198,93
459,10135429,10111393,description,false,19,241,127
459,10014843,10203287,description,false,19,183,124
459,10161905,10179351,title,false,19,48,89
459,10161959,10179289,description,false,19,201,136
459,10014815,10179337,description,false,19,218,100
459,10139533,10225759,title,false,19,71,18
459,10139533,10096285,description,false,19,278,82
459,10198207,10225943,description,false,19,189,283
459,10198083,10111407,description,false,19,194,93
459,10031183,10051111,title,false,19,63,63
459,10198083,10203305,title,false,19,39,36
459,1016233,10111409,description,false,19,259,93
459,10214987,10111401,description,false,19,367,93
459,10166625,10111397,title,false,19,53,56
459,10031183,10179321,description,false,19,288,135
459,10012551,10096435,title,true,19,54,83
459,10012551,10096435,description,true,19,128,99
459,10214987,10027171,title,true,19,66,56
459,10161943,10027167,title,true,19,65,56
459,10014759,10111417,title,true,19,71,62
459,10166625,10027171,description,true,19,408,92
459,10161929,10027169,title,true,19,60,39
459,10014815,10111405,title,true,19,45,56
46,10017495,10158053,title,false,14,58,63
46,10110795,10115017,title,false,14,75,52
46,10110799,10180919,description,false,14,64,43
46,10259291,10019119,title,false,14,52,64
46,10017489,10071081,description,false,14,163,615
46,10259285,10019115,description,false,14,103,613
46,10110795,10159585,description,false,14,64,501
46,10110797,10019229,title,false,14,75,70
46,10017489,10158051,title,false,14,70,66
46,10259291,10019219,description,false,14,104,620
46,10259285,10019201,title,false,14,51,63
46,10017495,10231649,description,false,14,155,40
46,10110799,10019197,title,false,14,71,64
46,10110797,10244669,description,false,14,64,54
464,10180395,10111417,title,false,16,43,62
464,10014761,10240187,description,false,16,125,141
464,10014831,10172993,title,false,16,68,48
464,10180395,10111397,description,false,16,120,127
464,10014801,10002003,description,false,16,77,124
464,10198177,10001931,description,false,16,93,125
464,10014831,10002195,description,false,16,129,141
464,10014837,10027167,description,false,16,104,92
464,10014837,10019567,title,false,16,59,40
464,10014761,10251419,title,false,16,68,63
464,10198177,10001527,title,false,16,46,48
464,10014795,10207637,description,false,16,110,330
464,10014801,10145033,title,false,16,46,47
464,10014795,10234505,title,false,16,48,66
465,10208809,10117101,title,false,27,40,31
465,10029091,10033165,title,false,27,34,36
465,10029059,10111373,description,false,27,232,204
465,10259565,10167925,title,false,27,38,37
465,10029381,10018963,description,false,27,208,197
465,10029305,10074453,title,false,27,36,35
465,10029091,10117157,description,false,27,206,145
465,10029305,10117173,description,false,27,205,141
465,10029101,10208781,description,false,27,207,141
465,10029381,10111385,title,false,27,36,42
465,10029307,10117101,description,true,27,206,147
465,10208809,10033165,description,true,27,155,141
465,10020711,10117101,title,true,27,29,31
465,10259565,10111373,description,true,27,207,204
465,10020711,10167925,description,true,27,211,196
465,10208783,10018963,description,true,27,224,197
465,10029059,10033165,title,true,27,36,36
468,10244671,10027155,description,false,26,158,90
468,10244671,10145045,title,false,26,33,31
469,10003831,10132131,title,false,24,65,54
469,10003805,10132123,description,false,24,157,136
469,10003843,10239619,title,false,24,59,47
469,10003849,10098651,description,false,24,206,82
469,10003847,10174335,description,false,24,207,59
469,10003801,10098657,description,false,24,201,68
469,10003825,10098661,description,false,24,203,66
469,10003837,10132139,title,false,24,66,45
469,10003827,10098647,description,false,24,204,84
469,10003823,10098655,title,false,24,71,45
469,10003843,10040389,description,false,24,159,86
469,10003813,10132125,title,false,24,67,45
469,10003827,10040391,title,false,24,67,57
469,10003811,10132135,description,false,24,203,63
469,10003849,10132133,title,false,24,68,45
469,10003801,10132131,title,true,24,65,54
469,10003831,10132131,description,true,24,165,67
469,10003835,10132123,title,true,24,76,48
469,10003833,10132123,description,true,24,205,136
469,10003837,10239619,description,true,24,204,59
469,10003835,10098651,description,true,24,212,82
47,10238605,10190653,description,false,18,112,243
47,10197617,10180483,title,false,18,64,33
47,10013567,10013269,description,false,18,111,105
47,10013491,10179739,description,false,18,158,185
47,10197519,10055975,title,false,18,60,60
47,10016267,10242647,description,false,18,572,96
47,10016271,1017725,description,false,18,589,135
47,10238605,10025293,title,false,18,39,57
47,10017113,10203339,title,false,18,64,41
47,10235181,10244671,title,false,18,45,33
47,10013565,10095269,description,false,18,111,133
47,10013663,10021477,description,false,18,166,153
47,10013679,10203341,title,false,18,73,48
47,10013567,10145079,title,false,18,53,21
47,10013703,10041421,description,false,18,138,95
47,10197589,10179743,description,false,18,95,193
47,10013587,10243521,description,false,18,156,80
47,10238631,10061057,description,false,18,141,49
47,10013585,10236431,title,false,18,77,22
47,10013641,10178085,description,false,18,155,99
47,10231427,10233297,title,false,18,44,38
47,10013589,10032773,title,false,18,70,34
47,10013493,10267605,title,false,18,74,57
47,10013671,10018931,description,false,18,205,457
47,10013497,10032797,title,false,18,81,40
47,10013579,10025681,description,false,18,164,216
47,10013497,1010498,description,false,18,186,112
47,10013595,10003597,title,false,18,68,74
47,10235165,10080569,title,false,18,51,35
47,10013673,10145061,description,false,18,158,138
47,10238631,10224375,title,false,18,51,52
47,10128059,10051283,description,false,18,57,104
47,10013617,10144959,title,false,18,67,48
47,10013727,10018209,title,false,18,65,75
47,10136447,10041423,title,false,18,55,62
47,10238663,10190659,description,false,18,90,307
47,10013737,10026293,description,false,18,168,96
47,10075747,10035813,title,false,18,39,55
47,10013679,10212051,description,false,18,168,98
47,10238577,10233307,title,false,18,51,28
47,10013641,10207069,title,false,18,70,36
47,10013523,10231439,description,false,18,168,100
47,10013519,10105815,description,false,18,153,419
47,10197589,10239385,title,false,18,70,54
47,10013707,10234535,description,false,18,115,222
47,10128059,10026295,title,false,18,50,43
47,10013623,10235405,title,false,18,72,33
47,10013515,10180919,title,false,18,55,19
47,10128055,10008647,title,false,18,56,59
47,10013533,10244385,title,false,18,76,47
470,10162009,10012865,title,false,21,57,47
470,10162009,10012977,description,false,21,78,90
471,10143707,10111395,description,false,13,94,93
471,10098467,10207639,description,false,13,77,299
471,10098479,10145033,description,false,13,90,380
471,10224645,10243499,title,false,13,71,53
471,10224699,10001573,description,false,13,88,154
471,10274905,10111417,title,false,13,69,62
471,10135511,10244381,title,false,13,50,28
471,10274905,10241519,description,false,13,98,117
471,10135511,10096435,description,false,13,100,99
471,10135465,10266619,description,false,13,89,44
471,10143707,10266637,title,false,13,70,45
471,10180971,10027167,description,false,13,98,92
471,10135465,10001527,title,false,13,66,48
471,10180971,10251421,title,false,13,60,53
471,10098487,10207603,title,false,13,38,27
471,10098467,10251419,title,false,13,37,63
471,10098487,10207637,description,false,13,78,330
471,10224645,10231649,description,false,13,149,40
471,10098479,10001975,title,false,13,48,56
471,10224699,10019567,title,false,13,44,40
474,1016231,10133369,title,false,19,45,85
474,10198135,10027171,description,false,19,203,92
474,1000716,10111395,title,false,19,56,62
474,10198083,10179351,description,false,19,194,144
474,10139533,10096285,description,false,19,278,82
474,10014759,10111393,description,false,19,198,127
474,10014759,10111401,title,false,19,71,62
474,10161905,10251581,description,false,19,201,92
474,10139555,10179337,title,false,19,54,84
474,10014815,10027167,description,false,19,218,92
474,10198117,10203305,title,false,19,59,36
474,1016233,10179321,title,false,19,53,80
474,10166625,10179289,description,false,19,408,136
474,10014815,10274903,title,false,19,45,69
474,1000713,10111397,title,false,19,48,56
474,1016231,10139025,description,false,19,365,106
474,10031183,10111405,title,false,19,63,56
474,10161905,10203287,title,false,19,48,37
474,10139555,10027169,description,false,19,258,90
474,1000716,10051111,description,false,19,225,126
474,10198083,10111409,title,false,19,39,62
474,10139533,10224707,title,false,19,71,46
474,1000713,10161863,description,false,19,143,63
474,10166625,10111417,title,false,19,53,62
474,1016233,10111407,description,false,19,259,93
474,10031183,10133369,description,true,19,288,63
478,1000745,10012965,title,false,25,37,47
478,1000745,10012875,description,false,25,82,89
48,10248355,10117233,description,false,12,571,173
48,10137037,10080177,description,false,12,202,94
48,10030421,10051949,description,false,12,221,284
48,10137037,10117265,title,false,12,41,44
48,10001377,10063489,title,false,12,55,44
48,10138003,10063631,description,false,12,222,124
48,10132787,10117227,title,false,12,45,44
48,10002467,10080187,description,false,12,190,94
48,10266813,10052515,title,false,12,58,55
48,10075915,10080183,title,false,12,39,44
48,10266807,10080175,description,false,12,198,100
48,10137319,10080181,title,false,12,54,44
48,10111385,10080173,title,false,12,42,44
48,10101665,10117239,description,false,12,139,171
48,10137049,10002441,description,false,12,262,387
48,10137145,10080179,description,false,12,1025,94
48,10137145,10117251,title,false,12,46,44
48,10248679,10117233,title,true,12,44,44
48,10122151,10117233,description,true,12,218,173
48,1018312,10080177,description,true,12,169,94
48,10018279,10051949,description,true,12,220,284
48,10132787,10117265,description,true,12,200,171
48,10138009,10080177,title,true,12,50,44
48,10138003,10051949,title,true,12,65,56
48,10030421,10117265,title,true,12,45,44
48,10248373,10063489,title,true,12,47,44
48,10253531,10063631,title,true,12,58,48
48,10253387,10117227,title,true,12,57,44
48,10018061,10080187,title,true,12,25,44
48,10137339,10063489,description,true,12,569,92
48,10001425,10063631,description,true,12,218,124
48,10137067,10052515,title,true,12,64,55
48,10137127,10080183,title,true,12,44,44
48,10137319,10117227,description,true,12,841,171
48,10038835,10080175,title,true,12,35,44
48,10002467,10080181,title,true,12,43,44
48,10266841,10080173,title,true,12,36,44
48,10137127,10080187,description,true,12,660,94
48,10018055,10052515,description,true,12,808,301
48,10248557,10117239,title,true,12,33,44
48,10018287,10002441,title,true,12,50,25
48,10122151,10080179,title,true,12,70,44
48,10111007,10080183,description,true,12,133,94
48,10138011,10117251,title,true,12,45,44
48,10266807,10117233,title,true,12,38,44
48,10137049,10080177,title,true,12,42,44
48,10029357,10080175,description,true,12,220,100
48,10252957,10051949,title,true,12,47,56
48,10266841,10080181,description,true,12,210,100
48,10030397,10080173,description,true,12,226,104
480,10226425,10117101,description,false,27,140,147
480,10203175,10074453,description,false,27,136,196
480,10035653,10117101,description,true,27,128,147
480,10252845,10117101,title,true,27,49,31
480,10246043,10074453,title,true,27,38,35
480,10245961,10074453,description,true,27,191,196
480,10235579,10117101,description,true,27,136,147
480,10252845,10074453,description,true,27,700,196
480,10072335,10117101,description,true,27,135,147
480,10029005,10074453,description,true,27,139,196
480,10246043,10117101,description,true,27,130,147
480,10106915,10117101,title,true,27,38,31
480,10007597,10074453,description,true,27,224,196
480,10035859,10117101,description,true,27,129,147
480,10132681,10074453,title,true,27,38,35
480,10072357,10117101,title,true,27,38,31
480,10246015,10074453,description,true,27,197,196
480,10072335,10074453,title,true,27,37,35
480,10245961,10117101,title,true,27,37,31
480,10259861,10117101,description,true,27,130,147
480,10007801,10074453,title,true,27,52,35
480,10072357,10074453,description,true,27,136,196
480,10246215,10117101,title,true,27,49,31
480,10146245,10074453,title,true,27,44,35
480,10203175,10117101,title,true,27,41,31
480,10146245,10117101,description,true,27,137,147
480,10007801,10074453,description,true,27,142,196
480,10029005,10074453,title,true,27,51,35
480,10035859,10117101,title,true,27,34,31
480,10106915,10117101,description,true,27,136,147
480,10259861,10074453,title,true,27,43,35
480,10246215,10074453,description,true,27,195,196
480,10007597,10117101,title,true,27,44,31
480,10235579,10074453,title,true,27,38,35
480,10246015,10117101,title,true,27,42,31
480,10132681,10117101,description,true,27,187,147
480,10226425,10074453,title,true,27,51,35
480,10235583,10117101,title,true,27,37,31
480,10035653,10074453,title,true,27,38,35
480,10028923,10117101,title,true,27,45,31
484,10211863,10132135,description,false,19,73,63
484,10211863,10003811,title,false,19,69,67
485,1000746,10262065,description,false,31,79,189
485,10225943,10139533,description,false,31,283,278
485,10161959,10139555,description,false,31,201,258
485,10225943,10217013,title,false,31,38,56
485,10161959,10052163,title,false,31,60,71
485,1000744,10217009,description,false,31,93,262
485,1000746,10186495,title,false,31,37,66
485,10161985,10217007,title,false,31,63,56
485,10161969,10106611,title,false,31,56,49
485,1000745,10166625,description,false,31,82,408
485,1000744,10217011,title,false,31,36,56
487,10252837,10181019,title,false,25,71,48
487,10252837,10213373,description,false,25,906,116
488,10007835,10216525,description,false,29,223,188
488,10174685,10006071,title,false,29,28,28
488,10174689,10006083,description,false,29,197,186
488,10007597,10117065,title,false,29,44,33
488,10174685,10117217,description,false,29,197,129
488,10111027,10029377,title,false,29,38,31
488,10007835,10274603,title,false,29,43,37
488,10144179,10216459,description,false,29,191,187
488,10144179,10174527,title,false,29,41,34
488,10174689,10063551,title,false,29,28,25
488,10007597,10201283,description,false,29,224,195
488,10111027,10006073,description,false,29,132,188
489,1016233,10247703,description,false,19,259,52
489,10198199,10225753,description,false,19,185,322
489,10139539,10111409,description,false,19,222,93
489,10161959,10111395,description,false,19,201,93
489,10139533,10225759,title,false,19,71,18
489,10031183,10027167,title,false,19,63,56
489,10274867,10157901,title,false,19,40,34
489,10161929,10111407,title,false,19,60,62
489,10161905,10225789,title,false,19,48,38
489,10125229,10258387,description,false,19,157,3670
489,10125229,10051111,title,false,19,57,63
489,10014815,10207419,description,false,19,218,147
489,10180373,10111417,title,false,19,56,62
489,10139533,10027171,description,false,19,278,92
489,10139539,10111397,title,false,19,72,56
489,10180373,10258355,description,false,19,85,602
489,10274891,10111401,description,false,19,68,93
489,10198199,10247807,title,false,19,48,52
489,10014759,10111393,title,false,19,71,56
489,10139555,10111405,title,false,19,54,56
489,10014815,10258385,title,false,19,45,26
489,10161985,10247703,title,true,19,63,51
489,10139555,10247703,description,true,19,258,52
489,10166625,10225753,title,true,19,53,28
489,10214987,10111409,title,true,19,66,62
489,10180397,10225753,description,true,19,88,322
489,1016233,10111395,title,true,19,53,62
489,10031183,10111409,description,true,19,288,93
489,10198083,10111395,description,true,19,194,93
489,10180427,10225759,description,true,19,139,300
489,10214987,10027167,description,true,19,367,92
489,10014759,10157901,description,true,19,198,137
489,10180427,10225759,title,true,19,54,18
489,10198083,10027167,title,true,19,39,56
489,10180397,10157901,title,true,19,69,34
489,10166625,10111407,description,true,19,408,93
49,10073679,10206143,description,false,11,207,81
49,10097289,10213539,title,false,11,47,39
49,10073653,10223983,title,false,11,29,42
49,10156375,10180939,title,false,11,34,53
49,10186481,10134213,title,false,11,28,47
49,10097193,10180935,title,false,11,32,56
49,10073675,10193867,title,false,11,41,41
49,10178967,10233269,description,false,11,110,104
49,10252729,10243537,title,false,11,35,24
49,10098361,10234535,description,false,11,212,222
49,10073643,10274891,description,false,11,210,68
49,10186603,1022503,description,false,11,179,80
49,10146535,10251581,description,false,11,219,92
49,10110843,10130745,title,false,11,41,37
49,10098363,10180433,title,false,11,33,65
49,10097251,10180959,title,false,11,39,58
49,10184223,10238321,title,false,11,53,71
49,10146513,10027155,description,false,11,217,90
49,10181911,10223975,description,false,11,207,84
49,10073681,10244679,title,false,11,30,48
49,10186603,10027189,title,false,11,34,58
49,10231009,10161863,title,false,11,34,46
49,10068639,10182641,description,false,11,183,164
49,10073631,10274847,title,false,11,37,67
49,10073633,10161853,title,false,11,38,68
49,10186343,1001423,description,false,11,155,118
49,10073643,10134191,title,false,11,32,46
49,10146509,10265431,description,false,11,218,143
49,10073637,10224375,description,false,11,193,121
49,10184223,10206417,description,false,11,197,85
49,10186203,10134187,description,false,11,154,59
49,10186203,10181003,title,false,11,33,46
49,10146533,10233391,title,false,11,36,39
49,10073625,10274903,description,false,11,177,81
49,10073685,10251279,description,false,11,213,62
49,10159505,10274899,description,false,11,171,102
49,10073627,10244671,description,false,11,215,158
49,10128245,10027173,description,false,11,231,94
49,10073687,10157939,title,false,11,29,28
49,10073623,10181035,title,false,11,27,56
49,10097201,10181019,title,false,11,37,48
49,10097249,10133369,title,false,11,54,85
49,10073651,10180397,title,false,11,42,69
49,10073657,10256035,title,false,11,30,39
49,10097251,10088823,description,false,11,190,97
49,10231031,10243509,title,false,11,33,35
49,10073641,10180481,description,false,11,195,87
491,10244525,10174639,title,false,26,34,38
491,10244525,10145677,description,false,26,103,174
491,10244371,10236467,title,false,26,36,32
491,10244371,10032741,description,false,26,227,134
492,10211863,10014825,description,false,21,73,82
492,10211863,10239619,title,false,21,69,47
492,10196835,10182223,description,false,21,371,122
492,10196835,10040389,title,false,21,52,57
493,10225753,10198209,title,false,19,28,48
493,10225753,10198095,description,false,19,322,111
494,10207335,10005971,description,false,32,151,51
494,10234505,10244583,title,false,32,66,28
494,10190653,10001573,title,false,32,65,40
494,10190653,10027171,description,false,32,243,92
494,10207335,10256371,title,false,32,57,34
494,10235761,10027167,title,false,32,84,56
494,10245789,10001773,title,false,32,72,46
494,10235761,10236389,description,false,32,162,165
494,10207639,10111417,description,false,32,299,93
494,10245789,10111407,description,false,32,220,93
494,10234505,10111401,description,false,32,342,93
494,10207639,10243433,title,false,32,57,33
496,10014759,10179289,description,false,25,198,136
496,10161929,10111405,title,false,25,60,56
496,10135429,10225943,title,false,25,73,38
496,1016231,10027169,description,false,25,365,90
496,10161905,10111401,title,false,25,48,62
496,10214987,10111409,description,false,25,367,93
496,10198207,10096435,description,false,25,189,99
496,10161985,10111395,description,false,25,201,93
496,1016233,10203305,title,false,25,53,36
496,1016233,10051111,description,false,25,259,126
496,10214987,10180473,title,false,25,66,48
496,10161985,10111407,title,false,25,63,62
496,10014759,10027171,title,false,25,71,56
496,1016231,10111397,title,false,25,45,56
496,10198207,10111393,title,false,25,39,56
496,10139539,10179321,title,false,25,72,80
496,10198083,10139555,description,false,25,194,258
496,10135429,1000746,description,false,25,241,79
496,10139539,10180373,description,false,25,222,85
5,10159501,10006031,description,false,15,231,188
5,10159505,10052503,description,false,15,171,333
5,10159501,10051891,title,false,15,39,72
5,10159505,10036081,title,false,15,43,41
5,10254767,10006087,description,false,15,168,190
5,10254767,10198123,title,false,15,48,36
5,10254771,10006047,description,false,15,98,187
5,10254773,10029391,description,false,15,105,206
5,10254773,10028931,title,false,15,47,37
5,10254771,10258877,title,false,15,40,41
50,10132065,10052159,description,false,15,132,313
50,10258027,10139021,description,false,15,122,61
50,10207207,10052157,title,false,15,55,54
50,10098661,10233297,title,false,15,57,38
50,10027155,10000699,title,false,15,54,76
50,10132125,10198085,description,false,15,77,89
50,10017359,10248273,title,false,15,74,72
50,10017401,10274013,description,false,15,121,64
50,10019005,10266661,description,false,15,45,314
50,10040389,10233391,description,false,15,86,103
50,10012737,10182343,title,false,15,51,36
50,10017369,10198067,description,false,15,119,61
50,10017401,10030739,title,false,15,83,49
50,10098651,10224699,description,false,15,82,88
50,10027155,10000751,description,false,15,90,167
50,10017347,10242679,title,false,15,90,32
50,10132133,10224375,description,false,15,60,121
50,10017397,10129433,description,false,15,127,258
50,10017407,10000805,description,false,15,118,167
50,10132125,10002337,title,false,15,45,54
50,10040389,10240187,title,false,15,57,66
50,10017387,10001931,title,false,15,73,47
50,10132123,10243563,description,false,15,136,159
50,10017391,10255833,title,false,15,80,65
50,10111417,10241519,description,false,15,93,117
50,10089313,10092051,title,false,15,35,37
50,10254201,10117233,title,false,15,49,44
50,10003849,10139019,title,false,15,68,31
50,10101219,10198047,title,false,15,45,43
50,10207207,10251421,description,false,15,841,178
50,10017387,10000737,description,false,15,106,169
50,10017347,10052691,description,false,15,125,324
50,10135847,10203341,description,false,15,68,98
50,10135877,10000683,description,false,15,120,164
50,10017355,10274041,title,false,15,76,34
50,10252655,10207379,description,false,15,98,76
50,10252655,10001989,title,false,15,47,48
50,10135877,10274069,title,false,15,47,37
50,10017355,10052355,description,false,15,114,303
50,10017377,10126603,title,false,15,84,40
50,10098657,10000727,description,false,15,68,176
50,10132059,10001573,title,false,15,62,40
50,10017365,10000747,description,false,15,112,176
50,10017363,10001773,description,false,15,117,150
50,10003849,10007733,description,false,15,206,246
50,10030749,10243509,title,false,15,58,35
50,10017363,10239821,title,false,15,82,53
50,10216841,10224911,description,false,15,120,92
51,10143683,10217591,title,false,17,47,50
51,10073297,10242255,title,false,17,45,61
51,10205449,10253775,title,false,17,31,54
51,10073061,10213125,title,false,17,42,50
51,10245075,10134627,description,false,17,109,67
51,10012373,10134867,description,false,17,54,57
51,10065447,10217591,description,true,17,110,138
51,10027645,10242255,description,true,17,55,66
51,10012373,10217591,title,true,17,46,50
51,10148149,10253775,description,true,17,57,100
51,10244985,10213125,description,true,17,77,80
51,10074949,10242255,title,true,17,51,61
51,10148149,10253775,title,true,17,43,54
51,10073263,10134627,description,true,17,66,67
51,10028277,10213125,title,true,17,50,50
51,10073061,10134867,description,true,17,69,57
51,10028011,10134627,title,true,17,50,61
51,10029995,10134867,title,true,17,46,51
51,10036723,10217591,title,true,17,52,50
51,10101611,10217591,description,true,17,42,138
51,10028139,10242255,description,true,17,56,66
51,10065507,10242255,title,true,17,53,61
51,10035813,10253775,description,true,17,67,100
51,10004163,10253775,title,true,17,48,54
51,10264689,10213125,description,true,17,181,80
51,10029995,10134627,description,true,17,58,67
51,10153515,10134867,description,true,17,110,57
51,10205449,10217591,description,true,17,98,138
51,10073297,10242255,description,true,17,95,66
51,10074949,10253775,description,true,17,114,100
51,10245075,10213125,title,true,17,46,50
51,10028179,10213125,description,true,17,108,80
51,10245285,10134627,description,true,17,93,67
51,10143683,10134867,description,true,17,68,57
51,10244985,10134627,title,true,17,44,61
51,10073359,10134867,title,true,17,40,51
51,10035815,10217591,description,true,17,68,138
51,10018841,10217591,title,true,17,49,50
51,10245051,10242255,description,true,17,93,66
51,10028139,10242255,title,true,17,50,61
51,10061085,10253775,title,true,17,55,54
51,10061085,10253775,description,true,17,59,100
51,10035813,10213125,title,true,17,55,50
51,10245051,10134627,title,true,17,46,61
52,10009711,10235405,description,false,21,124,660
52,10009635,10144961,description,false,21,144,351
52,10009681,10144959,title,false,21,85,48
52,10009637,10117245,description,false,21,123,104
52,10009671,10117221,title,false,21,85,50
52,10009711,10117281,title,false,21,77,48
52,10009695,10117257,description,false,21,129,179
52,10009687,10145079,title,false,21,82,21
52,10009681,10145017,description,false,21,136,341
52,10009617,1010500,title,false,21,85,28
52,10009611,10117255,description,false,21,125,95
52,10058189,10236403,description,false,21,142,303
52,10058499,10213955,description,false,21,142,107
52,10009723,10180489,title,false,21,78,48
52,10038919,10117237,title,false,21,87,51
52,10009695,10040031,title,false,21,89,49
52,10038919,10117287,description,false,21,128,179
52,10009621,10205441,title,false,21,87,35
52,10009647,10117261,title,false,21,80,51
52,10009675,10117283,title,false,21,79,73
52,10095323,10117241,title,false,21,81,51
52,10058499,10117247,title,false,21,88,50
52,10009621,10235405,description,true,21,140,660
52,10009693,10235405,title,true,21,87,33
52,10009671,10144961,description,true,21,132,351
52,10009617,10144959,description,true,21,120,365
52,10009723,10117245,description,true,21,125,104
52,10009623,10144961,title,true,21,83,31
52,10009623,10117221,description,true,21,130,95
52,10095231,10117281,description,true,21,138,176
52,10009675,10117257,description,true,21,126,179
52,10009611,10144959,title,true,21,86,48
52,10009693,10145079,description,true,21,139,240
52,10009637,10117245,title,true,21,86,42
52,10009687,10145017,description,true,21,128,341
52,10009647,1010500,description,true,21,133,130
52,10095231,10117221,title,true,21,89,50
54,1022503,10244385,description,false,17,80,133
54,10108997,10030547,title,false,17,50,34
54,10026739,10003077,description,false,17,106,127
54,10221407,10244669,description,false,17,108,54
54,10026739,10243509,title,false,17,26,35
54,10051331,10002269,description,false,17,140,97
54,10207289,10244683,description,false,17,166,54
54,10242645,10247475,title,false,17,42,54
54,10242645,10250615,description,false,17,112,121
54,10242641,10157901,description,false,17,114,137
54,10089511,10021505,title,false,17,40,39
54,10207289,10244695,title,false,17,42,27
54,10242723,10244671,title,false,17,34,33
54,10197039,10145021,title,false,17,56,60
54,10242723,10247471,description,false,17,100,152
54,1022503,10196893,title,false,17,23,48
54,10242641,10196897,title,false,17,36,43
54,1014042,10180919,title,false,17,43,19
54,10051331,10002193,title,false,17,38,39
54,10089511,10244699,description,false,17,80,93
54,10004491,10250619,description,false,17,100,119
54,10197039,10157955,description,false,17,141,87
54,10015987,10244385,title,true,17,34,47
54,10108997,10244385,description,true,17,117,133
54,10015987,10030547,description,true,17,113,110
54,10222623,10030547,title,true,17,41,34
54,10222623,10003077,description,true,17,142,127
54,10207317,10244669,description,true,17,97,54
54,10017237,10002269,description,true,17,119,97
54,10127289,10003077,title,true,17,38,53
54,10127289,10244683,description,true,17,84,54
54,10017237,10244669,title,true,17,27,29
54,10221407,10243509,title,true,17,41,35
54,10004491,10002269,title,true,17,36,51
54,1014042,10247475,description,true,17,66,118
54,10207317,10244683,title,true,17,31,29
54,10274075,10247475,title,true,17,47,54
54,10274075,10250615,description,true,17,104,121
55,10184209,10002337,description,false,12,954,141
55,10223363,10015155,description,false,12,459,72
55,10184211,10266647,title,false,12,58,38
55,10069705,10002193,title,false,12,60,39
55,10223363,10030681,title,false,12,49,88
55,10184209,10241519,title,false,12,57,65
55,10069705,10274069,description,false,12,289,77
55,10069587,10106753,description,false,12,286,71
55,10069587,10019567,title,false,12,60,40
56,10187203,10258857,description,false,18,90,80
56,10032833,1010440,title,false,18,45,23
56,10032833,10244421,description,false,18,112,121
56,10187203,10144983,title,false,18,34,24
59,10236119,10170161,description,false,19,44,44
59,10236101,10003517,description,false,19,45,81
59,10028881,10243435,title,false,19,56,28
59,10128119,10170161,title,true,19,51,67
59,10065037,10003517,title,true,19,50,61
59,10028635,10243435,title,true,19,51,28
59,10128123,10170161,description,true,19,66,44
59,10128123,10170161,title,true,19,48,67
59,10128145,10003517,description,true,19,184,81
59,10236109,10003517,title,true,19,55,61
59,10028741,10243435,description,true,19,165,103
59,10000583,10243435,title,true,19,46,28
59,10217801,10170161,description,true,19,50,44
59,10015929,10170161,title,true,19,54,67
59,10236115,10003517,description,true,19,60,81
59,10128151,10243435,description,true,19,99,103
59,10236113,10170161,description,true,19,44,44
59,10237249,10003517,description,true,19,122,81
59,10236097,10003517,title,true,19,55,61
59,10254487,10243435,description,true,19,155,103
59,10254489,10170161,description,true,19,189,44
59,10128147,10003517,description,true,19,183,81
59,10128155,10243435,title,true,19,54,28
59,10201823,10170161,title,true,19,52,67
59,1001774,10003517,title,true,19,39,61
59,10028533,10243435,title,true,19,54,28
59,10028741,10170161,title,true,19,55,67
59,10065037,10243435,description,true,19,61,103
59,10236097,10170161,description,true,19,60,44
59,10231241,10003517,title,true,19,58,61
59,10128135,10243435,title,true,19,50,28
59,10028577,10003517,description,true,19,119,81
59,10000583,10243435,description,true,19,51,103
59,10128135,10170161,description,true,19,186,44
59,10015913,10170161,title,true,19,47,67
59,10028635,10003517,description,true,19,164,81
59,10127521,10243435,description,true,19,57,103
59,10036431,10170161,description,true,19,178,44
59,10254489,10003517,title,true,19,54,61
59,10242847,10003517,description,true,19,60,81
59,10254487,10243435,title,true,19,49,28
59,10231241,10243435,description,true,19,66,103
59,10128151,10170161,title,true,19,48,67
59,10036431,10003517,title,true,19,53,61
59,10128147,10243435,title,true,19,47,28
59,10236119,10170161,title,true,19,60,67
6,10051595,10242641,description,false,15,84,114
6,10016723,10132601,description,false,15,106,95
6,10015993,10197969,title,false,15,54,44
6,10015993,10016283,description,false,15,113,620
6,10222653,10002079,description,false,15,131,125
6,10132319,10213401,description,false,15,147,112
6,10132319,10014675,title,false,15,47,41
6,10132371,10001527,description,false,15,121,121
6,10088851,10030547,description,false,15,103,110
6,10162591,10184327,description,false,15,113,98
6,10132391,10197145,description,false,15,107,129
6,10016723,10001003,title,false,15,48,46
6,10089511,10003011,description,false,15,80,146
6,10101345,10242701,title,false,15,49,42
6,10162411,10132311,title,false,15,65,51
6,10242723,10007811,description,false,15,100,203
6,1022503,10000729,title,false,15,23,75
6,10132371,10002269,title,false,15,71,51
6,10144783,10001445,description,false,15,81,231
6,10207461,10000911,description,false,15,121,143
6,10181205,10001425,description,false,15,99,218
6,10242723,10016003,title,false,15,34,50
6,10075395,10213377,title,false,15,51,59
6,10162591,10002713,title,false,15,49,45
6,10101327,10009681,description,false,15,119,136
6,10162605,10197583,title,false,15,51,53
6,10199945,10009711,title,false,15,51,77
6,10088851,10017587,title,false,15,49,49
6,10089159,10002825,title,false,15,35,43
6,10217589,10213409,description,false,15,93,100
6,10004357,10007835,title,false,15,57,43
6,10222653,10025161,title,false,15,37,40
6,10132469,10207407,title,false,15,71,38
6,10054893,10017213,title,false,15,62,35
6,10199945,10207271,description,false,15,106,124
6,10201945,10007763,title,false,15,50,63
6,10144783,10003077,title,false,15,27,53
6,10181205,10145071,title,false,15,41,49
6,10207333,10274101,description,false,15,116,80
6,10101345,10002753,description,false,15,144,96
6,10075395,10239459,description,false,15,107,118
6,10054835,10260563,description,false,15,101,158
6,10162411,10132343,description,false,15,136,113
6,10015997,10242665,title,false,15,64,35
6,10273987,10132619,description,false,15,112,151
6,10201945,10239453,description,false,15,173,145
6,10101327,10017211,title,false,15,40,42
6,10128409,10274029,description,false,15,624,107
6,10132391,10013427,title,false,15,58,57
6,10273987,10003299,title,false,15,34,79
60,10045843,10179337,title,false,12,63,84
60,10173357,10111409,title,false,12,37,62
60,10045877,10111417,title,false,12,51,62
60,10173143,10111393,description,false,12,221,127
60,10223009,10251421,description,false,12,218,178
60,10258233,10111405,title,false,12,45,56
60,10238487,10019567,title,false,12,61,40
60,10237991,10111395,description,false,12,411,93
60,10037089,10111397,description,false,12,339,127
60,10258233,10027171,description,false,12,173,92
60,10045843,10111401,description,false,12,215,93
60,10258213,10111407,description,false,12,352,93
60,10036909,10266647,title,false,12,55,38
60,10238485,10001931,description,false,12,386,125
60,10223021,10179337,title,true,12,57,84
60,10048389,10179337,description,true,12,212,100
60,10173329,10111409,title,true,12,36,62
60,10258247,10111417,title,true,12,48,62
60,10173357,10111409,description,true,12,180,93
60,10223001,10111417,description,true,12,206,93
60,10036909,10111393,description,true,12,199,127
60,10173119,10111393,title,true,12,52,56
60,10080229,10251421,title,true,12,43,53
60,10223001,10111405,title,true,12,63,56
60,10173143,10019567,title,true,12,52,40
60,10173333,10251421,description,true,12,166,178
60,10237991,10111395,title,true,12,65,62
60,10258103,10111405,description,true,12,177,127
60,10258235,10266647,title,true,12,47,38
60,10231147,10111395,description,true,12,224,93
60,10173329,10111397,description,true,12,180,127
60,10180227,10111397,title,true,12,39,56
60,10238709,10027171,title,true,12,64,56
60,10238709,10027171,description,true,12,586,92
60,10238485,10111401,title,true,12,68,62
60,10048389,10111407,title,true,12,30,62
60,10173127,10111401,description,true,12,232,93
60,10231147,10001931,title,true,12,56,47
60,10238471,10111407,description,true,12,408,93
60,10173127,10179337,title,true,12,54,84
60,10173129,10111409,title,true,12,39,62
60,10223009,10111417,title,true,12,61,62
60,10238487,10001931,description,true,12,382,125
60,10258195,10179337,description,true,12,164,100
60,10173333,10111393,title,true,12,39,56
60,10223021,10111409,description,true,12,536,93
60,10037089,10251421,title,true,12,42,53
60,10173195,10111405,title,true,12,43,56
60,10258103,10019567,title,true,12,29,40
60,10173115,10111417,description,true,12,196,93
61,10035807,10145323,description,false,17,58,105
61,10121097,10145043,description,false,17,58,215
61,10064165,10145045,description,false,17,56,214
61,10254409,10145053,description,false,17,54,214
61,10265261,10145313,description,false,17,152,105
61,10030221,10016685,title,false,17,46,44
61,10265171,10244381,description,false,17,153,158
61,10265263,10101129,description,false,17,156,57
61,10264901,10016703,title,false,17,47,44
61,10264909,10244431,description,false,17,163,50
61,10241817,10145333,description,false,17,57,108
61,10121077,10145303,title,false,17,51,40
61,10005909,10245441,title,false,17,57,58
61,10264633,10244683,description,false,17,156,54
61,10029543,10244583,title,false,17,52,28
61,10265441,10003121,description,false,17,180,148
61,10241817,10243509,title,false,17,43,35
61,10064049,10145025,title,false,17,42,31
61,10265297,10244483,description,false,17,147,50
61,10254409,10145295,title,false,17,51,37
61,10029543,10244669,description,false,17,111,54
61,10005911,10145323,description,true,17,53,105
61,10264909,10145323,title,true,17,51,33
61,10074227,10145043,description,true,17,62,215
61,10265153,10145045,description,true,17,142,214
61,10129599,10145053,description,true,17,58,214
61,10106295,10016685,title,true,17,68,44
61,10264873,10145043,title,true,17,55,31
61,10264931,10145045,title,true,17,51,31
61,10129583,10145053,title,true,17,44,31
61,10265133,10145313,title,true,17,51,33
61,10265153,10016703,title,true,17,46,44
61,10265441,10244381,title,true,17,67,28
61,10265133,10145313,description,true,17,152,105
61,10264865,10244381,description,true,17,153,158
62,10095231,10244677,description,false,18,138,84
62,10058303,10145079,description,false,18,131,240
62,10095269,10236403,title,false,18,70,27
62,10068557,10235405,description,false,18,125,660
62,10095311,10157901,title,false,18,75,34
62,10068573,10205395,description,false,18,122,229
62,10058399,10244679,description,false,18,126,100
62,10167911,10144959,title,false,18,71,48
62,10058253,10235355,description,false,18,132,105
62,10038925,1010498,description,false,18,122,112
62,10058459,10257041,title,false,18,90,36
62,10038933,10257031,title,false,18,74,46
62,10058401,10244421,description,false,18,125,121
62,10038921,10256885,description,false,18,95,112
62,10058275,10235375,title,false,18,57,31
62,10058253,10243509,title,false,18,75,35
62,10068573,1010500,title,false,18,53,28
62,10038925,10180489,title,false,18,75,48
62,10058435,10243499,description,false,18,132,221
62,10068557,10205441,title,false,18,65,35
62,10095277,10144961,title,false,18,68,31
62,10095231,10243537,title,false,18,89,24
62,10243563,10244677,title,true,18,30,45
62,10058357,10244677,description,true,18,127,84
62,10058357,10145079,title,true,18,70,21
62,10058443,10145079,description,true,18,125,240
62,10058201,10236403,title,true,18,77,27
62,10058401,10235405,title,true,18,56,33
62,10058443,10157901,title,true,18,56,34
62,10058321,10236403,description,true,18,125,303
62,10243563,10235405,description,true,18,159,660
62,10243479,10157901,description,true,18,161,137
62,10068569,10205395,description,true,18,123,229
62,10038919,10244679,description,true,18,128,100
62,10095335,10205395,title,true,18,75,50
62,10058321,10244679,title,true,18,68,48
62,10095335,10144959,description,true,18,121,365
62,10058291,10144959,title,true,18,76,48
62,10095269,10235355,description,true,18,133,105
62,10038933,1010498,description,true,18,129,112
63,10214169,10092535,title,false,14,71,63
63,10220751,10243563,title,false,14,32,30
63,10220785,10019567,title,false,14,31,40
63,10180909,10137319,title,false,14,43,54
63,10106049,10002193,title,false,14,63,39
63,10214157,10001573,description,false,14,293,154
63,10232819,10144983,title,false,14,66,24
63,10267851,10244425,title,false,14,50,32
63,10106049,10144959,description,false,14,536,365
63,10004053,10106081,description,false,14,109,512
63,10220751,10243479,description,false,14,84,161
63,10214157,10145033,title,false,14,33,47
63,10214169,10243435,description,false,14,163,103
63,10180891,10002805,description,false,14,100,3010
63,10231431,10137043,description,false,14,113,843
63,10237451,10106295,description,false,14,65,585
63,10231427,10239821,title,false,14,44,53
63,10065121,10213373,title,false,14,71,57
63,10004053,10001773,title,false,14,56,46
63,10180915,10242061,title,false,14,45,53
63,10220785,10243499,description,false,14,83,221
63,10231431,10002809,title,false,14,49,49
63,10065121,10001931,description,false,14,141,125
63,10133327,10261291,title,false,14,55,38
63,10180895,10157901,title,false,14,48,34
63,10231427,10167957,description,false,14,107,544
63,10106139,10244381,description,false,14,430,158
63,10180909,10235907,description,false,14,98,92
63,10232819,10244669,description,false,14,498,54
63,10180895,10137145,description,false,14,103,1025
63,10133327,10106267,description,false,14,112,435
63,10267851,10244677,description,false,14,155,84
63,10237451,10266637,title,false,14,50,45
63,10106139,10244583,title,false,14,81,28
64,10197661,10157955,title,false,14,76,28
64,10051325,10247475,description,false,14,168,118
64,10132417,10075295,title,false,14,52,48
64,10222623,10274101,description,false,14,142,80
64,10132417,10003199,description,false,14,111,126
64,10242617,10021509,description,false,14,101,100
64,10197661,10085983,description,false,14,690,109
64,1020977,10003077,description,false,14,96,127
64,1022503,10130745,title,false,14,23,37
64,10222623,10157939,title,false,14,41,28
64,10101325,10244695,description,false,14,104,76
64,10234535,1010554,title,false,14,53,48
64,10242617,10189699,title,false,14,46,52
64,10242723,10157901,description,false,14,100,137
64,10016267,10256035,description,false,14,572,140
64,10221407,10130747,title,false,14,41,40
64,10051325,10180919,title,false,14,42,19
64,10242723,10157955,title,true,14,34,28
64,10234535,10157955,description,true,14,222,87
64,10101325,10247475,title,true,14,43,54
64,10089511,10247475,description,true,14,80,118
64,10089511,10075295,title,true,14,40,48
64,10016267,10274101,title,true,14,69,43
64,10221407,10075295,description,true,14,108,100
64,1022503,10274101,description,true,14,80,80
64,1020977,10003199,title,true,14,43,58
66,10017211,10244377,description,false,18,97,105
66,10019745,10239781,title,false,18,59,64
66,10080475,10266661,description,false,18,107,314
66,10075405,10180919,title,false,18,53,19
66,10086107,10247475,title,false,18,58,54
66,10015993,1001519,title,false,18,54,63
66,10178903,10274015,description,false,18,137,96
66,10235725,10244671,title,false,18,52,33
66,10016723,10233359,title,false,18,48,38
66,10207439,10244683,title,false,18,57,29
66,10017211,10244699,title,false,18,42,44
66,10019745,10145021,description,false,18,144,300
66,10174215,10130747,title,false,18,43,40
66,10108997,10244669,description,false,18,117,54
66,10233281,10130745,title,false,18,54,37
66,10197105,10244377,description,true,18,124,105
66,10197105,10244377,title,true,18,53,36
66,10085973,10239781,title,true,18,58,64
66,10200203,10266661,description,true,18,112,314
66,10274101,10266661,title,true,18,43,45
66,10108997,10180919,title,true,18,50,19
66,10127289,10180919,description,true,18,84,43
66,10075405,10247475,description,true,18,116,118
66,10235725,1001519,description,true,18,138,154
66,10086107,10274015,description,true,18,119,96
66,10016713,10244671,description,true,18,97,158
66,10085971,10247475,title,true,18,48,54
66,10127289,1001519,title,true,18,38,63
66,10265489,10274015,title,true,18,47,48
66,10016713,10244671,title,true,18,59,33
66,10085973,10233359,description,true,18,111,103
66,10221405,10244683,description,true,18,94,54
66,10263009,10233359,title,true,18,57,38
66,10085971,10244699,description,true,18,108,93
66,10221405,10244683,title,true,18,57,29
66,10274101,10145021,description,true,18,80,300
66,10080475,10244699,title,true,18,49,44
66,10207439,10244669,description,true,18,108,54
66,10265489,10244377,description,true,18,117,105
66,10263009,10266661,description,true,18,66,314
66,10015993,10180919,description,true,18,113,43
66,10233281,10247475,description,true,18,117,118
66,10174215,1001519,description,true,18,101,154
66,10016723,10274015,description,true,18,106,96
66,10178903,10130747,title,true,18,59,40
66,10200203,10145021,title,true,18,59,60
67,10168033,10243537,description,false,15,359,136
67,10167951,10232819,title,false,15,53,66
67,10149831,10243479,description,false,15,60,161
67,10149831,10180915,title,false,15,43,45
67,10167951,10220791,description,false,15,322,88
67,10149807,10267851,title,false,15,47,50
67,10149807,10243499,description,false,15,64,221
67,10168033,10243473,title,false,15,63,34
68,1001050,10106229,description,false,15,275,362
68,10238567,10089225,description,false,15,283,91
68,10238567,10205425,title,false,15,73,26
68,1001050,10244583,title,false,15,58,28
69,10206969,10041871,title,false,17,48,46
69,10206867,10244421,description,false,17,92,121
69,10256015,10041879,title,false,17,43,47
69,10233307,10256689,description,false,17,75,335
69,10233359,10244381,title,false,17,38,28
69,10233391,10239821,title,false,17,39,53
69,10233307,10266643,title,false,17,28,43
69,10163701,10041821,title,false,17,41,48
69,10207069,10247703,title,false,17,36,51
69,10163701,10001573,description,false,17,125,154
69,10256015,10235951,description,false,17,126,334
69,10157901,10039845,description,false,17,137,776
69,10233359,10241519,description,false,17,103,117
69,10207069,10197145,description,false,17,99,129
69,10233391,10145021,description,false,17,103,300
69,10157901,10041835,title,false,17,34,47
7,10187097,10032777,description,false,12,107,107
7,10142805,10256423,title,false,12,41,49
7,10111107,10178033,description,false,12,102,105
7,10232069,10032643,title,false,12,56,64
7,10111117,10002865,title,false,12,40,63
7,10111129,10177961,description,false,12,117,352
7,10135133,10032837,title,false,12,44,43
7,10111117,10002833,description,false,12,99,262
7,10187223,10187279,description,false,12,107,89
7,10213255,10032825,description,false,12,93,115
7,10038969,10241683,description,false,12,102,115
7,10111105,10178037,description,false,12,119,110
7,10144515,1022303,title,false,12,38,31
7,10003387,10250607,title,false,12,49,57
7,10135149,10003051,title,false,12,45,58
7,10111119,10207527,title,false,12,41,79
7,10236403,10003177,description,false,12,303,118
7,10135141,10117015,title,false,12,42,51
7,10182355,10043651,title,false,12,44,52
7,10187109,10086121,title,false,12,43,34
7,10111125,10032583,title,false,12,52,56
7,10182315,10236241,description,false,12,115,132
7,10180645,10032463,title,false,12,42,39
7,10144515,10032743,description,false,12,106,113
7,10111121,10239293,description,false,12,134,148
7,10111125,10002831,description,false,12,144,261
7,10187263,10032765,title,false,12,37,39
7,10239073,10187025,description,false,12,118,129
7,10135141,10032595,description,false,12,123,133
7,10187263,10263197,description,false,12,117,255
7,10135149,10202819,description,false,12,132,68
7,10144519,10207589,description,false,12,107,58
7,10111119,10144959,description,false,12,140,365
7,10180645,10032807,description,false,12,101,141
7,10232069,10003695,description,false,12,92,104
7,10182369,10039015,title,false,12,49,54
7,10187223,10032843,title,false,12,47,37
7,10135161,10158715,description,false,12,127,68
7,10038969,10032455,title,false,12,42,40
7,10135161,10231987,title,false,12,49,42
7,10135133,10032717,description,false,12,122,95
71,10030251,10244373,description,false,15,56,123
71,10016697,10244401,description,false,15,52,119
71,10207591,10145245,description,false,15,61,106
71,10265325,10243509,title,false,15,44,35
71,10207571,10145305,title,false,15,70,33
71,10030251,10244583,title,false,15,44,28
71,10163941,10157913,title,false,15,42,33
71,10016699,10255591,title,false,15,42,45
71,10035813,10243457,title,false,15,55,34
71,10030141,10255579,description,false,15,56,131
71,10207567,10255751,title,false,15,67,56
71,10207591,10244447,title,false,15,64,37
71,10265199,10145313,description,false,15,186,105
71,10234889,10145323,description,false,15,44,105
71,10205445,10145333,description,false,15,212,108
71,10265139,10255831,title,false,15,45,61
71,10030115,10157931,title,false,15,45,33
71,10035839,10244381,description,false,15,57,158
71,10035825,10244373,title,true,15,46,31
71,10265303,10244373,description,true,15,184,123
71,10035827,10244401,description,true,15,67,119
71,10065709,10244401,title,true,15,67,28
71,10264839,10145245,description,true,15,165,106
71,10012373,10145305,description,true,15,54,98
71,10012373,10145245,title,true,15,46,33
71,10207571,10244583,description,true,15,57,158
71,10236459,10243509,title,true,15,32,35
71,10030115,10157913,description,true,15,57,92
71,10236459,10255591,description,true,15,176,118
71,10236397,10255579,description,true,15,167,131
71,10035825,10255751,description,true,15,58,416
71,10016689,10244447,description,true,15,63,115
71,10016689,10145305,title,true,15,43,33
71,10207583,10145313,description,true,15,59,105
71,10035839,10244583,title,true,15,45,28
71,10016703,10157913,title,true,15,44,33
71,10163941,10145323,description,true,15,58,105
71,10265199,10255591,title,true,15,55,45
71,1019677,10243457,title,true,15,21,34
71,10073177,10255579,title,true,15,40,64
71,10205445,10255751,title,true,15,40,56
71,10207567,10145333,description,true,15,54,108
71,10073177,10255831,description,true,15,57,431
71,1019677,10157931,description,true,15,89,91
72,10108723,10063861,title,false,17,34,36
72,10174691,10044165,description,false,17,154,108
72,10236555,10006051,description,false,17,213,168
72,10035863,10129533,description,false,17,150,109
72,10234351,10048145,description,false,17,217,106
72,10063803,10044057,description,false,17,212,109
72,10181391,10173891,title,false,17,38,35
72,10246035,10063887,title,false,17,31,38
72,10234351,10044109,title,false,17,30,33
72,10246167,10120903,title,false,17,30,32
72,10226565,10044185,description,false,17,220,108
72,10236555,10074431,title,false,17,56,24
72,10002521,10262053,title,false,17,31,28
72,10129009,10063877,description,false,17,214,159
72,10002521,10043881,description,false,17,159,108
72,10063803,10033673,title,false,17,39,51
72,10234305,10063861,title,true,17,31,36
72,10108723,10063861,description,true,17,211,160
72,10179821,10044165,title,true,17,48,31
72,10174691,10006051,title,true,17,32,39
72,10181391,10044165,description,true,17,158,108
72,10234305,10006051,description,true,17,212,168
72,10181397,10129533,title,true,17,63,23
72,10181397,10129533,description,true,17,175,109
72,10035863,10048145,title,true,17,27,23
72,10179821,10048145,description,true,17,167,106
72,10234299,10044057,title,true,17,36,43
72,10246035,10044057,description,true,17,211,109
72,10020773,10173891,title,true,17,38,35
72,10246167,10173891,description,true,17,207,121
72,10020773,10063887,description,true,17,312,160
72,10129009,10063887,title,true,17,34,38
72,10234299,10044109,description,true,17,217,108
72,10226565,10044109,title,true,17,59,33
73,1010554,10217061,title,false,17,48,61
73,10015877,10260315,description,false,17,138,134
73,1012708,10002761,title,false,17,36,40
73,10241783,10243537,title,false,17,66,24
73,1019937,1027295,title,false,17,29,44
73,10015877,10217061,title,true,17,52,61
73,10050223,10260315,title,true,17,61,55
73,10234801,10002761,title,true,17,42,40
73,10241793,10217061,description,true,17,367,132
73,10217097,10260315,description,true,17,165,134
73,1019937,10243537,description,true,17,259,136
73,10217145,10243537,title,true,17,61,24
73,10181721,1027295,title,true,17,54,44
73,10234797,1027295,description,true,17,190,136
73,10234813,10217061,description,true,17,84,132
73,10027313,10260315,description,true,17,171,134
73,10241779,10217061,title,true,17,52,61
73,10234797,10260315,title,true,17,14,55
73,10217097,10002761,title,true,17,69,40
73,10241783,10243537,description,true,17,400,136
73,1001060,1027295,description,true,17,263,136
73,10241779,10217061,description,true,17,319,132
73,10217145,10260315,description,true,17,219,134
73,10234813,10243537,title,true,17,66,24
73,10217081,10243537,description,true,17,176,136
73,10217081,1027295,title,true,17,82,44
73,10217111,10217061,title,true,17,69,61
73,10241801,10260315,title,true,17,67,55
73,10217079,10002761,title,true,17,71,40
73,10234805,10243537,title,true,17,60,24
73,1001061,1027295,description,true,17,293,136
73,10234805,10217061,description,true,17,128,132
73,10234771,10260315,description,true,17,111,134
73,10241801,10243537,description,true,17,404,136
73,1012708,1027295,description,true,17,157,136
73,1001062,1027295,title,true,17,55,44
73,1001061,10217061,title,true,17,56,61
73,10217093,10217061,description,true,17,395,132
73,10050231,10260315,title,true,17,70,55
73,10181721,10260315,description,true,17,178,134
73,10234801,10243537,description,true,17,161,136
73,10217079,1027295,description,true,17,165,136
73,10050231,10217061,description,true,17,217,132
73,10241793,10002761,title,true,17,50,40
73,10050249,10260315,description,true,17,209,134
73,10050223,10243537,description,true,17,208,136
73,1001060,10243537,title,true,17,68,24
73,10027313,1027295,title,true,17,66,44
73,10234771,10217061,title,true,17,79,61
73,10217093,10260315,title,true,17,53,55
74,10244671,10051283,title,false,13,33,52
74,10244669,10234531,description,false,13,54,213
74,10244577,10234527,description,false,13,100,251
74,10244525,1010508,description,false,13,103,116
74,10145021,10190659,title,false,13,60,77
74,10145065,10053779,title,false,13,41,42
74,10244371,10212051,description,false,13,227,98
74,10145065,10186803,description,false,13,139,281
74,10145021,10233297,description,false,13,300,100
74,10244371,10234525,title,false,13,36,73
74,10244577,10190649,title,false,13,38,74
74,10244525,10207637,title,false,13,34,73
74,10244669,10236431,title,false,13,29,22
74,10244671,10157877,description,false,13,158,322
74,10244385,10203339,title,false,13,47,41
74,10244385,10157901,description,false,13,133,137
75,10196893,10089511,description,false,10,96,80
75,10213443,10134049,description,false,10,126,83
75,10003077,1014042,title,false,10,53,43
75,10213419,10233359,description,false,10,139,103
75,10213377,10026739,title,false,10,59,26
75,10213409,10233317,description,false,10,100,139
75,10030547,10132601,description,false,10,110,95
75,10196897,10242709,description,false,10,87,110
75,10213459,10004315,description,false,10,102,107
75,10244699,10222623,title,false,10,44,41
75,10213455,10260557,description,false,10,125,135
75,10213421,10162605,title,false,10,78,51
75,10213413,10221407,description,false,10,159,108
75,10213385,10202029,description,false,10,114,99
75,10021509,10159095,title,false,10,46,38
75,10196893,10216863,title,false,10,48,39
75,10213415,10207441,description,false,10,86,95
75,10002269,1022503,description,false,10,97,80
75,10180919,10089511,description,true,10,43,80
75,10213395,10089511,title,true,10,62,40
75,10247475,10134049,description,true,10,118,83
75,10213437,10134049,title,true,10,59,46
75,10244695,1014042,description,true,10,76,66
75,10247475,1014042,title,true,10,54,43
75,10196897,10233359,title,true,10,43,38
75,10250615,10026739,title,true,10,49,26
75,10213353,10233317,title,true,10,67,49
75,10021509,10233359,description,true,10,100,103
75,10213413,10132601,title,true,10,76,36
75,10213385,10242709,title,true,10,72,44
75,10231987,10004315,title,true,10,42,34
75,10213369,10222623,title,true,10,64,41
75,10213419,10260557,title,true,10,67,28
75,10174115,10162605,title,true,10,36,51
75,10250615,10026739,description,true,10,121,106
75,10213437,10233317,description,true,10,91,139
75,10213415,10221407,title,true,10,55,41
75,10244699,10132601,description,true,10,93,95
75,10213447,10242709,description,true,10,132,110
75,10213395,10004315,description,true,10,98,107
75,10213401,10202029,title,true,10,58,37
75,10213383,10159095,title,true,10,65,38
75,10003199,10216863,title,true,10,58,39
75,10213455,10207441,title,true,10,57,40
75,10002269,1022503,title,true,10,51,23
75,10231987,10222623,description,true,10,118,142
75,10030547,10089511,title,true,10,34,40
75,10003199,10260557,description,true,10,126,135
75,10213393,10162605,description,true,10,117,134
76,10085971,10244695,title,false,14,48,27
76,10216863,10247475,title,false,14,39,54
76,10274101,10004501,title,false,14,43,35
76,10197145,10180919,title,false,14,64,19
76,10085971,10244699,description,false,14,108,93
76,10197145,10242723,description,false,14,129,100
76,10274101,1022503,description,false,14,80,80
76,10207407,10247483,title,false,14,38,64
76,10216863,10247471,description,false,14,419,152
76,10075405,1014042,title,false,14,53,43
76,10075405,10260557,description,false,14,116,135
76,10051517,10250615,description,false,14,125,121
76,10207407,10242641,description,false,14,117,114
76,10051517,10030547,title,false,14,37,34
77,10239293,10233307,description,false,11,148,75
77,10239293,10135141,title,false,11,57,42
77,10236241,10182315,title,false,11,51,44
77,10236241,10135133,description,false,11,132,122
78,10017775,10157913,title,false,17,43,33
78,10028151,10242395,title,false,17,53,57
78,10245259,10145061,description,false,17,87,138
78,10030041,10244381,title,false,17,53,28
78,10017719,10157931,description,false,17,106,91
78,10020049,10005937,title,false,17,50,64
78,10202595,10016685,title,false,17,48,44
78,10030239,10016703,title,false,17,48,44
78,10017589,10205425,description,false,17,105,56
78,10236405,10205431,title,false,17,47,39
78,10245355,10205463,title,false,17,54,39
78,10030051,10138239,description,false,17,110,105
78,10030051,10144987,title,false,17,51,24
78,10030041,10144983,description,false,17,112,133
78,10028253,10244583,description,false,17,108,158
78,10245159,10157913,description,true,17,99,92
78,10245159,10243509,title,false,17,45,35
78,10030303,10242395,description,true,17,119,92
78,10059749,10145061,description,true,17,109,138
78,10027917,10157913,title,true,17,50,33
78,10017749,10242395,title,true,17,42,57
78,10030239,10244381,description,true,17,110,158
78,10030129,10145061,title,true,17,60,24
78,10202565,10157931,description,true,17,108,91
78,10020071,10244381,title,true,17,49,28
78,10244957,10005937,title,true,17,54,64
78,10197879,10205425,description,true,17,103,56
78,10202599,10016685,title,true,17,57,44
78,10073073,10157931,title,true,17,45,33
78,10236507,10205431,description,true,17,182,98
78,10197879,10016703,title,true,17,48,44
78,10017799,10205425,title,true,17,43,26
78,10059749,10205431,title,true,17,56,39
78,10020049,10205463,description,true,17,107,98
78,10030129,10138239,description,true,17,121,105
79,10261573,10111405,title,false,14,64,56
79,10186011,10027167,description,false,14,85,92
79,10197629,10051111,description,false,14,683,126
79,10206773,10111393,title,false,14,55,56
79,10080603,1001050,description,false,14,238,275
79,10207445,10027171,title,false,14,55,56
79,10186797,10111397,title,false,14,56,56
79,10190651,10111405,title,true,14,71,56
79,10186053,10111405,description,true,14,85,127
79,10261573,10027167,description,true,14,89,92
79,10186011,10027167,title,true,14,56,56
79,10018807,10051111,description,true,14,207,126
79,10013041,10111393,description,true,14,143,127
79,10080617,10051111,title,true,14,41,63
79,10016747,10111393,title,true,14,51,56
79,10207637,1001050,title,true,14,73,58
79,10190649,1001050,description,true,14,294,275
79,10030591,10027171,description,true,14,201,92
79,10080603,10027171,title,true,14,57,56
79,10186797,10111397,description,true,14,242,127
79,10234491,10111405,description,true,14,383,127
79,10207637,10027167,description,true,14,330,92
79,10013041,10111397,title,true,14,43,56
79,10207265,10051111,description,true,14,108,126
79,10080617,10111393,description,true,14,90,127
79,10018807,10111405,title,true,14,47,56
79,10206959,1001050,description,true,14,151,275
79,10186053,10027167,title,true,14,52,56
79,10073597,10027171,description,true,14,157,92
79,10207265,10051111,title,true,14,39,63
79,10074637,10111397,description,true,14,100,127
79,10016747,10111405,description,true,14,159,127
79,10016727,10111393,title,true,14,48,56
79,10207061,10027167,description,true,14,125,92
79,10190649,1001050,title,true,14,74,58
79,10207051,10051111,description,true,14,120,126
79,10073597,10027171,title,true,14,47,56
79,10074637,10111397,title,true,14,52,56
79,10207061,10111405,title,true,14,42,56
79,10030591,10027167,title,true,14,46,56
79,10207051,10051111,title,true,14,46,63
79,10206773,10111393,description,true,14,154,127
79,10234491,10111393,title,true,14,70,56
79,10206959,1001050,title,true,14,46,58
79,10016727,1001050,description,true,14,202,275
79,10207445,10027171,description,true,14,99,92
79,10190651,10111397,description,true,14,232,127
79,10197629,10027171,title,true,14,74,56
8,10174517,10159395,description,false,19,211,141
8,10030395,10000723,title,false,19,42,80
8,10181337,10029241,description,false,19,138,237
8,10174517,10014661,title,false,19,41,31
8,10063533,10018055,description,false,19,218,808
8,10006007,10201293,description,false,19,236,195
8,10006071,10030399,description,false,19,187,220
8,10201167,10258877,title,false,19,51,41
8,10063513,10259619,description,false,19,224,82
8,10029253,10002791,description,false,19,214,240
8,10036029,10117195,title,false,19,43,25
8,10006077,10012729,title,false,19,31,32
8,10163945,10015915,description,false,19,220,411
8,10137545,10030423,description,false,19,193,268
8,10137589,10021447,description,false,19,251,189
8,10063523,10000915,title,false,19,40,39
8,10181337,10002837,title,false,19,49,62
8,10063505,10122041,description,false,19,225,135
8,10006043,10006053,description,false,19,188,192
8,10006045,10119103,description,false,19,192,139
8,10006077,10223295,description,false,19,196,197
8,10006045,10258873,title,false,19,33,40
8,10006067,10137521,title,false,19,38,46
8,10029167,10127783,description,false,19,207,188
8,10163945,10173297,title,false,19,49,56
8,10006007,10001377,title,false,19,34,55
8,10006029,10017501,title,false,19,36,73
8,10063503,10119531,title,false,19,44,34
8,10006019,10018287,description,false,19,241,208
8,10006071,10197463,title,false,19,28,48
8,10063505,10001497,title,false,19,45,38
8,10006031,10000811,description,false,19,188,174
8,10006029,10211875,description,false,19,263,127
8,10036981,10248227,description,false,19,139,189
8,10201167,10127099,description,false,19,244,140
8,10071599,10111383,title,false,19,45,37
8,10030395,10007803,description,false,19,193,199
8,10006083,10137263,title,false,19,32,49
8,10006057,10074447,title,false,19,28,35
8,10174527,10025889,title,false,19,34,65
8,10029031,10001773,description,false,19,138,150
8,10006083,10186993,description,false,19,186,138
8,10036981,10224525,title,false,19,36,27
8,10071599,10029375,description,false,19,239,188
8,10006031,10224509,title,false,19,43,27
8,10029111,10025303,description,false,19,177,142
8,10029267,10208781,description,false,19,201,141
81,10231159,10021167,description,false,14,544,88
81,10180227,10258195,title,false,14,39,39
81,10231185,10180919,description,false,14,473,43
81,10237991,10021167,title,true,14,65,57
81,10223013,10258195,title,true,14,67,39
81,10223009,10021167,description,true,14,218,88
81,10036911,10258195,description,true,14,201,164
81,10223009,10180919,title,true,14,61,19
81,10231149,10180919,description,true,14,411,43
81,10223001,10021167,title,true,14,63,57
81,10231185,10258195,title,true,14,52,39
81,10238505,10180919,title,true,14,72,19
81,10029949,10021167,title,true,14,55,57
81,10231159,10258195,title,true,14,52,39
81,10029949,10021167,description,true,14,413,88
81,10180227,10258195,description,true,14,214,164
81,10036911,10180919,title,true,14,49,19
81,10231149,10021167,title,true,14,54,57
81,10001479,10180919,description,true,14,520,43
81,10173153,10258195,title,true,14,49,39
81,10037089,10180919,title,true,14,42,19
81,10238469,10021167,title,true,14,74,57
81,10037089,10021167,description,true,14,339,88
81,10237987,10258195,title,true,14,57,39
81,10223001,10258195,description,true,14,206,164
81,10223013,10180919,description,true,14,226,43
81,10237991,10021167,description,true,14,411,88
81,10237987,10258195,description,true,14,403,164
81,10173153,10180919,description,true,14,208,43
81,10238505,10021167,description,true,14,221,88
81,10238469,10258195,description,true,14,412,164
82,10033165,10274569,description,false,21,141,130
82,10127099,10266951,title,false,21,26,24
82,10253247,10182581,description,false,21,220,130
82,10118903,10266823,title,false,21,27,24
82,10119103,10018075,title,false,21,36,22
82,10101691,10006043,description,false,21,235,188
82,10106977,10266917,description,false,21,184,198
82,10223295,10021449,description,false,21,197,189
82,10111007,10075931,description,false,21,133,184
82,10253201,10030397,description,false,21,756,226
82,10101665,10017133,title,false,21,31,25
82,10111367,10063557,description,false,21,189,188
82,10111385,10117143,title,false,21,42,23
82,10111387,10117203,title,false,21,37,25
82,10020701,10038943,title,false,21,26,33
82,10018061,10021447,title,false,21,25,26
82,10129617,10266877,title,false,21,35,24
82,10119103,10029687,description,false,21,139,140
82,10127099,10266837,description,false,21,140,198
82,10137151,10018013,description,false,21,724,187
82,10111373,10274569,title,true,21,44,22
82,10166677,10266951,title,true,21,31,24
82,10253201,10182581,title,true,21,51,25
82,10122041,10266823,title,true,21,34,24
82,10253275,10018075,title,true,21,58,22
82,10137521,10274569,description,true,21,137,130
82,10234247,10266951,description,true,21,563,198
82,10111007,10006043,title,true,21,39,29
82,10111367,10266917,title,true,21,29,24
82,10020701,10182581,description,true,21,295,130
82,10137151,10021449,title,true,21,47,26
82,10223315,10075931,title,true,21,29,22
82,10111389,10030397,title,true,21,29,21
82,10129617,10266823,description,true,21,138,217
82,10118903,10018075,description,true,21,138,187
82,10223303,10006043,description,true,21,185,188
82,10166677,10266917,description,true,21,184,198
82,10223315,10021449,description,true,21,185,189
82,10122041,10075931,description,true,21,135,184
82,10111373,10030397,description,true,21,204,226
82,10166687,10017133,title,true,21,32,25
82,10137521,10063557,title,true,21,46,25
82,10101665,10017133,description,true,21,139,188
82,10033165,10117143,title,true,21,36,23
82,10223295,10117203,title,true,21,37,25
82,10106977,10038943,title,true,21,27,33
83,10135133,10159109,description,false,14,122,142
83,10111119,10213221,title,false,14,41,61
83,10038969,10177965,title,false,14,42,43
83,10135133,1010483,title,false,14,44,31
83,10038969,10032581,description,false,14,102,109
83,10236403,10178029,description,false,14,303,99
83,10236403,1010476,title,false,14,27,31
83,10111119,10244549,description,false,14,140,304
84,10017397,10002337,description,false,16,127,141
84,10132131,10205399,description,false,16,67,224
84,10003839,10240187,description,false,16,159,141
84,10098661,10002763,title,false,16,57,36
84,10003831,10001585,description,false,16,165,170
84,10018935,10239821,title,false,16,73,53
84,10018931,10002761,title,false,16,84,40
84,10135877,10258363,description,false,16,120,1396
84,10003819,10001211,title,false,16,71,53
84,10003821,10233129,title,false,16,59,43
84,10012715,10145021,description,false,16,81,300
84,10174335,10001931,description,false,16,59,125
84,10003819,10145033,description,false,16,207,380
84,10098655,10002195,title,false,16,45,53
84,10003837,10207073,title,false,16,66,45
84,10021541,10266637,title,false,16,49,45
84,10132133,10001573,description,false,16,60,154
84,10174335,10239781,title,false,16,47,64
84,10003849,10251421,title,false,16,68,53
84,10003801,10205403,description,false,16,201,244
84,10098655,10205395,description,false,16,179,229
84,10239619,10092535,description,false,16,59,204
84,10019005,10243509,title,false,16,20,35
84,10017391,10157901,description,false,16,120,137
84,10098647,10258405,title,false,16,45,19
84,10012715,10231649,title,false,16,53,58
84,10003831,10002763,title,true,16,65,36
84,10098661,10002337,description,true,16,66,141
84,10098657,10205399,description,true,16,68,224
84,10098651,10240187,description,true,16,82,141
84,10162339,10001585,description,true,16,213,170
84,10003801,10002337,title,true,16,65,54
84,10003837,10258363,description,true,16,204,1396
84,10021551,10205399,title,true,16,51,48
84,10019005,10001211,description,true,16,45,108
84,10017391,10240187,title,true,16,80,66
84,10132131,10239821,title,true,16,54,53
84,10239619,10002761,title,true,16,47,40
84,10003833,10001585,title,true,16,67,47
84,10017347,10258363,title,true,16,90,74
84,10003829,10233129,description,true,16,206,53
85,10001445,10019559,description,false,22,231,191
85,10001003,10240299,title,false,22,46,42
85,10266625,10256663,description,false,22,49,365
85,10001445,10122041,title,false,22,57,34
85,10266643,10181019,description,false,22,458,60
85,10002487,10256649,title,false,22,72,42
85,10266661,10041871,description,false,22,314,1025
85,10266625,10184915,title,false,22,50,50
85,10002487,10137533,description,false,22,138,149
85,10266643,10041847,title,false,22,43,46
85,10266647,10256733,title,false,22,38,36
85,10266661,10256697,title,false,22,45,42
86,10233311,10244385,title,false,19,37,47
86,10041847,10247703,description,false,19,1212,52
86,10225009,10243479,title,false,19,78,30
86,10041847,10247807,title,false,19,46,52
86,10207271,10239821,title,false,19,51,53
86,10132571,10001773,description,false,19,133,150
86,10207461,10234797,title,false,19,48,14
86,10132571,10145033,title,false,19,51,47
86,10207271,10243563,description,false,19,124,159
86,10233311,10001931,description,false,19,144,125
86,10207317,10245441,description,false,19,97,66
86,10041823,10244695,description,false,19,1035,76
86,10207317,10244679,title,false,19,31,48
86,10041823,10206943,title,false,19,56,43
86,10207461,10180919,description,false,19,121,43
86,10225009,10244671,description,false,19,207,158
87,10030101,10244381,description,false,18,108,158
87,10245407,10145043,description,false,18,76,215
87,10030001,10145031,description,false,18,109,127
87,10154867,10235405,description,false,18,117,660
87,10245063,10144983,description,false,18,107,133
87,10030189,10243457,title,false,18,46,34
87,10030119,10244581,title,false,18,47,24
87,10062739,10145245,title,false,18,53,33
87,10030171,10145027,title,false,18,46,27
87,10154867,10244583,title,false,18,62,28
87,10030189,10157877,description,false,18,108,322
87,10154653,10145025,description,false,18,116,214
87,10073171,10144987,title,false,18,56,24
87,10154653,10243509,title,false,18,61,35
87,10013269,10157931,description,false,18,105,91
87,10029987,10145323,description,false,18,109,105
87,10245139,10145313,title,false,18,43,33
87,10245109,10145053,description,false,18,77,214
87,10155463,10145061,description,false,18,105,138
87,10245143,10145079,title,false,18,45,21
87,10155463,10243471,title,false,18,57,35
87,10245105,10145005,title,false,18,43,33
87,10245045,10145045,title,false,18,44,31
87,10062739,10157913,description,false,18,115,92
87,10254389,10244381,description,true,18,90,158
87,10038875,10145043,description,true,18,106,215
87,10152489,10244381,title,true,18,63,28
87,10154963,10145043,title,true,18,66,31
87,10089225,10145031,title,true,18,42,27
87,10155661,10235405,title,true,18,60,33
87,10245143,10145031,description,true,18,108,127
87,10153625,10235405,description,true,18,116,660
87,10153625,10144983,title,true,18,68,24
87,10254389,10243457,title,true,18,53,34
87,10060367,10244581,title,true,18,60,24
87,10245105,10144983,description,true,18,111,133
87,10154963,10244581,description,true,18,121,87
87,10038885,10145245,description,true,18,111,106
87,10154081,10145245,title,true,18,69,33
87,10245077,10145027,description,true,18,107,127
87,10060367,10244583,description,true,18,110,158
87,10153137,10145027,title,true,18,65,27
87,10245045,10157877,description,true,18,112,322
87,10073485,10244583,title,true,18,43,28
88,10144797,10145259,title,false,13,65,28
88,10271953,10145045,title,false,13,48,31
88,10144797,10205425,description,false,13,167,56
88,10197727,10111405,title,false,13,79,56
88,10256015,10237779,title,false,13,43,39
88,10234525,10179289,title,false,13,73,81
88,10197737,10157931,title,false,13,63,33
88,10234525,10111407,description,false,13,305,93
88,10256015,10111397,description,false,13,126,127
88,10051241,10157955,description,false,13,70,87
88,10271953,10237777,description,false,13,87,56
88,10207639,10145061,description,false,13,299,138
88,10051241,10145025,title,false,13,42,31
88,10075177,10237771,title,false,13,64,43
88,10075177,10157877,description,false,13,496,322
88,10197727,10111409,description,false,13,470,93
88,10075165,10111393,description,false,13,630,127
88,10197737,10145079,description,false,13,476,240
88,10207639,10157901,title,false,13,57,34
88,10075165,10111417,title,false,13,72,62
89,10117015,10202819,title,false,10,51,33
89,10003605,1015996,title,false,10,49,24
89,10238843,10232793,title,false,10,50,56
89,10136149,10180919,description,false,10,72,43
89,10238849,10244381,description,false,10,85,158
89,10002989,10014345,description,false,10,73,71
89,10003155,10173645,description,false,10,79,45
89,10239115,10041421,description,false,10,75,95
89,10139197,10263145,description,false,10,148,249
89,10003605,10263143,description,false,10,84,253
89,10238849,10145323,title,false,10,55,33
89,10003249,10159213,title,false,10,50,68
89,10239207,10187753,title,false,10,47,43
89,10238843,10041407,description,false,10,71,86
89,10239115,10014361,title,false,10,50,47
89,10003249,10244671,description,false,10,68,158
89,10239079,10157901,title,false,10,53,34
89,10136149,10244459,title,false,10,48,37
89,10239207,10145033,description,false,10,70,380
89,10238981,1011679,title,false,10,47,17
89,10238981,10145313,description,false,10,72,105
89,10002989,10243471,title,false,10,56,35
89,10237959,10159225,description,false,10,79,51
89,10117015,10145245,description,false,10,71,106
89,10237959,10243563,title,false,10,46,30
89,10139197,10243509,title,false,10,47,35
89,10239079,10041423,description,false,10,71,85
9,10169191,10017771,description,false,14,58,115
9,10164127,10015929,title,false,14,42,54
9,10148149,10004129,title,false,14,43,57
9,10264839,10244401,title,false,14,44,28
9,10028139,10013487,title,false,14,50,72
9,1011488,10006029,title,false,14,43,36
9,10268241,10004165,description,false,14,56,88
9,10035825,10015167,title,false,14,46,53
9,10016703,10000571,title,false,14,44,49
9,10163941,1000905,title,false,14,42,48
9,1002096,10017211,title,false,14,52,42
9,10252561,10212949,description,false,14,59,59
9,10035827,10006075,title,false,14,44,34
9,10163887,10002181,description,false,14,57,138
9,10148149,10015921,description,false,14,57,340
9,10205445,10006039,description,false,14,212,166
9,10236397,10004201,title,false,14,32,27
9,10000245,10015163,description,false,14,59,72
9,10205445,10243509,title,false,14,40,35
9,10222787,10013483,description,false,14,60,157
9,10012429,10015913,title,false,14,68,47
9,10147999,10000599,title,false,14,51,46
9,10000539,10145245,title,false,14,48,33
9,10027907,10244581,title,false,14,48,24
9,10144039,10006003,title,false,14,47,34
9,10016669,10013677,description,false,14,63,165
9,10147999,10244203,description,false,14,58,56
9,10016683,10017723,description,false,14,52,104
9,10000281,10246487,description,false,14,55,78
9,10014413,10005937,title,false,14,49,64
9,10000543,10145301,title,false,14,40,28
9,10236459,10012761,description,false,14,176,111
9,10121079,10157913,title,false,14,49,33
9,10274781,10015159,description,false,14,53,74
9,10132021,10157877,title,false,14,47,27
9,10207591,10244381,description,false,14,61,158
9,10144529,10003439,description,false,14,59,57
9,10265325,10144987,description,false,14,174,139
9,10265139,10011163,description,false,14,195,73
9,10188221,10000553,description,false,14,55,73
9,10029995,10157931,title,false,14,46,33
9,10267939,10006073,title,false,14,48,28
9,10121149,10014735,description,false,14,60,126
9,10073007,10145005,description,false,14,57,117
9,10207583,10006001,description,false,14,59,171
90,10143975,10145061,description,false,14,64,138
90,10106295,10144987,description,false,14,585,139
90,10143875,10255831,description,false,14,99,431
90,10106211,10255557,title,false,14,75,71
90,10143757,10244583,description,false,14,94,158
90,10143959,10144983,title,false,14,51,24
90,10157913,10255751,title,false,14,33,56
90,10106211,10145061,description,true,14,480,138
90,10143959,10144987,description,true,14,65,139
90,10144063,10145061,title,true,14,50,24
90,10106295,10144987,title,true,14,68,24
90,10143867,10255831,title,true,14,51,61
90,10144063,10255831,description,true,14,64,431
90,10157913,10255557,description,true,14,92,379
90,10143867,10244583,description,true,14,65,158
92,10182275,10017449,title,false,10,39,35
92,10182279,10017417,description,false,10,166,409
92,10182267,10254773,title,false,10,35,47
92,10156877,10017441,title,false,10,59,37
92,10101529,10265887,description,false,10,199,698
92,10181833,10051479,title,false,10,47,41
92,10105861,10231031,description,false,10,215,127
92,10182277,10017443,title,false,10,34,37
92,10101529,10231001,title,false,10,65,33
92,10182275,10265867,description,false,10,170,516
92,10105861,10248941,title,false,10,68,37
92,10105877,10017409,title,false,10,86,36
92,10166959,10017433,title,false,10,67,36
92,10167843,10203389,description,false,10,211,197
92,10105877,10186693,description,false,10,198,89
92,10244125,10051481,title,false,10,51,43
92,10167837,10017457,description,false,10,241,356
92,10182273,10017445,description,false,10,166,410
92,10211875,10017459,title,false,10,51,36
92,10181867,10017449,title,true,10,43,35
92,10244125,10017449,description,true,10,116,409
92,10166959,10017417,description,true,10,253,409
92,10211875,10254773,description,true,10,127,105
92,10182277,10017441,description,true,10,165,411
92,10181867,10265887,description,true,10,196,698
92,10156877,10051479,description,true,10,456,393
92,10167843,10017417,title,true,10,55,35
92,10182273,10254773,title,true,10,35,47
92,10181833,10231031,description,true,10,496,127
92,10167837,10017441,title,true,10,63,37
93,10051487,10186693,description,false,14,398,89
93,10235563,10001773,description,false,14,159,150
93,10185733,10130747,title,false,14,37,40
93,10051483,10002761,title,false,14,47,40
93,10131759,10014817,description,false,14,71,83
93,10265887,10181003,description,false,14,698,56
93,10167851,10198225,title,false,14,49,37
93,10021085,10243509,title,false,14,59,35
93,10025329,10001585,title,false,14,41,47
93,10072955,10001573,title,false,14,40,40
93,10235563,10266619,title,false,14,61,44
93,10167851,10198073,description,false,14,226,88
93,10265867,10002267,description,false,14,516,256
93,10021085,10198123,description,false,14,445,87
93,10131759,10002193,title,false,14,45,39
93,10265887,10239781,title,false,14,42,64
93,10025329,10198085,description,false,14,180,89
93,10051487,10266637,title,false,14,46,45
93,10185733,10186693,description,true,14,905,89
93,10072955,10001773,description,true,14,227,150
93,10051483,10014817,description,true,14,399,83
93,10265867,10239821,title,false,14,41,53
94,10254773,10236183,description,false,22,105,847
94,10073649,10180919,title,false,22,27,19
94,10254773,10106749,title,false,22,47,32
94,10073659,10041841,title,false,22,28,50
94,10073645,10244583,description,false,22,206,158
94,10186469,10206151,description,false,22,153,71
94,10248895,10106181,description,false,22,136,339
94,10073661,10265887,description,false,22,188,698
94,10073685,1008985,title,false,22,35,50
94,10248895,10157955,title,false,22,39,28
94,10092533,10206159,title,false,22,36,37
94,10073681,10236179,title,false,22,30,51
94,10252689,10243537,title,false,22,38,24
94,10073623,10157901,description,false,22,212,137
94,10073625,10206021,title,false,22,29,27
94,10073645,10244381,title,false,22,28,28
94,10252689,10039845,description,false,22,108,776
94,10133399,10041879,description,false,22,209,1026
94,10248889,10041823,description,false,22,136,1035
94,10133399,10236177,title,false,22,35,50
94,10073685,10041847,description,false,22,213,1212
94,10073653,10041877,description,false,22,190,1027
94,10092533,10041821,description,false,22,178,1027
94,10073649,10041835,description,false,22,195,1026
94,10073681,10243479,description,false,22,191,161
94,10073659,10236211,description,false,22,206,839
94,10248889,10266647,title,false,22,45,38
94,10073625,10137151,description,false,22,177,724
94,10073677,10041871,description,false,22,188,1025
94,10186469,10243509,title,false,22,32,35
94,10073653,10041839,title,false,22,29,49
95,10074437,10197225,title,false,10,35,64
95,10074451,10071785,title,false,10,34,34
95,10167925,10071065,description,false,10,196,482
95,10074453,10117203,description,false,10,196,133
95,10074433,10071081,description,false,10,196,615
95,10167925,10159407,title,false,10,37,37
95,10074463,10064639,description,false,10,197,695
95,10074447,10137987,description,false,10,193,199
95,10074433,10138029,title,false,10,35,49
95,10074453,10021449,title,false,10,35,26
95,10074463,10029819,title,false,10,39,40
96,10216863,10196897,description,false,18,419,87
96,10242709,10157939,title,false,18,44,28
96,1010018,10243537,title,false,18,52,24
96,1010018,10244671,description,false,18,147,158
96,10133089,10157955,title,false,18,69,28
96,10133089,10214963,description,false,18,258,869
96,10216863,10002193,title,false,18,39,39
96,10242709,10231987,description,false,18,110,118
97,10180489,10182355,title,false,13,48,44
97,10170643,10263399,description,false,13,59,291
97,1013864,10263425,title,false,13,40,51
97,1010500,10255879,description,false,13,130,96
97,1013866,10255505,description,false,13,166,90
97,10145033,10268117,description,false,13,380,56
97,10262745,10244583,title,false,13,79,28
97,10256947,10268249,title,false,13,52,42
97,10235405,10244381,description,false,13,660,158
97,10144959,10264839,title,false,13,48,44
97,10262843,10145061,description,false,13,277,138
97,10205441,10145245,description,false,13,594,106
97,10244677,10255835,title,false,13,45,59
97,10262895,10157877,description,false,13,293,322
97,10262869,10144987,description,false,13,275,139
97,10262879,10244679,description,false,13,286,100
97,1010500,10243509,title,false,13,28,35
97,10145011,10268201,title,false,13,72,53
97,10262745,10255817,description,false,13,283,74
97,10262867,10182355,title,true,13,76,44
97,1010498,10263399,title,true,13,27,58
97,10144961,10263425,title,true,13,31,51
97,10170643,10255879,title,true,13,70,68
97,10145033,10255505,title,true,13,47,47
97,10262947,10182355,description,true,13,280,114
97,10144961,10263399,description,true,13,351,291
97,1017725,10263425,description,true,13,135,88
97,10262865,10255879,description,true,13,281,96
97,10256885,10255505,description,true,13,112,90
97,10256975,10268117,description,true,13,92,56
97,10262837,10244583,description,true,13,281,158
97,10262843,10268117,title,true,13,75,53
97,10262869,10244583,title,true,13,73,28
97,10243479,10268249,title,true,13,30,42
97,1010498,10268249,description,true,13,112,71
97,10145017,10244381,description,true,13,341,158
97,1013864,10264839,description,true,13,152,165
97,10262947,10244381,title,true,13,66,28
97,10262895,10264839,title,true,13,80,44
97,10243479,10145061,description,true,13,161,138
97,10001281,10145245,description,true,13,311,106
97,1017725,10145061,title,true,13,28,24
97,1013866,10145245,title,true,13,34,33
97,10235405,10255835,title,true,13,33,59
97,10256975,10243509,title,true,13,79,35
97,10262879,10157877,title,true,13,79,27
97,10144959,10255835,description,true,13,365,124
97,10145011,10157877,description,true,13,253,322
97,10262755,10144987,title,true,13,69,24
97,10180489,10144987,description,true,13,437,139
98,10048371,10266619,description,false,14,207,44
98,10173127,10266647,title,false,14,54,38
98,10264741,10001931,description,false,14,176,125
98,10264741,10251421,title,false,14,53,53
98,10173137,10266643,description,false,14,195,458
98,10037089,10258195,description,false,14,339,164
98,10173119,10019567,title,false,14,52,40
98,10048389,10241519,title,false,14,30,65
98,10180227,10173359,description,false,14,214,189
98,10173119,10173357,description,false,14,224,180
98,10048371,10001975,title,false,14,54,56
98,10173137,10239821,title,false,14,40,53
98,10235413,10266273,title,false,14,72,34
98,10235413,10258233,description,false,14,574,173
98,10048389,10266661,description,false,14,212,314
98,10180227,10001203,title,false,14,39,61
98,10173127,10080229,description,false,14,232,196
98,10037089,10130745,title,false,14,42,37
99,10244671,10127289,description,false,10,158,84
99,10145021,1020977,title,false,10,60,43
99,10244671,10207465,title,false,10,33,45
99,10145021,10220349,description,false,10,300,105
