query_id,pos_document_id,neg_document_id,field,neg_recycled,anchor_chars,positive_chars,negative_chars
1,10068569,10013641,description,false,77,123,155
1,10196249,10000747,title,false,77,65,78
1,10158627,10111105,description,false,77,126,119
1,10058203,10017671,description,false,77,140,120
1,10038921,10111129,description,false,77,95,117
1,10039367,10016755,description,false,77,145,121
1,10058199,10256901,description,false,77,139,93
1,10058339,10020179,description,false,77,132,126
1,10009775,10013025,description,false,77,127,94
1,10009623,10020145,description,false,77,130,128
1,10166763,10014677,description,false,77,124,121
1,10075725,10187483,title,false,77,59,61
1,10095231,10134173,description,false,77,138,125
1,10039387,10007801,description,false,77,154,142
1,10009671,10007595,description,false,77,132,169
1,10101395,10002833,title,false,77,54,71
1,10098527,10000657,description,false,77,125,174
1,10058499,10002825,title,false,77,88,43
1,10068567,10001251,title,false,77,65,45
1,10058435,10015831,title,false,77,63,53
1,10170215,10017923,title,false,77,67,43
1,10009621,10016727,description,false,77,140,202
1,10058453,10012721,description,false,77,130,121
1,10058181,10012795,title,false,77,75,65
1,10009617,10017391,description,false,77,120,120
1,10058305,10013541,description,false,77,139,155
1,10058535,10017831,description,false,77,149,106
1,10196233,10257047,title,false,77,71,67
1,10058223,10012783,title,false,77,71,56
1,10068583,10017869,description,false,77,123,106
1,10128353,10013703,description,false,77,126,138
1,10009619,10002707,description,false,77,156,122
1,10058399,10017913,description,false,77,126,121
1,10058469,10001975,title,false,77,71,56
1,10058387,10017835,title,false,77,76,43
1,10068611,10257031,title,false,77,67,46
1,10156749,1010500,description,false,77,133,130
1,10235537,10007811,title,false,77,75,55
1,10158641,1009547,title,false,77,74,27
1,10158755,10111121,description,false,77,133,134
1,10009647,10182315,title,false,77,80,44
1,10009681,10003387,title,false,77,85,49
1,10211983,10017079,description,false,77,125,71
1,10009773,10257023,description,false,77,140,93
1,10009711,10017053,description,false,77,124,122
1,10038921,1013866,title,false,77,91,34
1,10048073,10184275,title,false,77,79,42
10,10170661,10036431,description,false,71,45,178
10,10148361,10012863,title,false,71,65,49
10,10009611,10004171,description,false,71,125,83
10,10017113,10173641,title,false,71,64,54
10,1010498,10136033,description,false,71,112,60
10,10148345,10012761,description,false,71,60,111
10,10041745,10013487,title,false,71,57,72
10,10004161,10017427,description,false,71,62,376
10,10170363,10000583,title,false,71,66,46
10,10269809,10207133,description,false,71,120,91
10,10136201,1000494,title,false,71,58,48
10,10150241,10001251,description,false,71,60,63
10,10202235,10017031,description,false,71,172,102
10,10270099,10001773,title,false,71,53,46
10,10148361,10007763,description,false,71,147,320
10,10003277,10242863,title,false,71,49,52
10,10004179,10128145,description,false,71,75,184
10,10242711,10013237,title,false,71,58,39
10,10024767,10012971,description,false,71,57,100
10,10236115,10015921,title,false,71,55,59
10,10019869,10012959,title,false,71,61,47
10,10136037,10150015,description,false,71,60,59
10,10004179,10000805,title,false,71,54,57
10,10004181,10007611,description,false,71,75,195
10,10270053,10013617,description,false,71,104,168
10,10028843,10012917,title,false,71,52,48
10,10070729,10220617,title,false,71,49,58
10,10136157,10017771,description,false,71,69,115
10,10070729,10254489,description,false,71,60,189
10,10144531,10000751,title,false,71,61,57
10,10242855,10012433,title,false,71,48,46
10,10220737,10242833,title,false,71,55,57
10,10177215,1001062,description,false,71,47,293
10,10201823,10015997,title,false,71,52,64
10,10004181,10013055,title,false,71,65,49
10,10144531,10001849,description,false,71,71,228
10,10003075,10028635,description,false,71,57,164
10,10013261,10003213,description,false,71,82,98
10,10003417,10148367,title,false,71,58,64
10,10202235,10017007,title,false,71,70,71
10,10136157,10012881,title,false,71,52,49
10,10150581,10007713,title,false,71,66,52
10,1015476,10007683,description,false,71,204,192
10,10047999,10016997,description,false,71,138,74
10,10263185,10015151,description,false,71,117,85
100,10181909,10145677,title,false,73,45,60
100,10166971,10145677,title,true,73,86,60
100,10167821,10145677,title,true,73,50,60
100,10181867,10145677,title,true,73,43,60
100,10167843,10145677,title,true,73,55,60
100,10156877,10145677,description,true,73,456,174
100,10181885,10145677,title,true,73,36,60
100,10181909,10145677,description,true,73,196,174
100,10156877,10145677,title,true,73,59,60
100,10101529,10145677,description,true,73,199,174
100,10074201,10145677,description,true,73,203,174
100,10181913,10145677,title,true,73,31,60
100,10181893,10145677,description,true,73,191,174
100,10181899,10145677,description,true,73,204,174
100,10181823,10145677,title,true,73,37,60
100,10181783,10145677,description,true,73,208,174
100,10181893,10145677,title,true,73,37,60
100,10143543,10145677,description,true,73,262,174
100,10017439,10145677,description,true,73,222,174
100,10166937,10145677,description,true,73,233,174
100,10017429,10145677,description,true,73,220,174
100,10167837,10145677,description,true,73,241,174
100,10017439,10145677,title,true,73,52,60
100,10166937,10145677,title,true,73,54,60
100,10181759,10145677,title,true,73,48,60
100,10166959,10145677,title,true,73,67,60
100,10167821,10145677,description,true,73,227,174
100,10181833,10145677,title,true,73,47,60
100,10167851,10145677,title,true,73,49,60
100,10167851,10145677,description,true,73,226,174
100,10181885,10145677,description,true,73,193,174
100,10181821,10145677,title,true,73,46,60
100,10017429,10145677,title,true,73,51,60
100,10181869,10145677,description,true,73,195,174
100,10181867,10145677,description,true,73,196,174
100,10181869,10145677,title,true,73,52,60
100,10261367,10145677,title,true,73,50,60
100,10181759,10145677,description,true,73,227,174
100,10181809,10145677,description,true,73,234,174
100,10181809,10145677,title,true,73,52,60
100,10143543,10145677,title,true,73,54,60
100,10166959,10145677,description,true,73,253,174
100,10167837,10145677,title,true,73,63,60
100,10181883,10145677,description,true,73,194,174
100,10181823,10145677,description,true,73,194,174
100,10074201,10145677,title,true,73,47,60
100,10181883,10145677,title,true,73,32,60
100,10181913,10145677,description,true,73,192,174
100,10181783,10145677,title,true,73,38,60
100,10166971,10145677,description,true,73,243,174
101,10015145,10145313,description,false,71,78,105
101,10015171,10243435,description,false,71,73,103
101,10015149,10157901,description,false,71,79,137
101,10184387,10002761,title,false,71,56,40
101,10015151,10002193,title,false,71,62,39
101,10015141,10243537,title,false,71,61,24
101,1011672,10019567,title,false,71,25,40
101,10184387,10241519,description,false,71,74,117
101,10237425,10041421,description,false,71,84,95
101,10236763,10243563,description,false,71,81,159
101,10015155,10251421,description,false,71,72,178
101,10015161,10243499,description,false,71,79,221
101,1011679,10205395,description,false,71,155,229
101,10015165,10243509,title,false,71,55,35
101,10237427,10239821,title,false,71,57,53
101,10180905,10244381,title,false,71,49,28
101,10252481,10002337,description,false,71,82,141
101,1011679,10244421,title,false,71,17,27
101,10015159,10193621,title,false,71,52,54
101,10015171,10244149,title,false,71,51,53
101,10180905,10145245,description,false,71,77,106
101,10015151,10001773,description,false,71,85,150
101,10252481,10137043,title,false,71,58,49
101,10015153,10244679,title,false,71,59,48
101,10015167,10145033,title,false,71,53,47
101,10015167,10244583,description,false,71,75,158
101,10015153,10243479,description,false,71,81,161
101,10236763,10002195,title,false,71,53,53
101,10015161,10001573,title,false,71,57,40
101,10015165,10203233,description,false,71,77,194
101,10015149,10001931,title,false,71,57,47
101,10015141,10203229,description,false,71,83,198
101,10015145,10145323,title,false,71,56,33
101,1011672,10145313,description,true,71,128,105
101,10015159,10243435,description,true,71,74,103
101,10232793,10145313,title,true,71,56,33
101,10015155,10243435,title,true,71,50,28
101,10237425,10157901,title,true,71,62,34
101,10232793,10157901,description,true,71,1077,137
103,10234523,10236539,description,false,71,334,62
103,10168463,10197641,title,false,71,75,68
103,10245789,10001931,description,false,71,220,125
103,10197727,10241519,title,false,71,79,65
103,10197729,10001573,description,false,71,602,154
103,10144797,10266647,title,false,71,65,38
103,10234533,10002195,description,false,71,291,141
103,10197741,10251421,title,false,71,91,53
103,10234533,10019567,title,false,71,68,40
103,10168463,10111395,description,false,71,220,93
103,10075165,10243563,title,false,71,72,30
103,10236739,10263095,title,false,71,84,62
103,10236739,10238567,description,false,71,211,283
103,10197737,10241509,description,false,71,476,215
103,10197729,10266601,title,false,71,55,46
103,10197727,10243479,description,false,71,470,161
103,10245789,10027171,title,false,71,72,56
103,10075177,10241525,description,false,71,496,215
103,10144797,10111397,description,false,71,167,127
103,10075177,10001989,title,false,71,64,48
103,10225009,10111417,title,false,71,78,62
103,10271953,10145033,description,false,71,87,380
103,10225009,10235639,description,false,71,207,42
103,10197741,10266619,description,false,71,736,44
103,10075165,10002337,description,false,71,630,141
103,10234523,10040633,title,false,71,70,34
103,10271953,10134193,title,false,71,48,43
103,10197737,10197649,title,false,71,63,85
106,10220891,10051287,title,false,75,44,58
106,10220885,10027685,description,false,75,89,109
106,10220885,10030583,title,false,75,42,55
106,10242673,10029673,description,false,75,80,109
106,10242673,10016685,title,false,75,45,44
106,10220891,10030139,description,false,75,91,110
108,10185911,10001573,title,false,72,51,40
108,10091351,10027171,description,false,72,193,92
108,10207619,1001050,description,false,72,90,275
108,10186785,10240187,title,false,72,67,66
108,10207619,10001931,title,false,72,38,47
108,10185909,10251421,description,false,72,88,178
108,10185911,10111407,description,false,72,70,93
108,10255069,10243499,description,false,72,173,221
108,10091325,10001527,title,false,72,68,48
108,10091339,10001211,description,false,72,204,108
108,10185927,10001497,description,false,72,95,140
108,10255067,10251419,description,false,72,184,133
108,10091347,10266637,title,false,72,60,45
108,10091321,10241525,description,false,72,200,215
108,10185909,10243509,title,false,72,44,35
108,10255067,10040633,title,false,72,56,34
108,10234521,10002003,description,false,72,295,124
108,10186785,10001665,description,false,72,263,99
108,10224935,10266601,title,false,72,62,46
108,10091317,10266647,title,false,72,49,38
108,10255073,10111401,description,false,72,183,93
108,10185901,10241519,description,false,72,82,117
108,10224985,10002337,description,false,72,370,141
108,10091321,10231651,title,false,72,65,51
108,10186807,10231649,description,false,72,394,40
108,10224995,10266661,description,false,72,353,314
108,1011625,10266619,title,false,72,35,44
108,10234493,10157901,description,false,72,340,137
108,10255059,10019567,title,false,72,51,40
108,10091339,10001989,title,false,72,65,48
108,10185931,10001773,description,false,72,68,150
108,10255057,10179337,description,false,72,187,100
108,10186779,10002195,description,false,72,310,141
108,10091317,10111417,description,false,72,180,93
108,10255061,10001573,description,true,72,176,154
108,10091367,10027171,description,true,72,193,92
108,10255059,1001050,description,true,72,164,275
108,10225001,10240187,description,true,72,291,141
108,10186793,10001931,description,true,72,271,125
108,10207611,10001573,title,true,72,36,40
108,10255057,10027171,title,true,72,53,56
108,10185893,1001050,title,true,72,43,58
108,1011625,10251421,description,true,72,61,178
108,10185927,10240187,title,true,72,51,66
108,10091367,10001931,title,true,72,61,47
108,10255065,10251421,title,true,72,52,53
108,10255069,10111407,title,true,72,51,62
108,10234493,10243499,title,true,72,69,53
108,10091325,10111407,description,true,72,210,93
11,10025037,10174759,title,false,70,67,77
11,10256415,10089145,title,false,70,47,80
11,10032551,10038969,description,false,70,149,102
11,10185875,10185631,title,false,70,48,72
11,10161373,10185045,title,false,70,42,61
11,10032823,10185593,title,false,70,58,70
11,10032719,10185477,title,false,70,54,55
11,10032531,10002835,title,false,70,76,72
11,10032719,10089151,description,false,70,155,116
11,10178047,10002831,description,false,70,125,261
11,10178017,10185319,description,false,70,113,143
11,10032595,10003695,description,false,70,133,104
11,10032537,10185279,title,false,70,60,63
11,10032741,10089133,title,false,70,54,76
11,10032791,10185167,title,false,70,55,47
11,10032475,10185015,description,false,70,141,136
11,10032465,10002829,description,false,70,121,186
11,10185863,10016269,description,false,70,111,614
11,10178009,10185483,title,false,70,40,54
11,10032631,10185447,title,false,70,63,60
11,10032587,10185261,title,false,70,58,55
11,10161037,10185125,title,false,70,54,70
11,10260195,10185997,title,false,70,51,65
11,10032681,10185629,description,false,70,75,164
11,10177965,10185025,description,false,70,109,123
11,10032707,10185051,description,false,70,113,131
11,10178013,10185173,description,false,70,277,163
11,10178009,10002455,description,false,70,104,288
11,10025037,10185037,description,false,70,137,119
11,10178017,10185239,title,false,70,49,71
11,10178027,10185017,title,false,70,41,78
11,10185875,10001157,description,false,70,103,103
11,10178047,10027385,title,false,70,44,42
11,10032459,10185321,title,false,70,56,64
11,10256415,10185559,description,false,70,83,151
11,10244549,10075177,title,false,70,29,64
11,10032707,10174759,title,true,70,39,77
11,10032637,10089145,title,true,70,58,80
11,10032551,10038969,title,true,70,50,42
11,10185863,10185631,title,true,70,50,72
11,10244301,10174759,description,true,70,314,115
11,10032643,10089145,description,true,70,165,123
11,10260195,10038969,description,true,70,154,102
11,10000901,10185631,description,true,70,119,175
11,10244469,10185045,title,true,70,36,61
11,10135081,10185593,title,true,70,60,70
11,10178013,10185477,title,true,70,56,55
11,10134909,10002835,title,true,70,63,72
11,10032531,10185045,description,true,70,130,105
110,10021145,10260243,description,false,71,83,219
110,10206755,10231811,description,false,71,127,99
110,10164429,10158165,description,false,71,282,676
110,10206769,10266647,title,false,71,40,38
110,10207019,10205535,description,false,71,136,100
110,10207129,10243509,title,false,71,55,35
110,10185081,10208593,description,false,71,130,99
110,10238421,10208587,description,false,71,188,98
110,10238397,10202281,title,false,71,39,48
110,10207103,10223319,description,false,71,139,100
110,10193961,10255051,description,false,71,69,103
110,10172905,10222929,title,false,71,66,54
110,1003783,10019567,title,false,71,30,40
110,10197067,10091317,description,false,71,136,180
110,10185027,10260243,description,true,71,133,219
110,10206763,10266647,title,true,71,43,38
110,10207009,10231811,description,true,71,122,99
110,10185543,10260243,title,true,71,54,78
110,1003781,10243509,title,true,71,17,35
110,10074625,10231811,title,true,71,45,44
110,1003783,10158165,description,true,71,107,676
110,10197067,10158165,title,true,71,58,79
110,10193935,10205535,title,true,71,56,45
110,10238397,10205535,description,true,71,117,100
110,10255013,10208593,title,true,71,55,44
110,10193929,10208593,description,true,71,95,99
110,10207019,10208587,title,true,71,58,43
110,10197665,10208587,description,true,71,616,98
110,10207021,10202281,description,true,71,138,103
110,10016747,10202281,title,true,71,51,48
110,10172921,10223319,description,true,71,117,100
110,10178919,10223319,title,true,71,53,45
110,10164429,10255051,title,true,71,67,44
110,10234491,10222929,title,true,71,70,54
110,10206899,10255051,description,true,71,101,103
110,10021167,10222929,description,true,71,88,109
110,10246991,10091317,description,true,71,62,180
110,10246991,10019567,title,true,71,51,40
110,10207129,10260243,description,true,71,141,219
110,10207009,10091317,title,true,71,37,49
110,10172907,10266647,title,true,71,49,38
110,10021145,10260243,title,true,71,44,78
110,10185627,10243509,title,true,71,50,35
110,10258063,10231811,title,true,71,70,44
110,10255013,10231811,description,true,71,196,99
110,10172905,10158165,description,true,71,134,676
110,10234491,10205535,description,true,71,383,100
110,10238421,10158165,title,true,71,53,79
110,10206755,10205535,title,true,71,41,45
110,10185627,10208593,description,true,71,85,99
111,10243463,10244569,description,false,74,79,78
111,10244303,10101105,title,false,74,34,47
111,10101129,10244313,description,false,74,57,62
111,10264983,10020061,description,false,74,169,84
111,10274645,10244483,description,false,74,55,50
111,10000369,10005969,description,false,74,46,61
111,10205427,10005903,title,false,74,49,83
111,10274645,10243457,title,false,74,40,34
111,10071499,10244489,title,false,74,44,35
111,10129605,10145319,description,false,74,62,66
111,10145323,10244595,description,false,74,105,139
111,10129601,10164207,title,false,74,48,81
111,10197221,10145271,description,false,74,67,50
111,10145295,10144991,title,false,74,37,33
111,10245441,10071503,title,false,74,58,49
111,10188253,10145341,title,false,74,40,36
111,10101607,10005971,title,false,74,45,74
111,10180681,10101131,title,false,74,33,47
111,10013361,10145303,title,false,74,62,40
111,10101619,10101119,title,false,74,49,47
111,10244443,10244593,title,false,74,46,37
111,10244513,10244581,description,false,74,63,87
111,10145245,10145269,title,false,74,33,36
111,10101121,10144967,title,false,74,54,39
111,10243509,10244317,title,false,74,35,40
111,10180923,10246499,description,false,74,56,159
111,10244447,10145309,title,false,74,37,36
111,10244443,10064857,description,false,74,64,116
111,10101121,10030295,description,false,74,79,124
111,10153925,10244431,title,false,74,76,37
111,10101129,10145005,title,false,74,42,33
111,10197225,10145335,title,false,74,64,36
111,10153925,10121941,description,false,74,134,59
111,10000107,10145343,title,false,74,41,48
111,10264983,10244569,title,true,74,63,35
111,10000107,10244569,description,true,74,55,78
111,10101607,10101105,description,true,74,54,59
111,10244513,10101105,title,true,74,38,47
111,10121853,10244313,description,true,74,57,62
111,10188253,10020061,description,true,74,56,84
111,10145333,10244483,description,true,74,108,50
111,10205427,10005969,description,true,74,101,61
111,10121853,10244313,title,true,74,68,37
111,10243463,10020061,title,true,74,35,65
111,10205425,10005903,description,true,74,56,88
112,10234495,10111401,title,false,75,57,62
112,10234549,10244583,description,false,75,107,158
112,10234545,10157901,description,false,75,120,137
112,10234511,10244285,title,false,75,50,37
112,10043077,10074611,description,false,75,417,86
112,10043077,10096225,title,false,75,54,55
112,10053963,1010554,title,false,75,30,48
112,10234511,10111407,description,false,75,266,93
112,10234551,10243523,title,false,75,34,33
112,10234495,10244373,description,false,75,298,123
112,10234551,10054047,description,false,75,103,339
112,10234553,10207335,title,false,75,54,57
112,10234553,10015921,description,false,75,129,340
112,10234549,10121933,title,false,75,46,43
112,10139057,10244421,title,false,75,65,27
112,10234505,10205425,description,false,75,342,56
112,10234505,10157877,title,false,75,66,27
112,10139057,10121943,description,false,75,276,144
112,10053963,10072523,description,false,75,89,151
112,10234545,10216861,title,false,75,48,48
113,10260039,10059721,description,false,72,141,93
113,10231553,10089433,title,false,72,85,69
113,10157913,10155977,title,false,72,33,70
113,10260055,10089225,title,false,72,45,42
113,10143857,10089413,title,false,72,58,73
113,10030679,10060111,description,false,72,354,128
113,10260055,10217835,description,false,72,168,1016
113,10106299,10030295,description,false,72,479,124
113,1000507,10030013,description,false,72,117,108
113,1000507,10089335,title,false,72,33,70
113,10143829,10089423,title,false,72,51,66
113,10232643,10089385,title,false,72,61,71
113,10143845,10013269,title,false,72,50,42
113,10157913,10059919,description,false,72,92,118
113,10231599,10089323,description,false,72,666,262
113,10259957,10060465,title,false,72,45,67
113,10143845,10089347,description,false,72,64,260
113,10106119,10059721,title,true,72,69,57
113,10143857,10059721,description,true,72,70,93
113,10143789,10089433,description,true,72,102,260
113,10106267,10089433,title,true,72,67,69
113,10143789,10155977,title,true,72,46,70
113,10106211,10089225,title,true,72,75,42
113,10231599,10089413,title,true,72,86,73
113,10106181,10060111,title,true,72,83,69
113,10106267,10155977,description,true,72,435,134
113,10106183,10217835,title,true,72,61,81
113,10259957,10089225,description,true,72,81,91
113,10106183,10089413,description,true,72,489,260
113,10259959,10030295,title,true,72,50,63
113,10260047,10030013,title,true,72,40,51
113,10143867,10089335,title,true,72,51,70
113,10143829,10060111,description,true,72,99,128
113,10106181,10217835,description,true,72,339,1016
113,10259959,10030295,description,true,72,126,124
113,10030665,10030013,description,true,72,342,108
113,10143959,10089335,description,true,72,65,260
113,10106119,10089423,description,true,72,513,262
113,10143975,10089385,description,true,72,64,260
113,10143757,10013269,description,true,72,94,105
113,10231567,10089423,title,true,72,57,66
113,10231553,10059919,description,true,72,619,118
113,10232643,10089323,description,true,72,454,262
113,10020911,10060465,description,true,72,323,122
113,10020911,10089385,title,true,72,80,71
114,10248349,10111007,title,false,73,38,39
114,10137987,10080179,description,false,73,199,94
114,10242895,10080183,title,false,73,34,44
114,10117203,10117227,description,false,73,133,171
114,10117203,10063631,title,false,73,25,48
114,10137987,10117251,title,false,73,42,44
114,10266951,10001931,description,false,73,198,125
114,10063557,10080177,description,false,73,188,94
114,10117065,10117233,title,false,73,33,44
114,10021449,10101691,title,false,73,26,34
114,10036981,10080175,title,false,73,36,44
114,10159405,10063693,description,false,73,137,127
114,10242891,10117265,description,false,73,471,171
114,10092025,10080181,description,false,73,636,100
114,10137101,10117239,description,false,73,1027,171
114,10241331,10080187,description,false,73,205,94
114,10021447,10111007,description,true,73,189,133
114,10274555,10080179,description,true,73,133,94
114,10242895,10080183,description,true,73,616,94
114,10117195,10111007,title,true,73,25,39
114,10117195,10117227,description,true,73,141,171
114,10274547,10063631,description,true,73,137,124
114,10021449,10117251,description,true,73,189,171
114,10247655,10001931,description,true,73,221,125
114,10137101,10080179,title,true,73,47,44
114,10224509,10080183,title,true,73,27,44
114,10159395,10080177,description,true,73,141,94
114,10159407,10117227,title,true,73,37,44
114,10241325,10117233,description,true,73,203,173
114,10029687,10101691,description,true,73,140,235
114,10127783,10080175,description,true,73,188,100
114,10117173,10063693,description,true,73,141,127
114,10137043,10063631,title,true,73,49,48
114,10006031,10117251,title,true,73,43,44
114,10064639,10117265,description,true,73,695,171
114,10117173,10001931,title,true,73,33,47
114,10274555,10080177,title,true,73,23,44
114,10117201,10080181,description,true,73,139,100
114,10173851,10117239,description,true,73,132,171
114,10203643,10080187,description,true,73,186,94
114,10137319,10117233,title,true,73,54,44
114,10117157,10101691,title,true,73,37,34
114,10029687,10080175,title,true,73,26,44
114,10247655,10063693,title,true,73,29,34
114,10127771,10111007,description,true,73,192,133
115,10220659,10253773,title,false,74,56,63
115,10243563,10205401,description,false,74,159,244
115,10185561,10243537,description,false,74,72,136
115,10206943,10145033,description,false,74,92,380
115,10185653,10013549,description,false,74,69,78
115,10243499,10244421,description,false,74,221,121
115,10243499,10243509,title,false,74,53,35
115,10243473,10238553,title,false,74,34,56
115,10185561,10238547,title,false,74,42,57
115,10207133,10149231,description,false,74,91,79
115,10207379,10013581,description,false,74,76,107
115,10220677,10205633,title,false,74,60,60
115,10019869,10213481,description,false,74,130,98
115,10220677,10235889,description,false,74,107,78
115,10166441,10166793,title,false,74,34,51
115,10243435,10157901,title,false,74,28,34
115,10269809,10085981,description,false,74,120,106
115,10206867,10213475,description,false,74,92,94
115,10170161,10253767,description,false,74,44,101
115,10242691,10206021,description,false,74,66,100
115,10206751,10239821,title,false,74,53,53
115,10246451,10244679,title,false,74,69,48
115,10252509,10205425,description,false,74,115,56
115,10186043,10026241,title,false,74,63,54
115,10207069,10260315,title,false,74,36,55
115,10019869,10205403,title,false,74,61,38
115,10246451,10205399,description,false,74,64,224
115,10252595,10085969,title,false,74,62,57
115,10207069,10241525,description,false,74,99,215
115,10185077,10141827,title,false,74,41,53
115,10270099,10205701,title,false,74,53,52
115,10206975,10205655,title,false,74,66,51
115,10252613,10235405,title,false,74,57,33
115,10170161,10026255,title,false,74,67,57
115,10207157,10089045,title,false,74,56,47
115,10206969,10238555,title,false,74,48,57
115,10243473,10205385,description,false,74,163,234
115,10185653,10205395,title,false,74,55,50
115,10242691,10241509,title,false,74,66,68
115,10270099,10238549,description,false,74,98,107
115,10220711,10149997,description,false,74,97,73
115,10207133,10145021,title,false,74,42,60
115,10206957,10019833,description,false,74,97,96
115,10269809,10074401,title,false,74,65,51
115,10242659,10244677,title,false,74,58,45
115,10220667,10180919,description,false,74,100,43
115,10206751,10206035,description,false,74,102,75
115,10243435,10134417,description,false,74,103,104
116,10259963,10248573,title,false,70,45,51
116,10259963,10239617,description,false,70,110,163
117,10218293,10157901,title,false,67,43,34
117,10259467,10157877,title,false,67,42,27
117,10062775,10145039,title,false,67,43,32
117,10259443,10271401,description,false,67,74,56
117,10181651,10255413,description,false,67,86,95
117,10236385,10106267,title,false,67,46,67
117,10157485,10238799,title,false,67,48,49
117,10157431,10137145,description,false,67,82,1025
117,10259467,10244381,description,false,67,87,158
117,10259457,10244583,description,false,67,250,158
117,10236439,10247253,title,false,67,32,49
117,10187981,10002807,title,false,67,52,60
117,10110771,10145061,title,false,67,48,24
117,10252525,10106049,title,false,67,65,63
117,10062775,10167957,description,false,67,52,544
117,10187931,10144987,description,false,67,109,139
117,10218293,10020899,description,false,67,89,396
117,10110737,10144983,title,false,67,69,24
117,10185717,10002809,title,false,67,51,49
117,10129337,10137043,title,false,67,59,49
117,10263425,10145027,description,false,67,88,127
117,10187951,10099633,title,false,67,52,58
117,10259411,10145019,title,false,67,39,32
117,10187981,10145041,description,false,67,83,121
117,10187881,10002805,description,false,67,107,3010
117,10252497,10137319,description,false,67,109,841
117,10188055,10106119,title,false,67,48,69
117,10128885,10145031,description,false,67,121,127
117,10110771,10137101,description,false,67,94,1027
117,10267097,10243509,title,false,67,49,35
117,10236393,10106081,description,false,67,324,512
117,10128879,10244371,title,false,67,32,36
117,10110737,10203341,description,false,67,105,98
117,10185717,10157901,description,true,67,71,137
117,10188047,10157877,description,true,67,109,322
117,10187931,10157901,title,true,67,71,34
117,10188139,10145039,description,true,67,91,121
117,10259479,10157877,title,true,67,44,27
117,10128879,10271401,description,true,67,156,56
117,10128873,10255413,description,true,67,159,95
117,10181651,10145039,title,true,67,59,32
117,10158921,10271401,title,true,67,49,36
117,10259443,10255413,title,true,67,40,52
117,10267097,10106267,description,true,67,95,435
117,10259427,10106267,title,true,67,41,67
117,10187881,10238799,title,true,67,57,49
119,10211875,10017443,description,false,77,127,392
119,10211875,10167851,title,false,77,51,49
12,10242891,10208781,description,false,70,471,141
12,10029811,10117065,description,false,70,130,141
12,10248447,10036081,description,false,70,265,165
12,10248349,10044699,description,false,70,411,233
12,10071073,10036077,title,false,70,41,41
12,10064639,10007721,title,false,70,58,65
12,10071081,10029299,title,false,70,36,55
12,10248355,10080177,description,false,70,571,94
12,10248447,10002441,title,false,70,54,25
12,10248557,10071317,description,false,70,854,195
12,10262341,10005995,title,false,70,49,36
12,10075937,10035977,title,false,70,48,33
12,10243977,10044701,description,false,70,505,233
12,10137231,10029253,title,false,70,49,47
12,10029731,10044109,title,false,70,42,33
12,10173883,10030339,title,false,70,40,43
12,10182143,10029267,description,false,70,683,201
12,10248495,10080175,description,false,70,257,100
12,10137127,10044667,description,false,70,660,253
12,10071051,1005386,description,false,70,189,245
12,10243959,10006051,title,false,70,37,39
12,10137167,10006077,title,false,70,41,31
12,10137145,10038835,title,false,70,46,35
12,10248247,10080179,title,false,70,44,44
12,10029717,10080181,description,false,70,134,100
12,10029745,10006029,title,false,70,35,36
12,10029717,10063489,title,false,70,41,44
12,10124997,10030423,title,false,70,52,49
12,10253421,10159405,title,false,70,47,32
12,10071081,10063511,description,false,70,615,246
12,10018287,10029207,description,false,70,208,159
12,10262089,10035999,description,false,70,211,156
12,10262085,10117201,description,false,70,213,139
12,10063569,10063519,title,false,70,35,42
12,10248341,10030411,title,false,70,55,35
12,10248331,10119531,description,false,70,195,137
12,10101427,10007811,description,false,70,186,203
12,10071097,10117157,description,false,70,185,145
12,10029819,10063529,description,false,70,140,250
12,10075937,10129617,description,false,70,698,138
12,10137337,10029259,title,false,70,50,36
12,10243995,10122041,description,false,70,190,135
12,10248373,10029157,title,false,70,47,39
12,10029805,10129623,title,false,70,44,33
12,10243989,10080173,description,false,70,500,104
12,10182147,10063507,description,false,70,185,266
120,10255051,1003783,title,false,72,44,30
120,10231811,10185315,description,false,72,99,136
120,10208561,10234491,description,false,72,109,383
120,10255053,10185331,description,false,72,105,90
120,10208587,10039711,description,false,72,98,96
120,10208607,10021167,description,false,72,120,88
120,10208633,10206765,description,false,72,110,113
120,10208613,10185027,title,false,72,46,56
120,10208633,10016747,title,false,72,53,51
120,10222929,10266019,description,false,72,109,153
120,10158165,10185165,title,false,72,79,47
120,10255043,10021145,title,false,72,46,44
120,10208603,10207129,title,false,72,50,55
120,10208567,10234485,description,false,72,110,371
120,10202281,10107021,title,false,72,48,60
120,10202281,1003781,description,false,72,103,171
120,10255051,10185423,description,false,72,103,93
120,10208603,1003783,description,true,72,100,107
120,10091247,10185315,description,true,72,103,136
120,10208607,1003783,title,true,72,63,30
120,10222933,10234491,description,true,72,101,383
120,10255045,10185331,description,true,72,104,90
120,10208561,10185315,title,true,72,52,47
120,10208547,10234491,title,true,72,58,70
120,10158165,10039711,description,true,72,676,96
120,10222933,10185331,title,true,72,46,53
120,10205533,10039711,title,true,72,46,48
120,10222929,10021167,title,true,72,54,57
120,10208559,10206765,title,true,72,46,50
120,10208579,10021167,description,true,72,101,88
120,10223319,10206765,description,true,72,100,113
120,10208547,10185027,description,true,72,115,133
120,10255047,10185027,title,true,72,52,56
120,10255045,10016747,title,true,72,49,51
120,10223319,10266019,title,true,72,45,47
120,10255047,10016747,description,true,72,113,159
120,10091247,10185165,title,true,72,44,47
120,10202283,10266019,description,true,72,118,153
120,10208567,10021145,title,true,72,55,44
120,10208587,10207129,title,true,72,43,55
120,10202283,10234485,title,true,72,44,64
120,10208559,10185165,description,true,72,101,138
121,10145017,1013866,title,false,66,46,34
121,10136563,10243509,title,false,66,74,35
121,10144959,10196897,title,false,66,48,43
121,10256949,10145079,title,false,66,75,21
121,10144959,10038919,description,false,66,365,128
121,10197125,1010498,title,false,66,59,27
121,10256885,10235389,title,false,66,54,31
121,10257047,1013864,title,false,66,67,40
121,10257007,1009552,title,false,66,50,27
121,10145033,10167911,title,false,66,47,71
121,10256917,10197221,title,false,66,71,65
121,10256979,10243479,description,false,66,140,161
121,10257011,10205441,title,false,66,63,35
121,10257031,10235405,description,false,66,77,660
121,10256949,1009547,description,false,66,143,242
121,10256975,10255793,title,false,66,79,48
121,10256911,1010500,description,false,66,94,130
121,10257045,10038925,description,false,66,125,122
121,10256887,10038915,description,false,66,123,142
121,10244677,10170487,title,false,66,45,70
121,10257047,10196893,description,false,66,96,96
121,10256929,10243563,description,false,66,96,159
121,10256915,10235395,description,false,66,132,105
121,10136525,10170283,title,false,66,74,69
121,10256885,10038921,description,false,66,112,95
121,10136581,10167919,description,false,66,130,132
121,10256963,10235369,title,false,66,55,31
121,10136525,10001281,description,false,66,135,311
121,10256911,10235375,title,false,66,80,31
121,10256975,10038933,description,false,66,92,129
121,10144961,1017725,title,false,66,31,28
121,10256979,10197225,title,false,66,74,64
121,10145017,10235355,description,false,66,341,105
121,10256963,1013866,description,true,66,124,166
121,10256867,1013866,title,true,66,62,34
121,10197125,10196897,description,true,66,126,87
121,10257031,10243509,title,true,66,46,35
121,10244677,10145079,description,true,66,84,240
121,10257013,10038919,description,true,66,149,128
123,10050725,10179289,description,false,69,188,136
123,10050725,10040633,title,false,69,23,34
123,10050735,10179321,title,false,69,24,80
123,10050735,10027171,description,false,69,190,92
124,10244575,10159241,title,false,68,42,33
124,10244371,10266647,title,false,68,36,38
124,10244371,10002195,description,false,68,227,141
124,10244575,10244381,description,false,68,114,158
124,10145065,10244525,description,false,68,139,103
124,10244385,10001573,description,false,68,133,154
124,10145065,10252455,title,false,68,41,50
124,10244385,10244677,title,false,68,47,45
124,10145021,10017495,title,false,68,60,58
124,10145021,10117025,description,false,68,300,114
125,10054037,10027171,title,false,73,44,56
125,10015863,10140437,title,false,73,57,44
125,10238563,10111393,title,false,73,55,56
125,10040171,10002003,description,false,73,351,124
125,10040177,10001975,title,false,73,57,56
125,10238563,10225009,description,false,73,166,207
125,10217063,10002195,description,false,73,264,141
125,10054047,10205395,description,false,73,339,229
125,10015863,10243499,description,false,73,148,221
125,10054047,10040633,title,false,73,44,34
125,10015921,10266601,title,false,73,59,46
125,10040177,10001573,description,false,73,360,154
125,10217109,10206035,title,false,73,79,28
125,10054037,10265419,description,false,73,339,71
125,10238567,10030581,title,false,73,73,59
125,10217063,10147243,title,false,73,52,50
125,10015921,10031565,description,false,73,340,65
125,10217109,10274393,description,false,73,307,109
125,10040171,10244381,title,false,73,52,28
125,10238567,10241519,description,false,73,283,117
126,10145685,10197221,description,false,72,174,67
126,10145683,10231009,title,false,72,68,34
126,10145683,10167241,description,false,72,123,333
126,10145685,10001585,title,false,72,60,47
126,10145677,10244583,title,false,72,60,28
127,10006191,10138679,title,false,76,60,64
127,1010018,1027237,description,false,76,147,223
127,10216863,10157901,description,false,76,419,137
127,10003051,10138301,description,false,76,127,109
127,1010018,10250615,title,false,76,52,49
127,10006199,10138297,description,false,76,78,92
127,10039969,10003199,title,false,76,61,58
127,10003259,10242393,description,false,76,101,133
127,10003051,10138435,title,false,76,58,65
127,10162059,10003081,description,false,76,92,159
127,10003259,10138927,title,false,76,58,66
127,10162059,10138679,title,true,76,52,64
127,10039969,10138679,description,true,76,77,92
127,10216863,1027237,title,true,76,39,62
127,10006191,1027237,description,true,76,95,223
128,10006017,10063693,title,false,76,35,34
128,10137545,10243499,description,false,76,193,221
128,10044699,10241793,title,false,76,33,50
128,10006017,10144987,description,false,76,237,139
128,10006019,10217131,title,false,76,39,57
128,10201167,10015819,description,false,76,244,91
128,10029253,1001060,description,false,76,214,263
128,10006063,10019567,title,false,76,36,40
128,10035999,10241519,description,false,76,156,117
128,10063507,10217093,description,false,76,266,395
128,10044701,10241785,description,false,76,233,728
128,10201277,10254613,description,false,76,160,108
128,10029399,10266647,title,false,76,35,38
128,1005386,10117239,description,false,76,245,171
128,10035999,10239821,title,false,76,41,53
128,10006063,10001931,description,false,76,239,125
128,10201277,10241779,title,false,76,46,52
128,10006019,10001573,description,false,76,241,154
128,10044667,10241783,title,false,76,41,66
128,10156289,10217145,description,false,76,139,219
128,10029315,10237315,title,false,76,38,43
128,10044701,10029687,title,false,76,33,26
128,10163945,10028763,description,false,76,220,66
128,10035977,10205399,description,false,76,165,224
128,10163945,10015913,title,false,76,49,47
128,10029253,10015919,title,false,76,47,52
128,10029399,10144983,description,false,76,191,133
128,10063511,10217111,description,false,76,246,331
128,10063519,10244421,title,false,76,42,27
128,10201293,10243537,title,false,76,51,24
128,10029161,10217089,title,false,76,37,74
128,10006029,10001585,description,false,76,263,170
128,10111179,10130745,title,false,76,30,37
128,10111179,10036461,description,false,76,107,110
128,10201189,10205395,description,false,76,187,229
128,10201167,10274547,title,false,76,51,27
128,10044667,10266661,description,false,76,253,314
128,10029167,10028581,description,false,76,207,111
128,10156289,10117265,title,false,76,53,44
128,10029167,10025541,title,false,76,51,62
128,10201189,10030151,title,false,76,52,50
128,10006029,10018841,title,false,76,36,49
128,10029161,10029503,description,false,76,235,110
128,10044699,10117233,description,false,76,233,173
129,10271953,10258355,description,false,75,87,602
129,10234525,10205475,title,false,75,73,36
129,10234525,10157939,description,false,75,305,85
129,10225009,10111397,title,false,75,78,56
129,10225009,10251421,description,false,75,207,178
129,10271953,10017237,title,false,75,48,27
13,10025543,10014361,description,false,72,397,71
13,1010546,10015161,title,false,72,52,57
13,10024945,10015165,title,false,72,53,55
13,10020223,10030221,description,false,72,318,58
13,10241801,10002151,title,false,72,67,43
13,10040171,10004155,description,false,72,351,119
13,10024935,10000245,description,false,72,313,59
13,10026855,10072511,title,false,72,55,44
13,10241779,10017869,description,false,72,319,106
13,10020329,10238927,title,false,72,59,33
13,10234813,10072523,description,false,72,84,151
13,10025539,10017833,description,false,72,311,121
13,10054047,10000215,description,false,72,339,61
13,10217131,10006015,title,false,72,57,46
13,10025543,10004053,title,false,72,66,56
13,10026855,10017923,description,false,72,308,106
13,10015919,10236695,description,false,72,326,152
13,10238557,10130745,title,false,72,39,37
13,1010554,10096225,description,false,72,473,149
13,10217093,10239821,title,false,72,53,53
13,10020307,10005911,description,false,72,341,53
13,10054047,10121933,title,false,72,44,43
13,10024927,10006003,description,false,72,327,156
13,10241783,10202599,description,false,72,400,101
13,10015915,10012433,title,false,72,58,46
13,10241793,10035807,title,false,72,50,46
13,10239511,10121997,description,false,72,329,159
13,10015921,10011181,description,false,72,340,87
13,10020307,10002193,title,false,72,56,39
13,10024581,10017079,description,false,72,315,71
13,10025541,10016685,title,false,72,62,44
13,10015915,10015151,description,false,72,411,85
13,10015919,10015159,title,false,72,52,52
13,10234797,10035825,description,false,72,190,58
13,10241781,10017031,title,false,72,56,70
13,10026845,10266661,title,false,72,56,45
13,10025539,10121945,title,false,72,55,38
13,10238563,10006039,title,false,72,55,32
13,10217093,10030141,description,false,72,395,56
13,10241783,10243537,title,false,72,66,24
13,10217089,10015167,description,false,72,376,75
13,10024581,10017913,title,false,72,46,55
13,1010542,10121929,description,false,72,408,154
13,10238561,10012373,title,false,72,54,46
13,10217111,10002181,title,false,72,69,59
13,10217063,10001975,title,false,72,52,56
13,1010546,10014735,description,false,72,368,126
131,10244671,10041421,title,false,67,33,59
131,10244671,10186047,description,false,67,158,105
131,10247475,10233269,title,false,67,54,27
131,10244695,10274065,title,false,67,27,39
131,10247475,10013605,description,false,67,118,184
131,10244695,10017495,description,false,67,76,155
134,10063995,10019559,title,false,72,51,39
134,10002791,10111401,description,false,72,240,93
134,10064015,10241519,title,false,72,50,65
134,10063995,10234503,description,false,72,232,349
134,10002791,10147833,title,false,72,44,50
134,10202279,10251419,title,false,72,40,63
134,10064015,10001203,description,false,72,230,149
134,10177627,10001211,title,false,72,44,53
134,10202279,10147841,description,false,72,320,56
134,10002785,10179289,description,false,72,242,136
134,10177627,10243499,description,false,72,324,221
134,10177629,10111393,description,false,72,318,127
134,10096481,10111417,description,false,72,244,93
134,10096481,10002003,title,false,72,39,52
134,10002785,10235639,title,false,72,45,32
135,10013727,10236211,title,false,72,65,63
135,10013515,10041841,title,false,72,55,50
135,10193865,10236179,description,false,72,200,847
135,10231789,10019255,title,false,72,55,88
135,10193869,10041421,description,false,72,102,95
135,10013581,10248055,description,false,72,107,207
135,10013581,10041877,title,false,72,64,48
135,10231721,10019239,title,false,72,59,88
135,10013595,10206969,title,false,72,68,48
135,10216747,10014725,description,false,72,100,114
135,10193873,10176757,title,false,72,48,50
135,10193861,10019257,title,false,72,62,88
135,10193869,10041873,title,false,72,63,47
135,10231789,10176805,description,false,72,112,113
135,10013549,10234537,title,false,72,55,64
135,10013565,10041847,title,false,72,67,46
135,10193867,10012761,description,false,72,152,111
135,10193875,10019233,title,false,72,62,88
135,10193867,10012757,title,false,72,41,49
135,10193871,10019279,description,false,72,197,600
135,10013515,10164713,description,false,72,79,101
135,10216747,10106181,title,false,72,57,83
135,10013727,10041835,description,false,72,128,1026
135,10216745,10019245,title,false,72,46,88
135,10231721,10050673,description,false,72,135,89
135,10193871,10019247,title,false,72,55,88
135,10013565,10236183,description,false,72,111,847
135,10013549,10089045,description,false,72,78,98
135,10193861,10206943,description,false,72,171,92
135,10193865,10248023,title,false,72,59,54
135,10193875,10248059,description,false,72,185,209
135,10193873,10041871,description,false,72,174,1025
135,10013595,10164531,description,false,72,102,102
135,10216745,10206957,description,false,72,111,97
137,10012741,10092535,title,false,77,37,63
137,10239619,10239821,title,false,77,47,53
137,10027097,10240187,description,false,77,773,141
137,10018931,10266647,title,false,77,84,38
137,10018983,10132059,description,false,77,585,122
137,10174335,10001573,description,false,77,59,154
137,10018931,10092535,description,true,77,457,204
137,10132133,10240187,description,true,77,60,141
137,10098655,10239781,title,false,77,45,64
137,10132123,10089313,title,false,77,48,35
137,10018985,10132059,description,true,77,576,122
137,10132139,10001573,description,true,77,65,154
137,10012741,10092535,description,true,77,47,204
137,10018985,10092535,title,true,77,63,63
137,10012721,10239821,title,true,77,79,53
137,10098661,10240187,description,true,77,66,141
137,10098657,10132059,description,true,77,68,122
137,10132125,10266647,title,true,77,45,38
137,10012715,10240187,title,true,77,53,66
137,10239619,10001573,description,true,77,59,154
137,10098661,10239781,title,true,77,57,64
137,10012715,10092535,description,true,77,81,204
137,10132133,10132059,title,true,77,45,62
137,10098657,10089313,title,true,77,48,35
137,10207207,10001573,title,true,77,55,40
137,10132123,10240187,description,true,77,136,141
137,10012719,10092535,title,true,77,57,63
137,10027097,10239821,title,true,77,70,53
137,10012705,10266647,title,true,77,54,38
137,10174335,10240187,title,true,77,47,66
137,10207207,10132059,description,true,77,841,122
137,10098655,10001573,description,true,77,179,154
137,10018983,10239781,title,true,77,77,64
137,10012729,10132059,title,true,77,32,62
137,10012719,10092535,description,true,77,135,204
137,10012721,10240187,description,true,77,121,141
137,10132125,10132059,description,true,77,77,122
138,10073625,10145021,description,false,75,177,300
138,10248971,10265887,description,false,75,137,698
138,10254771,10243563,title,false,75,40,30
138,10073653,10256035,description,false,75,190,140
138,10073661,10244679,description,false,75,188,100
138,10092533,10130745,title,false,75,36,37
138,10073623,10251421,description,false,75,212,178
138,10073659,10001931,title,false,75,28,47
138,10073635,10244385,description,false,75,207,133
138,10254773,10266661,description,false,75,105,314
138,10035405,10180919,description,false,75,95,43
138,10186155,10106749,title,false,75,34,32
138,10186693,10145033,description,false,75,89,380
138,10186693,10239821,title,false,75,26,53
138,10186413,10244469,title,false,75,45,36
138,10186129,10157901,title,false,75,36,34
138,10186329,10233269,description,false,75,163,104
138,10186413,10274015,description,false,75,160,96
138,10186329,10266647,title,false,75,48,38
138,10186429,10193867,description,false,75,155,152
138,10073643,10244311,description,false,75,210,240
138,10073643,1008985,title,false,75,32,50
138,10252731,10205395,title,false,75,39,50
138,10073679,10244671,description,false,75,207,158
138,10073685,10205399,title,false,75,35,48
138,10073635,10243509,title,false,75,29,35
138,10252731,10244381,description,false,75,123,158
138,10073681,10274079,title,false,75,30,35
138,10186717,10244583,description,false,75,180,158
138,10186309,10243479,title,false,75,36,30
138,10073661,10243499,title,false,75,27,53
138,10092533,1008976,description,false,75,178,47
138,10179075,10243537,description,false,75,139,136
138,10073749,10145021,description,true,75,191,300
138,10248995,10265887,description,true,75,120,698
138,10073653,10145021,title,true,75,29,60
138,10254767,10265887,title,true,75,48,42
138,10035427,10243563,title,true,75,50,30
138,10186559,10256035,title,true,75,37,39
138,10073645,10130745,title,true,75,28,37
138,10186155,10243563,description,true,75,144,159
138,10073749,10244679,title,true,75,40,48
138,10254771,10256035,description,true,75,98,140
138,10186717,10251421,title,true,75,47,53
138,10073659,10244679,description,true,75,206,100
138,10035427,10251421,description,true,75,111,178
138,10073679,10001931,title,true,75,44,47
138,10186305,10001931,description,true,75,146,125
138,10073685,10244385,description,true,75,213,133
139,10206975,10111417,title,false,69,66,62
139,10258273,10134193,description,false,69,289,53
139,10260233,10266619,description,false,69,187,44
139,10179599,10019567,title,false,69,57,40
139,10179743,10001573,description,false,69,193,154
139,10127933,10240187,description,false,69,264,141
139,10268827,10266637,title,false,69,74,45
139,10207639,10251421,title,false,69,57,53
139,10001511,10251419,description,false,69,78,133
139,10260239,10243499,description,false,69,155,221
139,10267605,10241519,description,false,69,149,117
139,10002833,10001989,title,false,69,71,48
139,10206759,10111401,description,false,69,91,93
139,10260233,10266647,title,false,69,49,38
139,10002833,10256371,description,false,69,262,117
139,10258273,10001773,title,false,69,62,46
139,10267605,10234581,title,false,69,57,40
139,10258533,10231649,description,false,69,222,40
139,10234541,10040633,title,false,69,67,34
139,10179599,1001050,description,false,69,278,275
139,10127943,10002003,description,false,69,265,124
139,10260243,10002195,description,false,69,219,141
139,10179739,10243509,title,false,69,63,35
139,10206975,10193935,description,false,69,90,105
139,10127943,10233131,title,false,69,56,60
139,10268825,10266661,title,false,69,73,45
139,10255921,10001665,description,false,69,208,99
139,10268827,10001527,description,false,69,300,121
139,10001511,10266601,title,false,69,63,46
139,10179743,10027171,title,false,69,62,56
139,10268825,10001211,description,false,69,294,108
139,10179739,10001931,description,false,69,185,125
139,10234553,10001975,title,false,69,54,56
139,10260239,10002337,title,false,69,55,54
139,10207639,10233129,description,false,69,299,53
139,10258533,10111417,title,true,69,58,62
139,10127939,10111417,description,true,69,265,93
139,10127939,10019567,title,true,69,84,40
139,10206759,10134193,title,true,69,32,43
139,10255921,10266619,title,true,69,68,44
139,10234553,10134193,description,true,69,129,53
139,10234541,10266619,description,true,69,93,44
139,10127933,10266637,title,true,69,55,45
139,10260243,10001573,title,true,69,78,40
140,10202595,10244381,description,false,72,108,158
140,10181701,10244583,title,false,72,44,28
140,10030013,10180919,description,false,72,108,43
140,10205425,10243479,description,false,72,56,161
140,10060465,10243473,description,false,72,122,163
140,10017867,10243563,description,false,72,104,159
140,10197933,10243499,description,false,72,108,221
140,10235405,10243537,description,false,72,660,136
140,10197933,10244421,title,false,72,46,27
140,10202571,10145033,description,false,72,111,380
140,10202599,10243435,description,false,72,101,103
140,10187679,10244679,description,false,72,109,100
140,10202585,10243471,title,false,72,48,35
140,10070717,10243509,title,false,72,49,35
140,10128883,10180483,description,false,72,167,167
140,10181701,10145245,description,false,72,92,106
140,10089225,10157901,description,false,72,91,137
140,10132007,10002761,title,false,72,48,40
140,10245157,10244381,description,true,72,120,158
140,10245259,10244381,title,true,72,54,28
140,10245191,10244583,description,true,72,117,158
140,10245105,10244583,title,true,72,43,28
140,10036525,10180919,description,true,72,106,43
140,10166643,10180919,title,true,72,61,19
140,10245243,10243479,title,true,72,48,30
140,10235181,10243479,description,true,72,108,161
140,10060465,10243473,title,true,72,67,34
140,10205399,10243473,description,true,72,224,163
140,10205385,10243563,title,true,72,66,30
140,10030055,10243499,title,true,72,49,53
140,10205425,10243537,title,true,72,26,24
140,10036695,10244421,title,true,72,50,27
140,10202585,10243563,description,true,72,108,159
140,10127543,10243499,description,true,72,107,221
140,10166643,10243537,description,true,72,117,136
140,10233999,10243471,title,true,72,58,35
140,10060131,10243509,title,true,72,71,35
140,10245077,10244421,description,true,72,107,121
140,10038885,10145033,description,true,72,111,380
140,10012617,10243435,description,true,72,116,103
140,10202599,10145033,title,true,72,57,47
140,10202579,10244679,description,true,72,94,100
140,10245259,10180483,description,true,72,87,167
140,10202595,10243435,title,true,72,48,28
140,10245263,10145245,description,true,72,119,106
140,10205441,10157901,description,true,72,594,137
140,10245173,10002761,title,true,72,45,40
140,10091967,10244679,title,true,72,49,48
140,10036553,10244381,description,true,72,107,158
142,10012775,10258405,title,false,71,65,19
142,10012765,10241519,description,false,71,130,117
142,10024513,10243563,description,false,71,113,159
142,10012809,10132133,title,false,71,64,45
142,10012771,10019567,title,false,71,51,40
142,10012809,10001211,description,false,71,137,108
142,10012811,10017397,description,false,71,122,127
142,10024515,10002337,title,false,71,47,54
142,10012817,10017391,description,false,71,129,120
142,10012785,10098651,description,false,71,127,82
142,10012815,10266637,title,false,71,65,45
142,10012797,10243479,title,false,71,51,30
142,10012777,10001573,description,false,71,122,154
142,10012771,10132135,description,false,71,132,63
142,10012799,10098661,description,false,71,132,66
142,10012807,10098657,description,false,71,127,68
142,10012765,10243509,title,false,71,66,35
142,10024517,10132131,description,false,71,121,67
142,10012801,10001931,title,false,71,64,47
142,10012789,10002195,title,false,71,64,53
142,10024513,10001585,title,false,71,47,47
142,10024495,10174335,description,false,71,127,59
142,10012793,10098647,title,false,71,56,45
142,10012821,10132125,title,false,71,65,45
142,10012767,10145033,description,false,71,127,380
142,10012801,10251421,description,false,71,128,178
142,10012787,10132123,description,false,71,128,136
142,10012819,10017405,title,false,71,67,87
142,10024489,10205395,description,false,71,135,229
142,10012803,10017363,description,false,71,128,117
142,10012781,10239821,title,false,71,64,53
142,10024499,10132139,description,false,71,122,65
142,10012825,10239619,description,false,71,125,59
142,10012783,10205399,description,false,71,136,224
142,10012793,10017347,description,false,71,114,125
142,10012825,10239781,title,false,71,66,64
142,10012803,10266647,title,false,71,64,38
142,10024515,10017401,description,false,71,114,121
142,10012817,10098655,title,false,71,65,45
145,10244371,10002763,title,false,68,36,36
145,10145021,10205709,title,false,68,60,45
145,10244371,10198195,description,false,68,227,61
145,10062173,10231721,title,false,68,58,59
145,10062173,10115283,description,false,68,137,46
145,10145021,10002195,description,false,68,300,141
146,10145253,10196893,title,false,67,45,48
146,10134821,10267633,title,false,67,51,69
146,10213029,10231941,title,false,67,57,44
146,10212997,10016703,title,false,67,69,44
146,10212885,10193689,title,false,67,58,44
146,10247233,10137813,description,false,67,72,57
146,10255835,10231901,title,false,67,59,36
146,10145323,10231969,description,false,67,105,57
146,10255557,10231917,description,false,67,379,57
146,10213121,10205425,description,false,67,79,56
146,10201927,10232001,description,false,67,57,57
146,10255601,10243509,title,false,67,47,35
146,10255835,10231913,description,false,67,124,66
146,10213077,10267989,title,false,67,65,65
146,10212933,10157913,description,false,67,73,92
146,10213207,10193723,description,false,67,63,57
146,10247393,10016685,title,false,67,60,44
146,10212917,10005937,title,false,67,57,64
146,10134709,10243457,title,false,67,63,34
146,10181381,10231919,title,false,67,74,35
146,10145333,10231905,description,false,67,108,57
146,10213121,10202759,title,false,67,77,31
146,10145245,10196893,description,true,67,106,96
146,10255755,10267633,description,true,67,413,386
146,10247233,10196893,title,true,67,64,48
146,10255601,10231941,description,true,67,56,66
146,10213017,10193689,description,true,67,91,117
146,10212885,10137813,description,true,67,58,57
146,10255759,10267633,title,true,67,64,69
146,10145245,10231941,title,true,67,33,44
146,10197221,10231901,description,true,67,67,57
146,10255677,10231969,description,true,67,123,57
146,10212967,10231917,description,true,67,61,57
146,10213093,10016703,title,true,67,56,44
146,10213211,10205425,description,true,67,73,56
146,10255847,10193689,title,true,67,56,44
146,10255709,10137813,title,true,67,63,59
146,10255481,10231901,title,true,67,48,36
146,10212997,10232001,description,true,67,91,57
146,10255831,10231969,title,true,67,61,38
146,10134817,10231917,title,true,67,61,35
146,10212991,10205425,title,true,67,57,26
146,10255677,10243509,title,true,67,43,35
146,10255651,10232001,title,true,67,53,37
148,10000805,10041871,description,false,71,167,1025
148,10013621,10248015,title,false,71,72,54
148,10178571,10206943,description,false,71,163,92
148,10216745,10041841,description,false,71,111,1029
148,10013581,10130745,title,false,71,64,37
148,10216747,10145021,description,false,71,100,300
148,10013687,10041821,description,false,71,171,1027
148,10217967,10243537,title,false,71,53,24
148,10129417,10180919,title,false,71,82,19
148,10261595,10205395,title,false,71,63,50
148,1026716,10002193,title,false,71,35,39
148,10193875,10244669,title,false,71,62,29
148,1026716,10106181,description,false,71,170,339
148,10193861,10236179,title,false,71,62,51
148,10017499,10244681,title,false,71,61,33
148,10129433,10041839,title,false,71,62,49
148,10013595,10041823,title,false,71,68,56
148,10013641,10041873,description,false,71,155,1026
148,10017475,10041835,title,false,71,59,47
148,10193867,10050673,description,false,71,152,89
148,10217963,10207379,description,false,71,163,76
148,10000775,10236211,title,false,71,57,63
148,10178577,10244421,description,false,71,217,121
148,10217967,10244385,description,false,71,199,133
148,10000805,10145065,title,false,71,57,41
148,10216741,10157955,description,false,71,159,87
148,10193703,10248023,title,false,71,64,54
148,10231721,10041877,description,false,71,135,1027
148,10017571,10041879,title,false,71,73,47
148,10017483,10205399,description,false,71,155,224
148,10000751,10243509,title,false,71,57,35
148,10017567,10039845,description,false,71,192,776
148,10013673,10012757,description,false,71,158,134
148,10193871,10244679,title,false,71,55,48
148,10193873,10244683,description,false,71,174,54
148,10017567,10041847,title,false,71,79,46
148,10013539,10137151,title,false,71,75,47
148,10000751,10041871,description,true,71,167,1025
148,10217977,10248015,description,true,71,174,218
148,10193869,10206943,description,true,71,102,92
148,10017483,10041871,title,true,71,62,46
148,10217961,10041841,description,true,71,168,1029
148,10017489,10145021,description,true,71,163,300
148,10216741,10248015,title,true,71,69,54
148,10216747,10206943,title,true,71,57,43
148,10193869,10041841,title,true,71,63,50
148,10013691,10130745,title,true,71,73,37
148,10193703,10041821,description,true,71,154,1027
148,10193871,10243537,description,true,71,197,136
148,10013565,10145021,title,true,71,67,60
149,10017355,10098655,description,false,75,114,179
149,10017397,10132125,title,false,75,91,45
149,10017405,10132139,title,false,75,87,45
149,10017387,10132123,description,false,75,106,136
149,10017391,10132133,title,false,75,80,45
149,10017387,10098655,title,true,75,73,45
149,10017407,10098655,description,true,75,118,179
149,10017363,10132125,description,true,75,117,77
149,10017365,10132139,description,true,75,112,65
149,10259381,10132125,title,true,75,77,45
149,10017347,10132123,description,true,75,125,136
149,10017397,10132133,description,true,75,127,60
149,10017405,10098655,description,true,75,123,179
149,10017401,10132125,description,true,75,121,77
149,10017407,10132139,title,true,75,84,45
149,10017359,10132123,title,true,75,74,48
149,10017369,10132139,description,true,75,119,65
149,10017383,10132133,title,true,75,84,45
149,10017401,10098655,title,true,75,83,45
149,10259381,10132123,description,true,75,121,136
149,10017363,10132125,title,true,75,82,45
149,10017391,10132133,description,true,75,120,60
149,10017383,10098655,description,true,75,123,179
149,10017377,10132125,description,true,75,119,77
149,10017347,10132139,title,true,75,90,45
149,10017359,10132139,description,true,75,107,65
149,10017365,10132123,title,true,75,74,48
149,10017355,10132133,title,true,75,76,45
149,10017369,10098655,title,true,75,84,45
15,10156877,10193867,description,false,77,456,152
15,10156877,10233869,title,false,77,59,44
15,10185733,10163701,description,false,77,905,125
15,10181823,10033789,description,false,77,194,780
15,10181867,10012773,title,false,77,43,73
15,10181785,10012793,title,false,77,43,56
15,10185739,10024489,description,false,77,219,135
15,10167837,10012825,title,false,77,63,66
15,10181809,10055815,title,false,77,52,61
15,10181923,10012815,title,false,77,78,65
15,10181923,10019159,description,false,77,228,600
15,10181833,10001981,description,false,77,496,260
15,10181809,10017481,description,false,77,234,185
15,10185739,10002455,title,false,77,32,19
15,10167837,10187971,description,false,77,241,99
15,10181785,10012767,description,false,77,228,127
15,10181823,10017507,title,false,77,37,71
15,10185733,10018065,title,false,77,37,37
15,10181867,10134797,description,false,77,196,48
15,10181833,10136327,title,false,77,47,43
151,10256709,10137145,title,false,76,56,46
151,10256675,10002805,title,false,76,37,33
151,10256737,10266643,title,false,76,36,43
151,10001561,10137319,description,false,76,247,841
151,10019559,10267989,description,false,76,191,109
151,10240213,10002393,description,false,76,472,195
151,10240299,10001445,description,false,76,509,231
151,10266603,10266625,description,false,76,311,49
151,10240261,10130745,title,false,76,49,37
151,10256649,10266647,title,false,76,42,38
151,10256673,10130747,title,false,76,51,40
151,10001561,10251421,title,false,76,51,53
151,10256701,10137101,title,false,76,56,47
151,10256711,10259915,description,false,76,610,163
151,10266603,10266661,title,false,76,34,45
151,10266773,10137043,title,false,76,50,49
151,10184915,10137145,title,true,76,50,46
151,10256689,10002805,title,true,76,42,33
151,10256733,10137145,description,true,76,730,1025
151,10256689,10002805,description,true,76,335,3010
151,10240261,10266643,description,true,76,433,458
151,10256737,10137319,description,true,76,597,841
151,10256663,10267989,description,true,76,365,109
151,10256709,10002393,description,true,76,410,195
151,10000973,10266643,title,true,76,65,43
151,10256671,10001445,description,true,76,433,231
151,10256645,10130745,title,true,76,49,37
151,10256739,10266625,description,true,76,671,49
151,10240213,10266647,title,true,76,48,38
151,10019559,10130747,title,true,76,39,40
151,10256645,10251421,description,true,76,266,178
151,10256673,10137101,description,true,76,253,1027
151,10240201,10137319,title,true,76,42,54
151,10256675,10259915,description,true,76,232,163
151,10019563,10267989,title,true,76,40,65
151,10256649,10266661,description,true,76,425,314
151,10256703,10137043,description,true,76,596,843
151,10256677,10002393,title,true,76,37,45
151,10240225,10001445,title,true,76,41,57
151,10240299,10266625,title,true,76,42,50
151,10240225,10137145,description,true,76,518,1025
153,10190887,10266647,title,false,72,73,38
153,10190649,10032643,description,false,72,294,165
153,10234491,10144983,description,false,72,383,133
153,10190653,10027167,description,false,72,243,92
153,10207639,10111417,description,false,72,299,93
153,10190887,10243537,description,false,72,208,136
153,10190649,1008985,title,false,72,74,50
153,10234491,10236209,title,false,72,70,60
153,10207639,10233129,title,false,72,57,43
153,10234525,10225727,description,false,72,305,346
153,10190653,10244311,title,false,72,65,48
153,10234525,10164463,title,false,72,73,55
154,10265153,10243457,title,false,75,46,34
154,10264901,10235345,description,false,75,143,61
154,10267633,10243509,title,false,75,69,35
154,10267633,10157931,description,false,75,386,91
154,10205431,10235333,description,false,75,98,70
154,10267989,10235351,title,false,75,65,52
154,10265153,10235343,description,false,75,142,63
154,10205425,10137101,description,false,75,56,1027
154,10205425,10235313,title,false,75,26,39
154,10265263,10235317,description,false,75,156,72
154,10265297,10235297,description,false,75,147,61
154,10205463,10243471,title,false,75,39,35
154,10005937,10137145,title,false,75,64,46
154,10267989,10145323,description,false,75,109,105
154,10265263,10145295,title,false,75,48,37
154,10265297,10145061,title,false,75,51,24
154,10264901,10244303,title,false,75,47,34
155,10032765,10166833,title,false,70,39,52
155,10032455,1010438,title,false,70,40,31
155,1010439,1017828,title,false,70,44,24
155,10213339,1010441,description,false,70,119,129
155,10260195,10259963,description,false,70,154,110
155,10032455,10166833,description,true,70,105,642
155,10063923,10166833,title,true,70,26,52
155,10003299,1010438,description,true,70,119,127
155,10032449,1010438,title,true,70,39,31
155,10032795,1017828,description,true,70,377,118
155,10260203,1017828,title,true,70,45,24
155,10032487,1010441,description,true,70,99,129
155,10063911,1010441,title,true,70,27,33
155,10063927,10259963,description,true,70,100,110
155,10260175,10166833,description,true,70,159,642
155,10260199,10259963,title,true,70,37,45
155,10032795,10166833,title,true,70,71,52
155,10260175,1010438,title,true,70,42,31
155,10260181,1010438,description,true,70,188,127
155,10032531,1017828,description,true,70,130,118
155,10032581,1010441,description,true,70,109,129
155,10032797,1017828,title,true,70,40,24
155,10032521,10259963,description,true,70,90,110
155,10260209,1010441,title,true,70,37,33
155,10063923,10166833,description,true,70,105,642
155,10032531,10259963,title,true,70,76,45
155,10032581,10166833,title,true,70,44,52
155,10032449,1010438,description,true,70,117,127
155,10032753,1017828,description,true,70,89,118
155,10247217,1010438,title,true,70,60,31
155,10032817,1010441,description,true,70,117,129
155,1010442,1017828,title,true,70,41,24
155,10032817,1010441,title,true,70,38,33
155,10260173,10259963,title,true,70,41,45
155,10032521,10166833,title,true,70,38,52
155,10260173,10259963,description,true,70,163,110
155,10260209,10166833,description,true,70,159,642
155,1010442,1010438,description,true,70,134,127
155,10032765,1017828,description,true,70,120,118
155,10032753,1010438,title,true,70,39,31
155,10260207,1017828,title,true,70,48,24
155,10260179,1010441,description,true,70,174,129
155,10260179,1010441,title,true,70,36,33
155,10003299,10259963,title,true,70,79,45
155,10032713,10166833,title,true,70,50,52
155,10260195,1010438,title,true,70,51,31
155,1010439,10259963,description,true,70,137,110
155,10260203,10166833,description,true,70,122,642
156,10197167,10180677,description,false,72,307,93
156,10207433,10001975,title,false,72,27,56
156,10186781,10111395,title,false,72,68,62
156,10186749,10266533,title,false,72,74,59
156,10234503,10179337,description,false,72,349,100
156,10224985,10111401,description,false,72,370,93
156,10255013,10040023,title,false,72,55,55
156,10186835,10002003,description,false,72,275,124
156,10186779,1001050,description,false,72,310,275
156,10108465,10190809,description,false,72,276,94
156,10265683,10241519,description,false,72,327,117
156,10236797,10019559,description,false,72,58,191
156,10197649,10001989,title,false,72,85,48
156,10265683,10019567,title,false,72,69,40
156,10263095,10264513,description,false,72,312,130
156,10186785,10266643,description,false,72,263,458
156,10080601,10266637,title,false,72,77,45
156,10197649,10238407,description,false,72,610,131
156,10234503,10251421,title,false,72,63,53
156,10197167,10138057,title,false,72,75,48
156,10186807,10197627,description,false,72,394,229
156,10080601,10051111,description,false,72,326,126
156,10186749,10266661,description,false,72,311,314
156,10186781,10111417,description,false,72,244,93
156,10207433,10111409,description,false,72,68,93
156,10186821,10027167,description,false,72,399,92
156,10234515,10104831,description,false,72,295,103
156,10186837,1009000,title,false,72,70,38
156,10186837,10207169,description,false,72,321,121
156,10186769,10243509,title,false,72,78,35
156,10186821,10266601,title,false,72,87,46
156,10186835,10111405,title,false,72,74,56
156,10234515,10266647,title,false,72,63,38
156,10186807,10222929,title,false,72,86,54
156,10186779,10111397,title,false,72,69,56
156,10224985,10073603,title,false,72,82,56
156,10255013,10251419,description,false,72,196,133
156,10263095,10001527,title,false,72,62,48
156,10186769,10264519,description,false,72,307,121
156,10236797,10238413,title,false,72,30,40
156,10186785,10185627,title,false,72,67,50
156,10108465,10234491,title,false,72,64,70
156,10265385,10197159,title,false,72,32,64
157,10243987,10244679,description,false,74,414,100
157,10243973,10245789,title,false,74,41,72
157,10182145,10015161,description,false,74,365,79
157,10071073,10247703,description,false,74,190,52
157,10231557,10180905,title,false,74,61,49
157,10231599,10205461,title,false,74,86,36
157,10182147,10041873,description,false,74,185,1026
157,10231569,10225009,description,false,74,441,207
157,10040029,10258363,description,false,74,146,1396
157,10108333,10144983,title,false,74,37,24
157,10013495,10145043,title,false,74,91,31
157,10207363,10205395,title,false,74,45,50
157,10157877,10205445,description,false,74,322,212
157,10207353,10244421,description,false,74,74,121
157,10157877,10205399,title,false,74,27,48
157,10231569,10180919,title,false,74,67,19
157,10071067,10205475,title,false,74,43,36
157,10182159,10207461,title,false,74,38,48
157,10013495,10274029,description,false,74,197,107
157,10045711,10244381,description,false,74,134,158
157,10013617,10015149,description,false,74,168,79
157,10243959,10184387,description,false,74,185,74
157,10243967,10205425,title,false,74,36,26
157,10231557,10144987,description,false,74,499,139
157,10243989,10244583,description,false,74,500,158
157,10231599,10236389,description,false,74,666,165
157,10040029,10193605,title,false,74,70,59
157,10231553,10157939,title,false,74,85,28
157,10243983,10258355,description,false,74,500,602
157,10071081,10258385,title,false,74,36,26
157,10243979,10233307,description,false,74,190,75
157,10231553,10015165,description,false,74,619,77
157,10157913,10258369,title,false,74,33,71
157,10108333,10247807,description,false,74,877,53
157,10243973,10063693,description,false,74,363,127
157,10071097,10244679,description,true,74,185,100
157,10013617,10244679,title,true,74,67,48
157,10182159,10245789,description,true,74,351,220
157,10157913,10015161,description,true,74,92,79
157,10207363,10247703,description,true,74,88,52
158,10074437,10029809,title,false,73,35,32
158,10074437,10253435,description,false,73,193,208
158,10001209,10242895,description,false,73,164,616
158,10074451,10029717,title,false,73,34,41
158,10001209,10021469,title,false,73,48,36
158,10234239,10242891,title,false,73,52,34
158,10074433,10137127,description,false,73,196,660
158,10074463,10242953,description,false,73,197,637
158,10234239,10203233,description,false,73,633,194
158,10074433,10250647,title,false,73,35,45
158,10074463,10137145,title,false,73,39,46
159,10162325,10196853,description,false,79,227,45
159,10012701,10098651,description,false,79,63,82
159,10127531,10132135,description,false,79,114,63
159,10012739,10233151,description,false,79,65,67
159,10065659,10233129,title,false,79,48,43
159,10012707,10132131,description,false,79,63,67
159,10065623,10098661,description,false,79,66,66
159,10127531,10239619,title,false,79,51,47
159,10012739,10196853,title,true,79,64,44
159,10162325,10098651,title,true,79,86,45
159,10012701,10132135,title,true,79,65,54
159,10012721,10196853,description,true,79,121,45
159,10127533,10098651,description,true,79,114,82
159,10012723,10233151,title,true,79,69,64
159,10065623,10233129,title,true,79,45,43
159,10162339,10132131,title,true,79,65,54
159,10012707,10098661,title,true,79,73,57
159,10065659,10132135,description,true,79,82,63
159,10162339,10233151,description,true,79,213,67
159,10127533,10239619,title,true,79,51,47
159,10012721,10196853,title,true,79,79,44
16,10239821,10017671,title,false,72,53,55
16,10256739,10001003,title,false,72,36,46
16,10256697,10000641,description,false,72,350,185
16,10256711,10267633,description,false,72,610,386
16,10266773,10253451,title,false,72,50,41
16,10240225,10006071,description,false,72,518,187
16,10019559,10004165,description,false,72,191,88
16,10256689,10015839,description,false,72,335,108
16,10266603,10007597,title,false,72,34,44
16,10256661,10235951,title,false,72,49,46
16,10256737,10205451,description,false,72,597,307
16,10266773,10012795,description,false,72,865,122
16,10184915,10231919,title,false,72,50,35
16,10001561,10017833,title,false,72,51,56
16,10240299,10159395,title,false,72,42,25
16,10256671,10014735,title,false,72,42,55
16,10256675,10248247,title,false,72,37,44
16,10256673,10130747,title,false,72,51,40
16,10240261,10032777,title,false,72,49,40
16,10256677,10017923,description,false,72,357,106
16,10266603,10005885,description,false,72,311,64
16,10002151,10075931,description,false,72,468,184
16,10256697,10181019,title,false,72,42,48
16,10256723,10253469,description,false,72,296,590
16,10240005,10043881,description,false,72,448,108
16,10000973,10006019,description,false,72,854,241
16,10256663,10015167,description,false,72,365,75
16,10256675,10063563,description,false,72,232,198
16,10001931,10016679,title,false,72,47,45
16,10240201,10006029,description,false,72,221,263
16,10001887,10017017,title,false,72,50,60
16,10256645,10115245,title,false,72,49,58
16,10001931,10012761,description,false,72,125,111
16,10256739,10106211,description,false,72,671,480
16,10256733,10000553,description,false,72,730,73
16,10001561,10253467,description,false,72,247,574
16,10261449,10006033,title,false,72,55,28
16,10256647,10029543,description,false,72,406,111
16,10256717,10006055,description,false,72,368,196
16,10256673,10017899,description,false,72,253,122
16,10019563,10106119,title,false,72,40,69
16,10256649,10002393,description,false,72,425,195
16,10240261,10000281,description,false,72,433,55
16,10256717,10017481,title,false,72,50,64
16,10239853,10017013,description,false,72,710,123
161,10180315,10180527,title,false,76,38,46
161,10203395,10217011,title,false,76,44,56
161,10180309,10147991,description,false,76,216,81
161,10180303,10223353,title,false,76,46,45
161,10274279,10147865,title,false,76,42,68
161,10180315,10233391,description,false,76,221,103
161,10180325,10180539,title,false,76,49,46
161,10274275,10260053,description,false,76,198,73
161,10180309,10223361,title,false,76,46,43
161,10203397,10161929,title,false,76,36,60
161,10030529,10056475,description,false,76,166,73
161,10203395,10063359,description,false,76,201,360
161,10030529,10161985,title,false,76,58,63
161,10274279,10217013,description,false,76,201,279
161,10180303,10016665,description,false,76,189,73
161,10180313,10132005,title,false,76,49,49
161,10203397,10031565,description,false,76,199,65
161,10274275,10147127,title,false,76,36,65
161,10180325,10217007,description,false,76,216,273
163,10038101,10226609,description,false,75,170,220
163,10248603,10063653,title,false,75,39,34
163,10124867,10002805,title,false,75,23,33
163,10163919,10245903,title,false,75,31,35
163,10201207,10234393,title,false,75,38,31
163,10241355,10203273,description,false,75,171,211
163,10006039,10131625,description,false,75,166,252
163,10048145,10236555,description,false,75,106,213
163,10129533,10074431,title,false,75,23,24
163,10063863,10127543,title,false,75,23,58
163,10063875,10063755,description,false,75,164,212
163,10006013,10063721,title,false,75,42,36
163,10029337,10234453,description,false,75,162,207
163,10044109,10002103,title,false,75,33,23
163,10029397,10063803,description,false,75,164,212
163,10044165,10063675,description,false,75,108,207
163,10248365,10226609,description,true,75,194,220
163,10053909,10226609,title,true,75,41,59
163,10248503,10063653,description,true,75,203,207
163,10136633,10002805,description,true,75,165,3010
163,10173891,10245903,description,true,75,121,206
163,10239615,10063653,title,true,75,28,34
163,10248237,10002805,title,true,75,40,33
163,10006079,10234393,description,true,75,120,207
163,10248215,10203273,description,true,75,169,211
163,10029337,10245903,title,true,75,44,35
163,10029397,10234393,title,true,75,48,31
163,10044019,10131625,description,true,75,107,252
163,10248297,10203273,title,true,75,48,41
163,10029171,10236555,description,true,75,171,213
163,10129533,10074431,description,true,75,109,159
163,10063877,10127543,description,true,75,159,107
163,10248365,10131625,title,true,75,38,63
163,10158163,10063755,description,true,75,163,212
163,10063861,10236555,title,true,75,36,56
163,10006059,10074431,title,true,75,38,24
163,10248403,10063721,description,true,75,128,212
163,10216711,10234453,description,true,75,189,207
163,10006013,10002103,description,true,75,176,343
163,10006001,10127543,title,true,75,42,58
163,10043881,10063755,title,true,75,25,36
163,10053909,10063803,description,true,75,185,212
163,10243943,10063675,description,true,75,117,207
163,10274349,10226609,description,true,75,166,220
163,10006001,10063653,description,true,75,171,207
163,10158163,10063721,title,true,75,42,36
163,10063897,10002805,description,true,75,160,3010
165,10234511,10231649,title,false,78,50,58
165,10234551,10236153,description,false,78,103,99
165,10239333,10207391,title,false,78,72,20
165,10234545,10266661,description,false,78,120,314
165,10234545,10001989,title,false,78,48,48
165,10234549,10045883,title,false,78,46,60
165,10239333,10111395,description,false,78,246,93
165,10234551,10241525,title,false,78,34,68
165,10234549,10001931,description,false,78,107,125
165,10234511,10241509,description,false,78,266,215
167,10196265,10132135,title,false,72,31,54
167,10012695,10198207,title,false,72,44,39
167,10019005,10166625,description,false,72,45,408
167,10196265,10132133,description,false,72,66,60
167,10019005,10098661,title,false,72,20,57
167,10012695,10239619,description,false,72,147,59
167,10053899,10017355,description,false,72,100,114
17,10014775,10003851,title,false,69,52,67
17,10014765,10181003,description,false,69,138,56
17,10161919,10003797,description,false,69,101,157
17,10137787,10003815,title,false,69,52,67
17,10073929,1000745,description,false,69,106,82
17,10135485,10003725,title,false,69,66,42
17,10161993,10003841,title,false,69,42,59
17,10145411,10003805,description,false,69,107,157
17,10161907,10003799,description,false,69,102,203
17,10161981,10003825,title,false,69,41,67
17,10014815,10003827,description,false,69,218,204
17,10014829,1000746,description,false,69,208,79
17,10161933,10003837,description,false,69,101,204
17,10182231,10002831,title,false,69,58,66
17,1000721,10003811,description,false,69,104,203
17,10180399,10003823,description,false,69,82,207
17,10145413,10003833,description,false,69,60,205
17,10161983,10198123,description,false,69,109,87
17,10161903,10202293,description,false,69,110,100
17,10014759,10066959,description,false,69,198,67
17,10198117,10181023,title,false,69,59,48
17,10014765,10017447,title,false,69,71,50
17,10258615,10161863,description,false,69,101,63
17,10012863,10251581,title,false,69,49,44
17,10014775,10001715,description,false,69,74,371
17,10251547,10003843,description,false,69,111,159
17,1000712,10198085,title,false,69,48,38
17,10181019,10003821,title,false,69,48,59
17,10274899,10003819,title,false,69,82,71
17,10012881,10003839,description,false,69,52,159
17,1000743,10003853,title,false,69,50,67
17,10180935,10106603,title,false,69,56,65
17,10098467,10003803,description,false,69,77,203
17,10251547,10003831,title,false,69,41,65
17,10145409,10222619,description,false,69,108,83
17,10180943,10003809,description,false,69,107,203
17,10198095,10145397,description,false,69,111,110
17,10161959,10003723,title,false,69,60,38
17,10139001,10066975,title,false,69,37,35
17,10145419,10003855,description,false,69,113,159
17,10182223,10003807,description,false,69,122,207
17,1000716,10180981,description,false,69,225,88
17,10161919,10198225,title,false,69,58,37
17,10161969,10003847,title,false,69,56,71
17,10012551,10003817,description,false,69,128,203
17,10198199,10017419,title,false,69,48,57
17,10180939,10003829,title,false,69,53,68
170,10245789,10025541,title,false,72,72,62
170,10245789,10197221,description,false,72,220,67
171,10254201,10003819,title,false,78,49,71
171,10207205,10098655,description,false,78,908,179
171,10012695,10040389,title,false,78,44,57
171,10207205,10098657,title,false,78,54,48
171,10247877,10174335,title,false,78,52,47
171,10012733,10017397,title,false,78,33,91
171,10247879,10132133,title,false,78,57,45
171,10247879,10040391,description,false,78,74,86
171,10012733,10196281,description,false,78,70,71
171,10135847,10132139,description,false,78,68,65
171,10012695,10053855,description,false,78,147,67
171,10207207,10089315,description,false,78,841,73
171,10012699,10017347,title,false,78,66,90
171,10012699,10017405,description,false,78,58,123
171,10207207,10132131,title,false,78,55,54
172,10014675,10206395,description,false,74,130,108
172,10014675,10261847,title,false,74,41,48
173,10223347,10243537,description,false,71,390,136
173,10223347,10180919,title,false,71,39,19
173,10223327,10061085,description,false,71,454,59
173,10052591,10012881,title,false,71,32,49
173,10223339,10161969,title,false,71,48,56
173,10052677,10217007,description,false,71,289,273
173,10052097,10205395,description,false,71,294,229
173,10071413,10161929,title,false,71,49,60
173,10215877,10161959,title,false,71,69,60
173,10223337,10257993,description,false,71,362,89
173,10052379,10144983,description,false,71,293,133
173,1022184,10012845,description,false,71,345,46
173,10223339,10274069,description,false,71,462,77
173,10051985,10212051,description,false,71,332,98
173,10052183,10217013,description,false,71,325,279
173,10052677,10185317,title,false,71,40,40
173,10223359,10233297,description,false,71,460,100
173,1022177,10032541,description,false,71,805,92
173,10052097,10256015,title,false,71,40,43
173,10052379,10182343,title,false,71,45,36
173,10223361,10243471,title,false,71,43,35
173,10051985,10035839,title,false,71,48,45
173,10052183,10182391,title,false,71,41,63
173,10052327,10217009,title,false,71,41,47
173,10215877,10161985,description,false,71,361,201
173,10052519,10030115,description,false,71,303,57
173,10223321,10098867,description,false,71,460,156
173,10223337,10030681,title,false,71,51,88
173,1022177,10274015,title,false,71,46,48
173,1022179,10074409,title,false,71,45,36
173,10052207,10233307,description,false,71,337,75
173,10052441,10145295,description,false,71,378,108
173,10071413,10206921,description,false,71,273,83
173,10223353,10205399,description,false,71,474,224
173,10052591,10217011,description,false,71,291,271
173,10223327,10106749,title,false,71,51,32
173,1022179,10274079,description,false,71,313,97
173,10223353,10040633,title,false,71,45,34
173,1022184,10243509,title,false,71,48,35
173,10052519,10145333,title,false,71,39,37
173,10052133,10243537,description,true,71,313,136
173,10052723,10180919,description,true,71,304,43
173,10223321,10243537,title,true,71,46,24
173,10052133,10180919,title,true,71,41,19
173,10051905,10061085,title,true,71,45,55
173,10052443,10061085,description,true,71,328,59
173,10052327,10012881,description,true,71,279,52
173,10052441,10012881,title,true,71,51,49
173,10223361,10161969,description,true,71,528,201
175,10197727,10243499,description,false,69,470,221
175,10234533,10186743,description,false,69,291,294
175,10045883,10251419,description,false,69,515,133
175,10225009,10266647,title,false,69,78,38
175,10045883,10224985,title,false,69,60,82
175,10234533,10027167,title,false,69,68,56
175,10197727,10001527,title,false,69,79,48
175,10225009,10265419,description,false,69,207,71
176,10231427,10248603,description,false,73,107,203
176,10259945,10051297,description,false,73,240,121
176,10271347,10233287,title,false,73,67,38
176,10252509,10053779,description,false,73,115,121
176,10271347,10001209,description,false,73,403,164
176,10180915,10173891,title,false,73,45,35
176,10180915,10051541,description,false,73,100,54
176,10214157,10248403,title,false,73,33,38
176,10214157,10173871,description,false,73,293,118
176,10139165,10053725,title,false,73,82,42
176,10252595,10274099,description,false,73,115,83
176,10252509,10166833,title,false,73,62,52
176,10139165,10212829,description,false,73,522,59
176,10235891,10260137,description,false,73,95,65
176,10260133,10259963,title,false,73,38,45
176,10260133,10239615,description,false,73,239,244
176,10235891,10053755,title,false,73,58,44
176,10259945,10053763,title,false,73,54,36
176,10231427,10265445,title,false,73,44,43
177,10106181,10145021,title,false,72,83,60
177,10207363,10244683,title,false,72,45,29
177,10106069,10258369,title,false,72,69,71
177,10207353,10135541,title,false,72,40,55
177,10106069,10247807,description,false,72,429,53
177,10231589,10244421,title,false,72,73,27
177,10106321,10041823,title,false,72,76,56
177,10207353,10259957,description,false,72,74,81
177,10040031,10145033,description,false,72,64,380
177,10207399,10244381,title,false,72,45,28
177,10235903,10258041,description,false,72,84,109
177,10163631,10157955,title,false,72,71,28
177,10040027,10244285,description,false,72,65,150
177,10106535,10032481,description,false,72,383,93
177,10231589,10266661,description,false,72,559,314
177,10040031,10205399,title,false,72,49,48
177,10106159,10064575,description,false,72,365,67
177,10106163,10258385,description,false,72,428,2565
177,10106009,10041847,description,false,72,414,1212
177,10207399,10244583,description,false,72,67,158
177,10168021,10258363,description,false,72,446,1396
177,10185241,10239411,title,false,72,48,54
177,10235893,10157939,title,false,72,52,28
177,10040027,10231651,title,false,72,50,51
177,10106011,10180919,description,false,72,359,43
177,10106181,10231649,description,false,72,339,40
177,10207363,10244695,description,false,72,88,76
177,10231567,10257979,description,false,72,770,113
177,10106009,10235761,title,false,72,68,84
177,10106535,10247703,title,false,72,62,51
177,10106159,10233307,title,false,72,64,28
177,10235903,10064579,title,false,72,47,50
177,10163631,10258011,description,false,72,92,114
177,10106163,10266743,title,false,72,70,30
177,10231567,10225009,title,false,72,57,78
177,10235901,10243537,description,false,72,48,136
177,10235901,10258031,title,false,72,48,59
177,10106011,10106459,title,false,72,68,52
177,10235893,10205395,description,false,72,52,229
177,10168021,10177971,title,false,72,78,44
177,10185241,10194439,description,false,72,97,86
178,10212989,10217011,description,false,74,65,271
178,10255709,10243509,title,false,74,63,35
178,10212937,10056445,description,false,74,63,65
178,10255577,10258365,description,false,74,129,2244
178,10213017,10247703,title,false,74,64,51
178,10255579,10021553,title,false,74,64,35
178,10255637,10205395,description,false,74,108,229
178,10213085,10234533,title,false,74,61,68
178,10212917,10243471,title,false,74,57,35
178,10212997,10217013,title,false,74,69,56
178,10212885,10258367,title,false,74,58,85
178,10255831,10258363,description,false,74,431,1396
178,10213193,10258369,title,false,74,65,71
178,10212949,10056063,description,false,74,59,51
178,10212937,10258387,title,false,74,63,24
178,10245789,10217009,title,false,74,72,47
178,10212887,10243537,description,false,74,84,136
178,10255577,10055975,title,false,74,74,60
178,10213009,10030115,title,false,74,66,45
178,10213281,10258359,description,false,74,94,1452
178,10212957,10247807,title,false,74,56,52
178,10213281,10258385,title,false,74,59,26
178,10213409,10233297,description,false,74,100,100
178,10062263,10234523,description,false,74,150,334
178,10213029,10217007,title,false,74,57,56
178,10213059,10225009,description,false,74,67,207
178,10255481,10055883,description,false,74,121,55
178,10255709,10157901,description,false,74,148,137
178,10255677,10271953,title,false,74,43,48
178,10213211,10258355,title,false,74,66,77
178,10212995,10217011,description,true,74,73,271
178,10213091,10056445,description,true,74,76,65
178,10212991,10258365,description,true,74,85,2244
178,10255835,10243509,title,true,74,59,35
178,10255831,10217011,title,true,74,61,56
178,10212887,10056445,title,true,74,59,60
178,10213235,10247703,description,true,74,75,52
178,10212885,10021553,description,true,74,58,43
178,10255759,10258365,title,true,74,64,54
178,10213335,10247703,title,true,74,66,51
178,10062263,10021553,title,true,74,64,35
178,10213211,10205395,description,true,74,73,229
178,10213219,10234533,description,true,74,69,291
178,10213335,10217013,description,true,74,130,279
178,10212933,10205395,title,true,74,71,50
178,10213091,10234533,title,true,74,56,68
178,10213093,10243471,title,true,74,56,35
178,10213093,10258367,description,true,74,56,2161
178,10236739,10217013,title,true,74,84,56
178,10213183,10258367,title,true,74,63,85
180,10003077,10002103,description,false,72,127,343
180,10254245,10206021,description,false,72,127,100
180,10244695,10157955,description,false,72,76,87
180,10247479,10247807,title,false,72,61,52
180,10254241,10273991,description,false,72,256,67
180,10145065,1010542,description,false,72,139,408
180,10254241,10233359,title,false,72,76,38
180,10247443,10271953,title,false,72,62,48
180,10247483,10233317,description,false,72,117,139
180,10250619,10258365,description,false,72,119,2244
180,10254245,10028353,title,false,72,52,63
180,10247479,10258355,description,false,72,132,602
180,10247443,10157939,description,false,72,136,85
180,10003077,10053735,title,false,72,53,53
180,10247483,10233307,title,false,72,64,28
180,10145021,10247703,title,false,72,60,51
180,10244371,10157901,title,false,72,36,34
180,10254239,10243479,description,false,72,275,161
180,10250619,10027629,title,false,72,56,51
180,10244695,10258387,title,false,72,27,24
180,10244671,1008977,title,false,72,33,38
180,10244671,10232357,description,false,72,158,77
180,10145065,10029997,title,false,72,41,46
180,10254239,10197547,title,false,72,76,82
180,10145021,10039923,description,false,72,300,59
180,10244371,10068081,description,false,72,227,110
181,10233163,10244583,title,false,75,47,28
181,10233189,10161929,description,false,75,79,201
181,10012845,10217007,title,false,75,45,56
181,10233179,10217011,title,false,75,36,56
181,10012879,10145325,description,false,75,61,74
181,10012841,10243471,title,false,75,47,35
181,10012853,10161969,description,false,75,43,201
181,10012861,10161959,description,false,75,97,201
181,10012839,10161985,description,false,75,59,201
181,10012881,10243509,title,false,75,49,35
181,10012859,10180919,title,false,75,40,19
181,10233163,10217009,description,false,75,57,262
181,10012861,10145295,title,false,75,53,37
181,10012869,10157955,description,false,75,89,87
181,10012977,10244381,description,false,75,90,158
181,10233179,10145333,description,false,75,92,108
181,10012961,10217013,description,false,75,100,279
181,10012853,10157901,title,false,75,42,34
181,10233161,10244583,title,true,75,35,28
181,10012841,10244583,description,true,75,88,158
181,10012881,10161929,description,true,75,52,201
181,10012843,10217007,description,true,75,61,273
181,10012845,10217011,description,true,75,46,271
181,10012879,10161929,title,true,75,58,60
181,10012863,10217007,title,true,75,49,56
181,10233173,10145325,description,true,75,87,74
181,10012851,10161969,description,true,75,97,201
181,10012859,10161959,description,true,75,81,201
181,10233173,10217011,title,true,75,36,56
187,10115343,10132139,description,false,81,46,65
187,10115203,10132135,description,false,81,111,63
187,10115221,10239619,description,false,81,72,59
187,10073885,10132123,title,false,81,56,48
187,10115245,10132131,title,false,81,58,54
187,10012699,10098655,description,false,81,58,179
187,10132063,10040391,description,false,81,133,86
187,10053899,10040389,description,false,81,100,86
187,10115315,10098647,title,false,81,44,45
187,10012713,10174335,description,false,81,94,59
187,10115233,10132133,description,false,81,110,60
187,10115259,10098657,title,false,81,33,48
187,10019003,10132125,title,false,81,67,45
187,10053899,10098651,title,false,81,31,45
187,10196269,10178285,title,false,81,57,60
187,10035561,10098661,description,false,81,114,66
187,10115291,10132139,title,true,81,51,45
187,10012699,10132135,title,true,81,66,54
187,10073885,10132139,description,true,81,114,65
187,10115293,10132135,description,true,81,72,63
187,10115239,10239619,title,true,81,53,47
187,10012719,10239619,description,true,81,135,59
187,10132059,10132123,description,true,81,122,136
187,10073889,10132131,description,true,81,115,67
187,10115331,10132123,title,true,81,46,48
187,10132063,10132131,title,true,81,73,54
187,10019003,10098655,description,true,81,112,179
187,10196269,10040391,description,true,81,116,86
187,10012713,10098655,title,true,81,48,45
187,10012733,10040391,title,true,81,33,57
189,10193605,10184387,description,false,76,198,74
189,10092019,10117233,title,false,76,34,44
189,10243967,10001209,description,false,76,763,164
189,10018287,10173885,description,false,76,208,127
189,10244149,10201205,title,false,76,53,36
189,10137127,10173871,description,false,76,660,118
189,10071081,10184387,description,true,76,615,74
189,10233999,10184387,title,true,76,58,56
189,10029811,10117233,description,true,76,130,173
189,10243977,10001209,description,true,76,505,164
189,10029819,10173885,description,true,76,140,127
189,10029745,10173871,description,true,76,128,118
189,10029809,10117233,title,true,76,32,44
189,10029797,10001209,title,true,76,42,48
189,10029695,10201205,title,true,76,41,36
189,10092019,10184387,description,true,76,190,74
189,10071803,10173885,title,true,76,35,37
189,10242891,10173871,title,true,76,34,29
189,10018287,10184387,title,true,76,50,56
189,10243989,10117233,title,true,76,36,44
189,10071785,10001209,title,true,76,34,48
189,10182147,10201205,title,true,76,36,36
189,10029753,10117233,description,true,76,139,173
189,10029745,10173885,title,true,76,35,37
189,10029695,10001209,description,true,76,134,164
189,10242953,10173885,description,true,76,637,127
189,10137101,10173871,title,true,76,47,29
189,10248355,10173871,description,true,76,571,118
189,10262143,10184387,description,true,76,216,74
189,10045711,10117233,description,true,76,134,173
189,10243959,10001209,description,true,76,185,164
189,10045711,10184387,title,true,76,43,56
189,10029753,10117233,title,true,76,46,44
189,10248355,10001209,title,true,76,36,48
189,10243987,10173885,description,true,76,414,127
189,10029731,10173871,description,true,76,135,118
189,10182147,10184387,description,true,76,185,74
189,10248547,10117233,description,true,76,188,173
189,10101427,10201205,title,true,76,33,36
189,10029819,10173885,title,true,76,40,37
189,10253467,10173871,title,true,76,52,29
189,10071803,10001209,description,true,76,186,164
189,10071795,10173885,description,true,76,185,127
189,10029869,10184387,title,true,76,41,56
189,10193611,10117233,title,true,76,52,44
189,10137145,10001209,title,true,76,46,48
190,10202279,10051111,description,false,71,320,126
190,10021477,10096285,title,false,71,59,68
190,10177629,10234525,description,false,71,318,305
190,10021477,10198067,description,false,71,153,61
190,10177627,10266647,title,false,71,44,38
190,10177629,10001573,title,false,71,40,40
190,10096481,10027169,description,false,71,244,90
190,10177627,10244677,description,false,71,324,84
190,10096481,10002195,title,false,71,39,53
191,10035561,10224375,title,false,80,41,52
191,10003837,10252433,title,false,80,66,46
191,10163847,10181023,title,false,80,34,48
191,10003849,10206073,title,false,80,68,47
191,10232599,10194901,description,false,80,129,65
191,10003823,10233129,description,false,80,207,53
191,10003815,1008985,title,false,80,67,50
191,10068465,10019005,title,false,80,63,20
191,10163815,10014817,description,false,80,90,83
191,10012737,1015437,description,false,80,131,88
191,10108285,10180945,description,false,80,193,62
191,10003853,10125241,title,false,80,67,62
191,10096329,10224375,title,true,80,83,52
191,10098647,10224375,description,true,80,84,121
191,10035561,10252433,description,true,80,114,41
191,10003807,10252433,title,true,80,71,46
191,10027145,10181023,title,true,80,56,48
191,10163847,10181023,description,true,80,90,87
191,10162325,10206073,description,true,80,227,92
191,10108285,10206073,title,true,80,74,47
191,10003849,10194901,description,true,80,206,65
191,10012741,10233129,description,true,80,47,53
191,10051021,1008985,title,true,80,45,50
191,10051021,10019005,description,true,80,124,45
191,10132131,10194901,title,true,80,54,56
191,10096845,10233129,title,true,80,53,43
191,10003801,10019005,title,true,80,65,20
191,10232555,10014817,title,true,80,59,51
191,10163801,1015437,title,true,80,51,35
191,10003815,10014817,description,true,80,203,83
191,10003837,1015437,description,true,80,204,88
191,10163817,10180945,description,true,80,91,62
191,10098661,10125241,description,true,80,66,195
191,10132135,10180945,title,true,80,54,51
191,10132123,10224375,description,true,80,136,121
191,10096823,10252433,description,true,80,131,41
191,10050931,10181023,description,true,80,124,87
191,10096329,10206073,description,true,80,121,92
191,10132131,10194901,description,true,80,67,65
191,10003827,10233129,description,true,80,204,53
191,10162325,10125241,title,true,80,86,62
191,10163803,10019005,description,true,80,85,45
193,10185943,10173197,description,false,84,177,148
193,10185967,10203397,title,false,84,48,36
193,10234725,10217013,description,false,84,145,279
193,10185943,10217007,title,false,84,53,56
193,10234725,10203399,title,false,84,44,40
193,10185967,10180299,description,false,84,202,186
196,10015167,10235347,description,false,75,75,63
196,10015173,10256525,description,false,75,73,74
196,10015155,10003249,description,false,75,72,68
196,10252481,10157901,description,false,75,82,137
196,10236763,10243499,description,false,75,81,221
196,1011672,10003155,title,false,75,25,49
196,10015167,10239079,title,false,75,53,53
196,1011672,10235343,description,false,75,128,63
196,10015173,10244421,title,false,75,51,27
196,10252481,10089043,title,false,75,58,54
196,10236763,10266619,title,false,75,53,44
196,10015155,10001773,title,false,75,50,46
197,10249019,10041871,title,false,74,55,46
197,10186107,10041839,title,false,74,29,49
197,10092533,10180919,title,false,74,36,19
197,10098373,10041835,title,false,74,36,47
197,10248995,10041823,title,false,74,46,56
197,10248883,10041847,description,false,74,181,1212
197,10179047,10244381,title,false,74,66,28
197,10186559,10041877,title,false,74,37,48
197,10035383,10041821,description,false,74,106,1027
197,10186107,10041879,description,false,74,137,1026
197,10073685,10244371,description,false,74,213,227
197,10073681,10041841,description,false,74,191,1029
197,10098361,10243509,title,false,74,30,35
197,10186429,10014665,description,false,74,155,101
197,10186185,10041873,description,false,74,149,1026
197,10179061,10243471,title,false,74,37,35
197,10252689,10145047,title,false,74,38,31
197,10035419,10041871,description,true,74,107,1025
197,10073641,10041839,description,true,74,195,1028
197,10073653,10180919,description,true,74,190,43
197,10186155,10041835,description,true,74,144,1026
197,10146517,10041823,description,true,74,151,1035
197,10073681,10041871,title,true,74,30,46
197,10098385,10041847,description,true,74,194,1212
197,10073679,10041839,title,true,74,44,49
197,10254771,10244381,description,true,74,98,158
197,10186329,10180919,title,true,74,48,19
197,10186155,10041835,title,true,74,34,47
197,10186693,10041877,description,true,74,89,1027
197,10186469,10041823,title,true,74,32,56
197,10248995,10041821,description,true,74,120,1027
197,10098375,10041879,description,true,74,169,1026
197,10073971,10244371,description,true,74,89,227
197,10186469,10041841,description,true,74,153,1029
197,10179047,10014665,description,true,74,151,101
197,10174639,10041873,description,true,74,159,1026
197,10186559,10145047,description,true,74,152,51
197,10073703,10041871,description,true,74,205,1025
197,10073659,10041839,description,true,74,206,1028
197,10252689,10180919,description,true,74,108,43
197,10097251,10041847,title,true,74,39,46
197,10186693,10244381,title,true,74,26,28
197,10073703,10041877,title,true,74,32,48
197,10073661,10041821,title,true,74,27,48
197,10186329,10041835,description,true,74,163,1026
197,10186717,10041879,title,true,74,47,47
197,10073653,10243509,title,true,74,29,35
197,10248889,10244371,title,true,74,45,36
197,10073637,10243471,title,true,74,32,35
198,10255067,10244381,description,false,76,184,158
198,10255071,10207611,title,false,76,45,36
198,10091347,10001931,description,false,76,176,125
198,10091325,10001497,description,false,76,210,140
198,1011625,10244583,title,false,76,35,28
198,10255065,10234521,description,false,76,174,295
198,10255069,10001527,title,false,76,51,48
198,1011624,10240187,title,false,76,39,66
198,10091321,10002003,title,false,76,65,52
198,10255069,10241519,description,false,76,173,117
198,1011624,10002337,description,false,76,65,141
198,10091367,1020500,description,false,76,193,107
198,10255059,10266647,title,false,76,51,38
198,10091339,10001573,description,false,76,204,154
198,10255077,10266661,description,false,76,317,314
198,10255077,10019567,title,false,76,60,40
198,10255061,10243499,description,false,76,176,221
198,10091367,10207619,title,false,76,61,38
198,10091325,10186821,title,false,76,68,87
198,10091347,10001989,title,false,76,60,48
198,10091339,10186793,title,false,76,65,83
198,10091317,10185911,title,false,76,49,51
198,10091321,10157901,description,false,76,200,137
198,10091317,10266619,description,false,76,180,44
198,10255065,10002195,title,false,76,52,53
198,10255073,10243433,description,false,76,183,97
198,10255067,10040633,title,false,76,56,34
198,10124959,10243509,title,false,76,67,35
198,10255057,10185909,description,false,76,187,88
198,10255057,10243441,title,false,76,53,33
198,10091351,10186807,description,false,76,193,394
198,10124959,10186823,description,false,76,177,303
198,1011625,10234493,description,false,76,61,340
198,10091351,10251419,title,false,76,61,63
198,10255059,10251421,description,false,76,164,178
198,10255071,10185893,description,false,76,319,88
199,10213227,10032521,description,false,74,112,90
199,10213323,10243537,description,false,74,96,136
199,10213269,10178029,title,false,74,60,40
199,10213221,1010483,description,false,74,114,189
199,10135081,10032455,title,false,74,60,40
199,10134879,1010437,description,false,74,110,128
199,10213245,10032551,description,false,74,126,149
199,10213269,1010438,description,false,74,124,127
199,10213293,1010476,title,false,74,65,31
199,10213259,10243509,title,false,74,55,35
199,10213313,1022304,title,false,74,62,25
199,10244469,1010440,description,false,74,176,128
199,10135081,10161373,description,false,74,94,103
199,10185875,10032753,description,false,74,103,89
199,10213221,10032691,title,false,74,61,35
199,10213259,1013848,description,false,74,100,121
199,10244549,10187235,title,false,74,29,28
199,10256415,10032521,title,true,74,47,38
199,10185875,10243537,title,true,74,48,24
199,10213333,10032521,description,true,74,87,90
199,10213333,10178029,title,true,74,65,40
199,10213241,10243537,description,true,74,238,136
199,10213241,1010483,title,true,74,62,31
199,10134545,10178029,description,true,74,102,99
199,10213293,1010483,description,true,74,113,189
199,10256415,10032455,description,true,74,83,105
199,10213323,10032455,title,true,74,51,40
199,10134879,1010437,title,true,74,54,32
199,10134545,10032551,title,true,74,53,50
199,10213245,1010438,title,true,74,78,31
199,10134909,1010437,description,true,74,76,128
199,10244549,10032551,description,true,74,304,149
199,10135107,1010438,description,true,74,108,127
199,10213263,1010476,description,true,74,110,156
199,10244301,1022304,description,true,74,314,105
199,10213313,1010440,description,true,74,115,128
199,10135107,1010476,title,true,74,59,31
199,10213227,10243509,title,true,74,59,35
199,10213263,1022304,title,true,74,57,25
199,10244469,1010440,title,true,74,36,23
199,10134909,10161373,title,true,74,63,42
2,10030219,10030061,title,false,79,52,46
2,10030219,10029321,description,false,79,111,200
20,10106211,10245635,title,false,72,75,55
20,10244679,10106459,description,false,72,100,89
20,10106049,10145033,description,false,72,536,380
20,10235895,10130745,title,false,72,52,37
20,10053689,10157955,description,false,72,87,87
20,10244679,10061057,title,false,72,48,60
20,10072215,10233287,title,false,72,72,38
20,10166847,10095277,description,false,72,59,125
20,10235891,10039477,description,false,72,95,81
20,10235895,10059749,description,false,72,68,109
20,10106119,10180919,description,false,72,513,43
20,10053697,10030055,title,false,72,56,49
20,10189749,10038885,title,false,72,46,48
20,10106009,10157901,description,false,72,414,137
20,10237431,10060231,description,false,72,120,90
20,10106047,10207461,description,false,72,519,121
20,10235893,10157939,description,false,72,52,85
20,10252619,10245193,title,false,72,58,54
20,10106049,10274029,title,false,72,63,36
20,10244149,10265887,description,false,72,200,698
20,10106211,1010508,description,false,72,480,116
20,10237431,10243441,title,false,72,54,33
20,10244149,10237921,title,false,72,53,66
20,10030665,10059721,title,false,72,76,57
20,10056103,10217835,description,false,72,113,1016
20,10252591,10233297,description,false,72,119,100
20,10056583,10002761,title,false,72,58,40
20,10193605,10242647,title,false,72,59,42
20,10252509,10089225,title,false,72,62,42
20,10252555,10233359,description,false,72,124,103
20,10106159,10242673,title,false,72,64,45
20,10106139,10013269,title,false,72,81,42
20,10143867,10170215,description,false,72,65,81
20,10143757,10177419,title,false,72,51,64
20,10252613,10053779,title,false,72,57,42
20,10030679,10235405,description,false,72,354,660
20,10193605,10243523,description,false,72,198,97
20,10106321,10144959,description,false,72,428,365
20,10053689,1010510,title,false,72,59,31
20,10168021,10205399,description,false,72,446,224
20,10180909,10233307,title,false,72,43,28
20,10168021,10245265,title,false,72,78,52
20,10235891,10182333,title,false,72,58,65
20,10053675,10243433,title,false,72,51,33
20,10143829,10244993,description,false,72,99,81
20,10072215,10095323,description,false,72,825,136
20,10040031,10265867,description,false,72,64,516
20,10180909,10233283,description,false,72,98,117
200,10101253,10051445,description,false,78,130,162
200,10051103,10003827,description,false,78,110,204
200,10101227,10089315,title,false,78,25,48
200,10051005,10098655,title,false,78,50,45
200,10051179,10174335,title,false,78,45,47
200,10179319,10157881,description,false,78,118,512
200,10027183,10236385,title,false,78,69,46
200,10203317,10007597,title,false,78,56,44
200,10051105,10224375,description,false,78,122,121
200,10179309,10003823,title,false,78,63,71
200,10051101,10132123,description,false,78,134,136
200,10051207,10135877,title,false,78,46,47
200,10051143,10003817,description,false,78,125,203
200,10051089,10157879,title,false,78,56,44
200,10051151,10003853,description,false,78,120,203
200,10203309,10132139,description,false,78,131,65
200,10051073,10030743,description,false,78,128,1411
200,10051097,10243471,title,false,78,44,35
200,10050931,10040389,description,false,78,124,86
200,10051197,10244277,title,false,78,41,28
200,10051005,10021541,description,false,78,129,43
200,10051203,10021551,title,false,78,27,51
200,10051093,10003851,title,false,78,40,67
200,10027197,10003815,description,false,78,89,203
200,10111403,10132135,description,false,78,92,63
200,10051139,10137267,title,false,78,58,32
200,10051151,10001211,title,false,78,46,53
200,10216841,10003809,title,false,78,45,67
200,10051073,10180919,title,false,78,44,19
200,10051131,10239619,description,false,78,121,59
200,10108845,10030751,title,false,78,33,41
200,10051139,10003801,description,false,78,127,201
200,10099069,10003825,description,false,78,116,203
200,10179319,10003807,title,false,78,54,71
200,10051159,10003849,title,false,78,43,68
200,10051093,10098661,description,false,78,125,66
200,10051197,10236393,description,false,78,132,324
200,10124795,10003847,title,false,78,47,71
200,10179309,10132131,description,false,78,94,67
200,10051159,10040391,description,false,78,129,86
200,10203309,10003813,title,false,78,35,67
200,10124795,10132125,description,false,78,118,77
200,10051131,10003811,title,false,78,49,67
200,10051179,10098647,description,false,78,129,84
200,10051101,10089313,title,false,78,41,35
200,10216841,10003831,description,false,78,120,165
200,10027183,10132133,description,false,78,99,60
200,10050931,10231649,title,false,78,40,58
201,10073959,10115237,title,false,72,38,44
201,10066975,10244343,title,false,72,35,32
201,10066951,10115279,title,false,72,55,33
201,10073959,10032753,description,false,72,66,89
201,10252717,10180919,description,false,72,108,43
201,10066959,10145333,description,false,72,67,108
201,10066969,10243479,title,false,72,31,30
201,10073971,10092535,title,false,72,41,63
201,10073971,10032673,description,false,72,89,145
201,10066951,10145327,description,false,72,76,107
201,10156373,10244579,title,false,72,23,32
201,10252717,10056541,title,false,72,46,66
201,10156373,10177983,description,false,72,95,138
201,10066969,10115283,description,false,72,63,46
202,1000709,10207639,description,false,71,73,299
202,10137607,10111407,title,false,71,68,62
202,10135457,10251419,title,false,71,73,63
202,10135457,10002003,description,false,71,111,124
202,10198197,10125235,description,false,71,55,157
202,10135509,10027171,description,false,71,103,92
202,10198197,10092535,title,false,71,44,63
202,1000710,1001050,title,false,71,38,58
202,10139537,10234505,title,false,71,73,66
202,10135509,10051111,title,false,71,77,63
202,10135499,10001497,title,false,71,69,38
202,10135495,10111401,title,false,71,73,62
202,10139537,10002195,description,false,71,123,141
202,10135495,10251421,description,false,71,112,178
202,10135499,10027167,description,false,71,113,92
202,10137607,10111397,description,false,71,112,127
202,1000710,10179351,description,false,71,164,144
202,1000709,10125225,title,false,71,29,89
202,10135449,10019567,title,false,71,73,40
203,10071081,10098667,title,false,77,36,37
203,10242895,10117251,title,false,77,34,44
203,10266795,10117265,title,false,77,23,44
203,10021469,10117233,title,false,77,36,44
203,10137997,10117239,description,false,77,204,171
203,10021449,10144187,description,false,77,189,229
203,10138037,10117227,description,false,77,200,171
203,10182143,10260009,title,false,77,36,41
203,10262137,10098667,title,true,77,64,37
203,10166685,10098667,description,true,77,183,112
203,10182143,10117251,description,true,77,683,171
203,10137101,10117265,description,true,77,1027,171
203,10071081,10117233,description,true,77,615,173
203,10117203,10117251,title,true,77,25,44
203,10137189,10117265,title,true,77,41,44
203,10137997,10117233,title,true,77,47,44
203,10248557,10117239,description,true,77,854,171
203,10064639,10117239,title,true,77,58,44
203,10166685,10144187,title,true,77,30,45
203,10250653,10117227,title,true,77,45,44
203,10250647,10144187,description,true,77,186,229
203,10274569,10117227,description,true,77,130,171
203,10092025,10260009,description,true,77,636,161
203,10021449,10260009,title,true,77,26,41
203,10137005,10098667,title,true,77,44,37
203,10182159,10117251,title,true,77,38,44
203,10030431,10117265,title,true,77,27,44
203,10262137,10098667,description,true,77,607,112
203,10063557,10117233,title,true,77,25,44
203,10137145,10117239,title,true,77,46,44
203,10248557,10144187,title,true,77,33,45
203,10137127,10117227,title,true,77,44,44
203,10266795,10117251,description,true,77,197,171
203,10137145,10117265,description,true,77,1025,171
203,10088889,10117233,description,true,77,187,173
203,10075931,10260009,title,true,77,22,41
203,10137043,10098667,title,true,77,49,37
203,10137043,10117239,description,true,77,843,171
203,10233999,10144187,description,true,77,660,229
203,10137037,10117227,description,true,77,202,171
203,10138039,10117251,title,true,77,45,44
203,10138029,10117265,title,true,77,49,44
203,10248355,10260009,description,true,77,571,161
203,10248355,10117233,title,true,77,36,44
203,10108333,10117239,title,true,77,37,44
203,10088889,10144187,title,true,77,40,45
203,10030431,10098667,description,true,77,232,112
205,10080603,10254049,title,false,79,57,45
205,10263095,10111409,title,false,79,62,62
205,10234485,10111393,description,false,79,371,127
205,10076055,10254039,description,false,79,152,148
205,10076055,10266647,title,false,79,41,38
205,10080407,10179351,description,false,79,207,144
205,10013051,10179289,title,false,79,56,81
205,10016283,10236211,title,false,79,79,63
205,10234491,10146651,title,false,79,70,54
205,10197735,10111401,title,false,79,75,62
205,10080601,10179321,description,false,79,326,135
205,10190887,10254041,description,false,79,208,148
205,10108465,10027171,title,false,79,64,56
205,10080607,10111417,description,false,79,279,93
205,10013065,10251421,description,false,79,245,178
205,10013065,10111405,title,false,79,55,56
205,10263103,10158165,title,false,79,55,79
205,10080601,10111397,title,false,79,77,56
205,10234505,10111395,title,false,79,66,62
205,10080603,10111407,description,false,79,238,93
205,10016283,10246803,description,false,79,620,187
205,10263103,10027167,description,false,79,302,92
205,10186807,10179337,description,false,79,394,100
205,10197629,10001975,title,false,79,74,56
205,10186777,10254019,description,false,79,294,159
205,10197735,10254037,description,false,79,555,148
205,10080607,10002195,title,false,79,65,53
205,10016747,10254049,description,true,79,159,148
205,10013051,10111409,description,true,79,237,93
205,10190887,10254049,title,true,79,73,45
205,10197629,10111393,description,true,79,683,127
205,10186777,10111409,title,true,79,61,62
205,10234505,10254039,description,true,79,342,148
205,10263095,10179351,description,true,79,312,144
205,10234485,10266647,title,true,79,64,38
205,10016747,10111393,title,true,79,51,56
205,10080407,10254039,title,true,79,51,45
205,10186807,10179351,title,true,79,86,89
205,10234491,10179289,description,true,79,383,136
205,10108465,10236211,description,true,79,276,839
206,10234289,10063861,title,false,78,31,36
206,10063735,10129533,title,false,78,31,23
206,10226609,10048145,description,false,78,220,106
206,10226565,10006039,title,false,78,59,32
206,10063721,10063887,description,false,78,212,160
206,10020721,10120903,title,false,78,47,32
206,10063841,10074431,description,false,78,212,159
206,10063675,10006079,description,false,78,207,120
206,10245941,10063861,description,true,78,212,160
206,10020719,10063861,title,true,78,33,36
206,10234313,10129533,title,true,78,30,23
206,10226609,10048145,title,true,78,59,23
206,10128977,10006039,title,true,78,34,32
206,10129009,10063887,title,true,78,34,38
206,10234351,10120903,title,true,78,30,32
206,10020719,10129533,description,true,78,208,109
206,10174725,10048145,description,true,78,209,106
206,10246023,10006039,description,true,78,302,166
206,10246013,10074431,title,true,78,31,24
206,10246069,10006079,title,true,78,38,18
206,10246167,10063887,description,true,78,207,160
206,10063803,10063861,title,true,78,39,36
206,10063853,10120903,description,true,78,214,167
206,10246035,10074431,description,true,78,211,159
206,10245917,10129533,title,true,78,41,23
206,10020721,10006079,description,true,78,217,120
206,10248479,10063861,description,true,78,216,160
206,10063653,10129533,description,true,78,207,109
206,10246111,10048145,description,true,78,209,106
206,10108723,10006039,description,true,78,211,166
206,10108745,10048145,title,true,78,33,23
206,10245959,10006039,title,true,78,40,32
206,10234387,10063887,description,true,78,218,160
206,10236555,10120903,description,true,78,213,167
206,10246107,10063887,title,true,78,41,38
206,10063841,10120903,title,true,78,36,32
206,10108745,10074431,description,true,78,206,159
206,10234453,10074431,title,true,78,31,24
206,10234289,10006079,description,true,78,218,120
206,10245917,10063861,description,true,78,306,160
208,10074433,10030351,description,false,74,196,274
208,10167925,10075941,description,false,74,196,207
208,10074437,10029397,title,false,74,35,48
208,10074453,10030413,title,false,74,35,33
208,10074451,10018013,title,false,74,34,22
208,10167925,10030397,title,false,74,37,21
208,10001657,10161571,description,false,74,114,188
208,10074463,10021449,title,false,74,39,26
208,10001209,10137319,title,false,74,48,54
208,10074431,10274569,title,false,74,24,22
208,10234239,10247615,title,false,74,52,45
208,10001657,10071097,title,false,74,47,36
208,10074463,10243983,description,false,74,197,500
208,10074447,10092025,description,false,74,193,636
208,10252869,10166685,title,false,74,42,30
208,10074433,10002467,title,false,74,35,43
208,10074453,10018967,description,false,74,196,202
208,10252869,10101427,description,false,74,462,186
208,10074431,10242953,description,false,74,159,637
208,10001209,10018991,description,false,74,164,257
208,10234239,10253247,description,false,74,633,220
209,10012767,10132131,description,false,81,127,67
209,10012767,10012733,title,false,81,51,33
209,10012807,10017401,title,false,81,51,83
209,10012807,10012869,description,false,81,127,89
209,10012797,10132133,description,false,81,114,60
21,10132381,10039969,description,false,70,151,77
21,10051325,10233307,title,false,70,42,28
21,10051331,10002269,title,false,70,38,51
21,10132463,10255963,title,false,70,41,53
21,10168521,10196897,title,false,70,51,43
21,10233311,10006191,title,false,70,37,60
21,10054785,10030743,title,false,70,50,50
21,10016269,10274029,description,false,70,614,107
21,1020977,10021513,description,false,70,96,120
21,10019579,10017211,description,false,70,151,97
21,10239447,10043097,description,false,70,129,265
21,10001345,10002193,title,false,70,68,39
21,10265465,10244699,description,false,70,91,93
21,10239467,10111349,title,false,70,48,48
21,10239453,10001975,title,false,70,49,56
21,10004491,10273987,description,false,70,100,112
21,1022503,10197039,description,false,70,80,141
21,10019843,10199945,description,false,70,132,106
21,10017237,10030751,description,false,70,119,1411
21,1015375,10003259,title,false,70,27,58
21,10019715,10021491,description,false,70,181,120
21,10242701,10062167,description,false,70,116,102
21,10261985,10130747,title,false,70,48,40
21,1015375,10213415,description,false,70,112,86
21,1020977,10021509,title,false,70,43,46
21,10016267,10021505,title,false,70,69,39
21,10017237,10162697,title,false,70,27,55
21,10019643,10242467,title,false,70,43,63
21,10168521,10202005,description,false,70,147,63
21,10016271,10002825,title,false,70,79,43
21,10207317,10039955,title,false,70,31,61
21,10019655,10021507,title,false,70,54,56
21,10239449,10003077,title,false,70,35,53
21,10239467,10003051,description,false,70,132,127
21,10063325,10051283,title,false,70,36,52
21,10054835,10021497,description,false,70,101,100
21,10242645,10001007,description,false,70,112,100
21,10235661,10130745,title,false,70,38,37
21,10016269,10080609,title,false,70,79,43
21,10207271,10039011,title,false,70,51,56
21,10054781,10213437,title,false,70,45,59
21,10260563,10266653,title,false,70,37,56
21,10089511,10132045,description,false,70,80,101
21,10132347,10075395,title,false,70,57,51
21,10054781,10021499,description,false,70,103,95
21,10239447,10021519,title,false,70,53,47
21,10051325,10006199,description,false,70,168,78
21,10132565,10002827,description,false,70,152,90
21,10016271,10199989,description,false,70,589,119
21,10054835,10004315,title,false,70,45,34
210,10145065,10180483,title,false,77,41,33
210,10244575,10051283,title,false,77,42,52
210,10244285,10244679,title,false,77,37,48
210,10244525,10193723,description,false,77,103,57
210,10145021,10181885,title,false,77,60,36
210,10244343,10181821,title,false,77,32,46
210,10244285,1010508,description,false,77,150,116
210,10244683,1010510,description,false,77,54,114
210,10244377,10244457,title,false,77,36,33
210,10244343,10089441,description,false,77,193,262
210,10244371,10197589,title,false,77,36,70
210,10244669,10089457,title,false,77,29,65
210,10145065,10089377,description,false,77,139,262
210,10244385,10181873,description,false,77,133,194
210,10244671,10166937,title,false,77,33,54
210,10145021,10089323,description,false,77,300,262
210,10244671,10089347,description,false,77,158,260
210,10244371,10203339,description,false,77,227,99
210,10244575,10181759,description,false,77,114,227
210,10244577,1014828,title,false,77,38,44
210,10244377,10051287,description,false,77,105,57
210,10244385,10181943,title,false,77,47,42
210,10244577,10089365,description,false,77,100,262
210,10244525,10265867,title,false,77,34,41
212,10197729,10002337,description,false,77,602,141
212,10245789,10243499,description,false,77,220,221
212,10197727,10002003,title,false,77,79,52
212,10197737,10111405,description,false,77,476,127
212,10236739,10002193,title,false,77,84,39
212,10075177,10145033,description,false,77,496,380
212,10234523,10185041,title,false,77,70,39
212,10271953,10111395,title,false,77,48,62
212,10225009,10001211,title,false,77,78,53
212,10168463,10263095,description,false,77,220,312
212,10075177,10240187,title,false,77,64,66
212,10245789,10001975,title,false,77,72,56
212,10075165,10251421,description,false,77,630,178
212,10234533,10019559,description,false,77,291,191
212,10225009,10027171,description,false,77,207,92
212,10197729,10179337,title,false,77,55,84
212,10197737,10001931,title,false,77,63,47
212,10197727,10241525,description,false,77,470,215
212,10234533,10111417,title,false,77,68,62
212,10168463,10251419,title,false,77,75,63
212,10197741,10241509,title,false,77,91,68
212,10144797,10019567,title,false,77,65,40
212,10236739,10001573,description,false,77,211,154
212,10144797,10241519,description,false,77,167,117
212,10234523,10111407,description,false,77,334,93
212,10075165,10001989,title,false,77,72,48
212,10271953,10001527,description,false,77,87,121
212,10197741,10111393,description,false,77,736,127
214,10001483,10266603,title,false,78,34,34
214,10239847,10240225,title,false,78,61,41
214,10266625,10271401,description,false,78,49,56
214,10266631,10019559,title,false,78,43,39
214,10266653,10063693,title,false,78,56,34
214,10266635,10256739,title,false,78,42,36
214,10001731,10256697,title,false,78,44,42
214,10266661,10234075,description,false,78,314,622
214,10000945,10256711,description,false,78,460,610
214,10002393,10184915,title,false,78,45,50
214,10001003,10240299,title,false,78,46,42
214,10001111,10256675,title,false,78,40,37
214,10266643,10266773,description,false,78,458,865
214,10239871,10256647,description,false,78,600,406
214,10239871,10256673,title,false,78,57,51
214,10000945,10203339,title,false,78,41,41
214,10001483,10256703,description,false,78,432,596
214,10130747,10032691,title,false,78,40,35
214,10266653,10256685,description,false,78,640,426
214,10002487,10000973,description,false,78,138,854
214,10266643,10256701,title,false,78,43,56
214,10001111,10256649,description,false,78,286,425
214,10001899,10256689,title,false,78,21,42
214,10001445,10256671,title,false,78,57,42
214,10002487,10256677,title,false,78,72,37
214,10002393,10256737,description,false,78,195,597
214,10266635,10181019,description,false,78,296,60
214,10266661,10256645,title,false,78,45,49
214,10001899,10137151,description,false,78,437,724
214,10001731,10256663,description,false,78,873,365
214,10266625,10256733,title,false,78,50,36
214,10001445,10136767,description,false,78,231,62
214,10266631,10041871,description,false,78,266,1025
214,10130745,10233269,title,false,78,37,27
216,10074433,10006047,description,false,75,196,187
216,10074433,10274349,title,false,75,35,46
216,10074453,10137995,description,false,75,196,207
216,10074451,10137287,title,false,75,34,39
216,10074463,10006055,description,false,75,197,196
216,10074463,10242891,title,false,75,39,34
216,10074453,10137981,title,false,75,35,52
218,10198061,10256711,description,false,77,111,610
218,10198135,10111393,description,false,77,203,127
218,10214973,10274867,description,false,77,299,68
218,1016231,10256739,title,false,77,45,36
218,10135523,10256671,title,false,77,90,42
218,10014801,10256677,description,false,77,77,357
218,10135507,10256689,description,false,77,120,335
218,10125235,10161863,description,false,77,157,63
218,10084985,10274891,title,false,77,77,40
218,10214987,10256733,description,false,77,367,730
218,10214973,10051111,title,false,77,66,63
218,10014759,10111405,description,false,77,198,127
218,10125225,10261449,description,false,77,136,748
218,10145421,10256737,title,false,77,87,36
218,10198091,10111397,title,false,77,47,56
218,10084985,10256703,description,false,77,115,596
218,10198117,10019563,title,false,77,59,40
218,10135503,10168427,title,false,77,88,84
218,10014759,1001050,title,false,77,71,58
218,10135497,10256711,title,true,77,74,36
218,10139009,10111393,title,true,77,54,56
218,10145421,10256711,description,true,77,120,610
218,10125237,10274867,title,true,77,81,40
218,10012515,10256739,title,true,77,84,36
218,10125229,10111393,description,true,77,157,127
218,10012515,10274867,description,true,77,132,68
218,1016231,10256739,description,true,77,365,671
218,10198061,10256671,title,true,77,54,42
218,10125225,10256677,title,true,77,89,37
218,10166625,10256689,title,true,77,53,42
218,10014801,10161863,title,true,77,46,46
218,10125229,10274891,title,true,77,57,40
218,10198095,10256733,title,true,77,55,36
218,10198091,10256671,description,true,77,102,433
218,10125237,10256677,description,true,77,158,357
218,10125235,10051111,title,true,77,85,63
218,10166625,10256689,description,true,77,408,335
218,10135497,10161863,description,true,77,66,63
218,10214987,10111405,title,true,77,66,56
218,10139009,10274891,description,true,77,149,68
22,10256423,10004111,title,false,70,49,62
22,10003363,10017013,description,false,70,123,123
22,10003597,10004145,title,false,70,74,58
22,10008639,10017723,title,false,70,66,41
22,10003497,10004131,description,false,70,135,117
22,10062243,10017589,title,false,70,58,42
22,10261607,10051283,description,false,70,84,104
22,10263143,10004121,title,false,70,60,57
22,10050791,10017679,title,false,70,51,43
22,10187743,10017781,description,false,70,74,100
22,10041421,10017869,description,false,70,95,106
22,10159225,10003899,description,false,70,51,118
22,10147465,10180919,title,false,70,55,19
22,10136257,10017747,description,false,70,78,108
22,10136049,10030055,title,false,70,64,49
22,10238843,10017693,title,false,70,50,54
22,10241683,10017629,description,false,70,115,112
22,10003249,10207133,description,false,70,68,91
22,10117015,10089225,title,false,70,51,42
22,10147263,1014828,description,false,70,107,105
22,10014361,10017081,title,false,70,47,61
22,10014337,10004143,title,false,70,48,57
22,10214275,10017847,title,false,70,71,51
22,10014337,10017001,description,false,70,87,101
22,10089043,10017737,description,false,70,105,106
22,10035883,10017913,description,false,70,70,121
22,10239079,10017749,description,false,70,71,105
22,10239207,10243471,title,false,70,47,35
22,10241683,10017915,title,false,70,60,45
22,10214283,10206969,title,false,70,61,48
22,10050791,10016991,description,false,70,80,115
22,10089045,10016985,description,false,70,98,118
22,10038931,10017861,description,false,70,78,106
22,10261607,10017833,title,false,70,67,56
22,10237957,1010508,title,false,70,58,31
22,10256611,10017835,description,false,70,111,106
22,10041407,10004155,title,false,70,43,60
22,10187753,10004151,description,false,70,68,122
22,10214275,10237771,description,false,70,86,76
22,10136049,10017667,description,false,70,76,107
22,10202819,10017829,title,false,70,33,43
22,10003497,10003123,title,false,70,57,59
22,10003543,10007743,title,false,70,54,62
22,10239207,10201927,description,false,70,70,57
22,10256611,10017601,title,false,70,59,56
22,10003543,10004115,description,false,70,77,124
22,10003605,10017761,description,false,70,84,102
22,10261913,10017917,description,false,70,92,115
22,10147443,10004135,title,false,70,56,62
22,1011679,10017007,description,false,70,155,118
220,10213067,10052497,description,false,75,57,281
220,10255481,10145677,description,false,75,121,174
220,10197225,10145685,description,false,75,67,174
220,10134899,10016703,title,false,75,53,44
220,10203221,10157913,title,false,75,47,33
220,10212933,10243457,title,false,75,71,34
220,10134709,10231919,description,false,75,82,57
220,10255677,10205463,title,false,75,43,39
220,10255709,10052645,title,false,75,63,45
220,10212997,10005937,title,false,75,69,64
220,10134821,10231917,title,false,75,51,35
220,10134479,10231901,title,false,75,70,36
220,10213177,10052641,description,false,75,67,281
220,10212885,10052385,description,false,75,58,278
220,10145323,10232001,description,false,75,105,57
220,10212925,10231905,description,false,75,89,57
220,10255835,10243471,title,false,75,59,35
220,10212933,10052349,description,false,75,73,278
220,10145245,10016685,title,false,75,33,44
220,10212957,10051919,title,false,75,56,48
220,10255759,10267989,title,false,75,64,65
220,10145253,10137813,description,false,75,75,57
220,10212997,10231969,description,false,75,91,57
220,10213017,10193723,title,false,75,64,38
220,10134797,10231913,title,false,75,45,35
220,10213189,10231941,description,false,75,83,66
220,10255817,10205469,title,false,75,67,47
220,10134817,10157931,description,false,75,67,91
220,10213059,10166937,description,false,75,67,233
220,10212989,10052505,title,false,75,64,53
220,10145253,10252513,title,false,75,45,47
220,10255751,10052497,title,true,75,56,45
220,10145245,10052497,description,true,75,106,281
220,10134821,10145677,description,true,75,56,174
220,10213189,10145677,title,true,75,77,60
220,10255601,10145685,title,true,75,47,60
220,10181381,10016703,title,true,75,74,44
220,10213121,10145685,description,true,75,79,174
220,10134511,10157913,title,true,75,52,33
220,10255651,10243457,title,true,75,53,34
220,10181381,10157913,description,true,75,870,92
220,10244447,10231919,description,true,75,115,57
220,10213213,10205463,description,true,75,89,98
220,10212957,10052645,description,true,75,56,276
220,10213213,10231919,title,true,75,71,35
220,10145333,10205463,title,true,75,37,39
220,10213059,10052645,title,true,75,65,45
220,10255677,10231917,description,true,75,123,57
221,10234485,10244459,title,false,80,64,37
221,10234527,10072517,title,false,80,57,45
221,10207639,10003477,title,false,80,57,78
221,10186779,10025541,description,false,80,310,312
221,10234527,10145025,description,false,80,251,214
221,10234485,10145043,description,false,80,371,215
221,10186777,10241801,title,false,80,61,67
221,10197627,10145047,title,false,80,61,31
221,10207639,1010546,description,false,80,299,368
221,10197627,10145061,description,false,80,229,138
221,10197159,10238561,description,false,80,275,219
221,10016747,10238981,title,false,80,51,47
221,10186777,10205527,description,false,80,294,449
221,10080407,10233297,description,false,80,207,100
221,10186843,10244583,description,false,80,332,158
221,10186843,10157901,title,false,80,71,34
221,10186779,10243471,title,false,80,69,35
221,10197159,10236695,title,false,80,64,72
221,10207637,10180919,title,false,80,73,19
221,10207637,10244421,description,false,80,330,121
221,10080407,10174751,title,false,80,51,40
221,10016747,10020323,description,false,80,159,313
222,10247475,10162605,title,false,75,54,51
222,10213393,10164325,description,false,75,117,113
222,10213447,10026739,description,false,75,132,106
222,10247471,1015375,title,false,75,68,27
222,10247471,10239427,description,false,75,152,115
222,10213447,10085983,title,false,75,60,37
222,10247475,1014042,description,false,75,118,66
222,10213393,10159095,title,false,75,60,38
222,10006199,10233311,title,false,75,60,37
222,10213369,10221405,description,false,75,115,94
222,10244671,10262005,title,false,75,33,55
222,10244671,10207439,description,false,75,158,108
222,10006199,10216863,description,false,75,78,419
222,10213369,10207465,title,false,75,64,45
223,10096329,10155813,title,false,77,83,86
223,10105693,10157955,description,false,77,112,87
223,10096347,10157939,title,false,77,74,28
223,10156855,10173807,title,false,77,61,53
223,10105697,10233297,description,false,77,110,100
223,10025079,10157877,title,false,77,75,27
223,10025079,10098655,description,false,77,108,179
223,10017365,10163701,description,false,77,112,125
223,10101379,10196325,title,false,77,43,74
223,10096347,10001479,description,false,77,112,520
223,10098825,10145033,title,false,77,46,47
223,10101379,10144987,description,false,77,74,139
223,10156855,10205717,description,false,77,100,70
223,10098771,10132131,description,false,77,89,67
223,10098771,10101113,title,false,77,49,41
223,10017365,10185191,title,false,77,74,38
223,10105703,10098661,description,false,77,111,66
223,10096329,10098647,description,false,77,121,84
223,10140057,10231185,title,false,77,81,52
223,10105697,10180919,title,false,77,70,19
223,10180149,10185349,title,false,77,83,47
223,10252655,10092051,description,false,77,98,71
223,10140057,10244577,description,false,77,122,100
223,10140045,10157901,description,false,77,118,137
223,10180149,10244311,description,false,77,125,240
223,10105691,10040391,title,false,77,74,57
223,10105693,10070531,title,false,77,72,51
223,10098847,10231149,title,false,77,47,54
223,10140045,10207271,title,false,77,75,51
223,10252655,10244581,title,false,77,47,24
223,10098825,10145079,description,false,77,81,240
223,10105691,10132135,description,false,77,114,63
223,10105703,10231171,title,false,77,71,57
225,10186469,10017437,title,false,79,32,36
225,10025345,10017459,description,false,79,205,410
225,10073685,10017421,description,false,79,213,375
225,10186469,10180919,description,false,79,153,43
225,10073637,10265887,title,false,79,32,42
225,10248895,10017443,description,false,79,136,392
225,10073637,10017457,description,false,79,193,356
225,10025345,10017445,title,false,79,28,36
225,10133399,10243537,title,false,79,35,24
225,10133399,10017441,description,false,79,209,411
225,10073685,10181809,title,false,79,35,52
225,10248895,10190997,title,false,79,39,73
227,10234525,10206743,title,false,70,73,57
227,10234533,10002003,description,false,70,291,124
227,10225009,10111407,title,false,70,78,62
227,10225009,10179321,description,false,70,207,135
227,10234533,10003729,title,false,70,68,39
227,10234525,10179351,description,false,70,305,144
228,10145017,10255871,title,false,74,46,48
228,10002963,10212973,description,false,74,98,77
228,10256949,1010500,title,false,74,75,28
228,10256967,10196897,description,false,74,125,87
228,10145033,10255789,description,false,74,380,57
228,10180489,10205441,description,false,74,437,594
228,10256917,10255879,title,false,74,71,68
228,10257007,10235405,description,false,74,125,660
228,10257011,10243563,description,false,74,128,159
228,10257023,10255503,description,false,74,93,80
228,10002963,10243509,title,false,74,58,35
228,10256985,10236403,description,false,74,111,303
228,10136607,1010498,description,false,74,117,112
228,10257045,10262755,title,false,74,55,69
228,10136525,1009547,title,false,74,74,27
228,10257023,10212867,title,false,74,47,77
228,10256963,10235369,title,false,74,55,31
228,10257011,10235389,title,false,74,63,31
228,10145033,10255817,title,false,74,47,67
228,10144959,10243479,title,false,74,48,30
228,10180489,10255571,title,false,74,48,48
228,10256887,10196893,description,false,74,123,96
228,10136607,10267895,title,false,74,74,79
228,10257047,10193689,description,false,74,96,117
228,10144961,10255743,title,false,74,31,48
228,10257047,10267989,title,false,74,67,65
228,10256979,10255653,description,false,74,140,58
228,10072381,10180483,title,false,74,55,33
228,10256985,1013866,title,false,74,77,34
228,10256949,10262947,description,false,74,143,280
228,10256979,10264839,title,false,74,74,44
228,10136529,10255723,description,false,74,123,57
228,10136529,1017725,title,false,74,73,28
228,10144961,10212979,description,false,74,351,86
228,10257007,10213125,title,false,74,50,50
228,10256963,10213215,description,false,74,124,80
228,10136525,10255663,description,false,74,135,58
228,10257013,1013864,description,false,74,149,152
228,10256885,10255871,description,true,74,112,58
228,10244677,10212973,description,true,74,84,77
228,10144959,1010500,description,true,74,365,130
229,10012715,10021545,description,false,74,81,92
229,10012721,10001773,title,false,74,79,46
229,10012741,10089313,title,false,74,37,35
229,10012719,10132123,title,false,74,57,48
229,10012721,10040389,description,false,74,121,86
229,10012739,10017365,description,false,74,65,112
229,10012719,10017383,description,false,74,135,123
229,10012715,10145033,title,false,74,53,47
229,10012705,10040391,title,false,74,54,57
229,10012739,10017359,title,false,74,64,74
229,10012729,10018925,description,false,74,47,592
229,10012729,10196281,title,false,74,32,46
23,10246505,10243479,title,false,67,39,30
23,10052421,10231969,description,false,67,349,57
23,10223361,10198083,title,false,67,43,39
23,10052637,10012985,description,false,67,293,90
23,1022177,10256015,title,false,67,46,43
23,10052137,10012839,title,false,67,41,49
23,10052033,10198085,description,false,67,372,89
23,1022179,10184387,title,false,67,45,56
23,10044431,10137603,title,false,67,49,41
23,10223359,10074409,description,false,67,460,96
23,10052443,10128883,title,false,67,40,23
23,10184211,10056541,title,false,67,58,66
23,10089007,10012861,description,false,67,280,97
23,10069587,10012969,description,false,67,286,48
23,10069587,10198379,title,false,67,60,55
23,10052553,10039913,title,false,67,50,36
23,10223347,10106753,description,false,67,390,71
23,10052723,10198207,description,false,67,304,189
23,10223327,10243563,title,false,67,51,30
23,10052519,10014817,description,false,67,303,83
23,10052123,10012981,title,false,67,52,47
23,10052711,10012843,description,false,67,329,61
23,10036169,10012859,description,false,67,288,81
23,10051975,10101727,description,false,67,304,42
23,10075283,10012869,description,false,67,315,89
23,10223347,10012865,title,false,67,39,47
23,10089007,10244583,title,false,67,40,28
23,10223321,10012959,description,false,67,460,100
23,10223337,10106775,title,false,67,51,26
23,10044433,10012965,title,false,67,44,47
23,10044471,10012845,description,false,67,299,46
23,10052569,10012863,title,false,67,39,49
23,10044439,10205395,description,false,67,301,229
23,10223361,10012881,description,false,67,528,52
23,10223339,10012841,title,false,67,48,47
23,10052235,10157901,description,false,67,308,137
23,10052017,10038885,description,false,67,371,111
23,10052221,10243509,title,false,67,51,35
23,101473,10038731,description,false,67,421,93
23,10223359,10012853,title,false,67,51,42
23,10052421,10216763,title,false,67,62,38
23,10051985,10012963,title,false,67,48,47
23,10052235,10180407,title,false,67,54,53
23,10052637,10205399,title,false,67,52,48
23,10052245,10238981,description,false,67,292,72
23,101473,10012855,title,false,67,50,45
23,10223353,10012873,description,false,67,474,89
23,10052489,10012971,title,false,67,47,47
230,10244575,10159303,title,false,76,42,68
230,10145065,10145045,title,false,76,41,31
230,10244371,10140019,title,false,76,36,40
230,10244575,10213333,description,false,76,114,87
230,10145021,10144987,title,false,76,60,24
230,10244385,10180483,description,false,76,133,167
230,10244385,10181943,title,false,76,47,42
230,10145065,10236385,description,false,76,139,329
230,10145021,1009364,description,false,76,300,99
230,10244371,10032753,description,false,76,227,89
231,10080565,10206921,description,false,74,133,83
231,10031035,10001975,title,false,74,68,56
231,10080569,10231649,description,false,74,111,40
231,10135449,10168427,title,false,74,73,84
231,10125225,10001573,description,false,74,136,154
231,10080565,10241519,title,false,74,35,65
231,10125235,10223121,description,false,74,157,106
231,10139015,10075491,title,false,74,54,59
231,10186821,10001527,description,false,74,399,121
231,10139015,10251419,description,false,74,140,133
231,10137607,10002761,title,false,74,68,40
231,10137607,10236209,description,false,74,112,493
231,10135499,10002337,description,false,74,113,141
231,10135499,10019567,title,false,74,69,40
231,10014801,1009000,title,false,74,46,38
231,10198095,10001211,description,false,74,111,108
231,10166625,10240187,description,false,74,408,141
231,10186807,10002003,title,false,74,86,52
231,10198095,10258363,title,false,74,55,74
231,10031035,10246549,description,false,74,227,81
231,10135457,10019559,description,false,74,111,191
231,10135457,10019563,title,false,74,73,40
231,10080567,10243499,description,false,74,118,221
231,10198091,10002195,title,false,74,47,53
231,10040633,10266647,title,false,74,34,38
231,10198091,10001931,description,false,74,102,125
231,10135495,10258369,description,false,74,112,1821
231,10125235,10251421,title,false,74,85,53
231,10135495,10033809,title,false,74,73,72
231,10186807,10206921,description,true,74,394,83
231,10135497,10001975,title,true,74,74,56
231,10186821,10206921,title,true,74,87,41
231,10263103,10231649,description,true,74,302,40
231,10198061,10231649,title,true,74,54,58
231,10014801,10168427,description,true,74,77,744
231,10080571,10001573,description,true,74,123,154
231,10135497,10241519,description,true,74,66,117
231,10263103,10168427,title,true,74,55,84
231,10166625,10001573,title,true,74,53,40
231,10125225,10241519,title,true,74,89,65
231,10198209,10223121,title,true,74,48,42
232,10030411,10244199,title,false,80,35,38
232,10029157,10064639,description,false,80,243,695
232,10030431,10108333,title,false,80,27,37
232,10030411,10244181,description,false,80,239,193
232,10030339,10001425,title,false,80,43,57
232,10030349,10182159,description,false,80,232,351
232,10029157,10248649,title,false,80,39,40
232,10018989,10248355,title,false,80,51,36
232,10018989,10092019,description,false,80,272,190
232,10030423,10137145,description,false,80,268,1025
232,10030423,10137997,title,false,80,49,47
232,10030339,10021449,description,false,80,244,189
232,10030431,10080181,description,false,80,232,100
232,10030349,10117227,title,false,80,41,44
233,10134191,10238655,description,false,76,55,107
233,10185407,10191467,description,false,76,53,71
233,10185191,10051287,title,false,76,38,58
233,10134189,10145031,title,false,76,54,27
233,10185471,10000729,title,false,76,38,75
233,10133947,10145041,description,false,76,62,121
233,10134215,10041839,description,false,76,45,1028
233,10133947,10041835,title,false,76,53,47
233,10185349,10234075,description,false,76,54,622
233,10134189,10255999,description,false,76,56,134
233,10134199,10236439,description,false,76,40,100
233,10185149,10144987,description,false,76,55,139
233,10134191,10013499,title,false,76,46,81
233,10185149,10041841,title,false,76,48,50
233,10185191,10242611,description,false,76,45,113
233,10185407,10145027,title,false,76,46,27
233,10185471,10244453,description,false,76,45,73
233,10134199,10236433,title,false,76,32,41
233,10185349,10128885,title,false,76,47,28
233,10134215,10021145,title,false,76,37,44
236,10247881,10017397,description,false,78,100,127
236,10071423,10115337,title,false,78,51,58
236,10247875,10196271,description,false,78,104,45
236,10065605,10132139,title,false,78,42,45
236,10065605,10089315,description,false,78,97,73
236,10071423,10019005,description,false,78,90,45
236,10247883,10089313,title,false,78,69,35
236,10247883,10098647,description,false,78,109,84
236,10247881,10065659,title,false,78,60,48
236,10247875,10073889,title,false,78,64,67
236,10247885,10115257,title,false,78,59,58
236,10247885,10012733,description,false,78,99,70
237,1020661,10041871,title,false,80,46,46
237,10232983,10041879,description,false,80,155,1026
237,1020662,10039845,title,false,80,50,39
237,1020662,10145677,description,false,80,305,174
237,10000911,10041835,description,false,80,143,1026
237,10000915,10106181,description,false,80,119,339
237,10000915,10041823,title,false,80,39,56
237,10185733,10041821,description,false,80,905,1027
237,10000911,10041841,title,false,80,43,50
237,1020661,10041877,description,false,80,301,1027
237,10000921,10041847,description,false,80,122,1212
237,10185733,10041839,title,false,80,37,49
237,10000921,10137151,title,false,80,38,47
237,10232983,10041873,title,false,80,32,47
240,10189681,10145021,description,false,75,159,300
240,10189681,10019567,title,false,75,60,40
241,10062173,10217009,title,false,76,58,47
241,10145021,10259381,title,false,76,60,77
241,10244371,10235951,description,false,76,227,334
241,10244371,10243509,title,false,76,36,35
241,10062173,10181873,description,false,76,137,194
241,10145021,10205689,description,false,76,300,63
244,10166625,10096435,description,false,82,408,99
244,10224689,10234525,description,false,82,158,305
244,10162019,10111407,description,false,82,95,93
244,10180373,10111405,description,false,82,85,127
244,10135433,1001050,description,false,82,96,275
244,10224689,10207419,title,false,82,78,58
244,10014759,10111397,description,false,82,198,127
244,1000744,10051111,title,false,82,36,63
244,10180477,10027171,description,false,82,115,92
244,10180473,10234505,title,false,82,48,66
244,10014759,10207409,title,false,82,71,72
244,1000716,10111395,title,false,82,56,62
244,10084985,10207335,title,false,82,77,57
244,1000744,10027167,description,false,82,93,92
244,1000716,10179337,description,false,82,225,100
244,10180373,10225759,title,false,82,56,18
244,10180477,10207637,title,false,82,74,73
244,1000717,10179321,description,false,82,209,135
244,10180473,10179289,description,false,82,98,136
244,10125241,10179351,description,false,82,195,144
244,10125237,10225789,description,false,82,158,307
244,10166625,10225943,title,false,82,53,38
244,10125241,10207639,title,false,82,62,57
244,10161993,10225909,title,false,82,42,42
244,10125233,10111393,title,false,82,66,56
244,1000709,10111417,title,false,82,29,62
244,1000717,10111401,title,false,82,55,62
244,10084985,10111409,description,false,82,115,93
244,1000709,10096435,description,true,82,73,99
244,10135433,10096435,title,true,82,85,83
244,10125233,10234525,description,true,82,180,305
244,10125237,10234525,title,true,82,81,73
248,10213377,10207271,title,false,74,59,51
248,10213401,10212973,title,false,74,58,74
248,10213459,10213185,description,false,74,102,78
248,10213383,10213035,title,false,74,65,67
248,10247475,10255879,title,false,74,54,68
248,10213395,10213061,description,false,74,98,57
248,10006191,10233311,description,false,74,95,144
248,10244699,10004315,description,false,74,93,107
248,10213395,10132601,title,false,74,62,36
248,10242467,10244679,title,false,74,63,48
248,10213383,10174751,description,false,74,168,116
248,10213421,10213083,description,false,74,158,73
248,10213455,10212867,description,false,74,125,112
248,10244671,10145065,title,false,74,33,41
248,10062233,1014042,title,false,74,66,43
248,10213455,10212997,title,false,74,57,69
248,10213415,10221407,description,false,74,86,108
248,10242467,10212981,description,false,74,92,102
248,10213419,10159095,description,false,74,139,104
248,10242373,10164325,title,false,74,58,50
248,10247479,10213213,title,false,74,61,71
248,10213437,10213193,description,false,74,91,72
248,10247483,10233359,description,false,74,117,103
248,10111349,10213067,title,false,74,48,57
248,10062299,10196921,description,false,74,117,95
248,10213385,1022503,title,false,74,72,23
248,10213353,10244575,description,false,74,153,114
248,10213401,10212967,description,false,74,112,61
248,10111349,10162605,description,false,74,106,134
248,10006199,10243471,title,false,74,60,35
248,10213443,10216863,title,false,74,69,39
248,10213415,10207441,title,false,74,55,40
248,10062233,10207465,description,false,74,175,105
248,10039969,10243509,title,false,74,61,35
248,10247475,10207317,description,false,74,118,97
248,10196893,10207271,title,true,74,48,51
248,10213369,10207271,description,true,74,115,124
248,10213437,10212973,title,true,74,59,74
248,10213371,10213185,title,true,74,80,69
248,10213371,10212973,description,true,74,160,77
248,10244695,10213185,description,true,74,76,78
248,10213413,10213035,description,true,74,159,66
248,10242373,10255879,description,true,74,127,96
248,10213443,10213061,description,true,74,126,57
248,10213447,10213035,title,true,74,60,67
248,10213421,10255879,title,true,74,78,68
248,10244671,10233311,description,true,74,158,144
248,10244695,10213061,title,true,74,27,59
248,10196893,10004315,description,true,74,96,107
25,10075915,10030411,description,false,69,190,239
25,10071795,10029157,description,false,69,185,243
25,10029797,10063519,description,false,69,135,246
25,10138039,10217987,description,false,69,200,162
25,10248355,10237425,title,false,69,36,62
25,10242917,10038835,title,false,69,34,35
25,10088889,10006063,title,false,69,40,36
25,10262143,10006051,description,false,69,216,168
25,10029811,10063511,description,false,69,130,246
25,10248557,10231553,description,false,69,854,619
25,10262087,10015165,description,false,69,190,77
25,10029695,10030423,description,false,69,134,268
25,10248355,10063537,description,false,69,571,253
25,10029819,10036077,description,false,69,140,167
25,10137167,10062243,title,false,69,41,58
25,10166909,10015141,title,false,69,38,61
25,10137997,10044109,title,false,69,47,33
25,10001425,10231599,title,false,69,57,86
25,10029805,10015161,title,false,69,44,57
25,10253533,10080177,description,false,69,547,94
25,10243989,10063507,title,false,69,36,42
25,10137043,10080173,description,false,69,843,104
25,10253623,10002441,title,false,69,48,25
25,10117195,10184387,description,false,69,141,74
25,10088889,10166833,description,false,69,187,642
25,10108333,10080179,description,false,69,877,94
25,10071785,10013495,title,false,69,34,91
25,10071067,10005995,title,false,69,43,36
25,10182147,10015153,description,false,69,185,81
25,10071065,10029253,description,false,69,482,214
25,10193605,10029299,title,false,69,59,55
25,10030397,10013617,title,false,69,21,67
25,10018279,10035977,description,false,69,220,165
25,10021461,10035999,title,false,69,53,41
25,10029753,10006029,description,false,69,139,263
25,10248227,10231569,title,false,69,38,67
25,10262083,10006055,title,false,69,48,36
25,1003485,10074083,description,false,69,304,69
25,10242891,10029207,description,false,69,471,159
25,10063569,10044701,title,false,69,35,33
25,10242899,10029259,description,false,69,185,194
25,10029809,10248403,description,false,69,133,128
25,10243959,10030339,title,false,69,37,43
25,10244145,10237427,description,false,69,264,77
25,10203229,1005386,description,false,69,198,245
25,10071051,10063529,description,false,69,189,250
250,10051339,10098655,title,false,78,53,45
250,10027169,10007829,description,false,78,90,234
250,10027197,10007733,title,false,78,61,62
250,10179309,10243575,title,false,78,63,48
250,10025885,10040389,title,false,78,68,57
250,10096301,10132139,description,false,78,104,65
250,10027189,10132133,title,false,78,58,45
250,10051369,10174335,description,false,78,92,59
250,10051339,10040391,description,false,78,90,86
250,10096263,10007597,title,false,78,46,44
250,10111403,10007835,title,false,78,61,43
250,10027173,10007705,description,false,78,94,225
250,10027179,10007719,description,false,78,90,234
250,10051369,10007591,title,false,78,48,51
250,10179293,10132123,title,false,78,51,48
250,10096291,10098657,title,false,78,46,48
250,10002627,10007673,title,false,78,50,47
250,10027195,10007797,description,false,78,99,223
250,10096303,10132125,title,false,78,50,45
250,10025889,10007763,description,false,78,706,320
250,10027155,10098655,title,true,78,54,45
250,10096267,10098655,description,true,78,95,179
250,10096271,10007829,title,true,78,49,54
250,10051349,10007829,description,true,78,90,234
250,10096291,10007733,description,true,78,87,246
250,10111411,10007733,title,true,78,61,62
250,10111403,10243575,description,true,78,92,87
250,10025889,10243575,title,true,78,65,48
250,10096263,10040389,description,true,78,77,86
250,10051371,10132139,description,true,78,88,65
250,10027169,10040389,title,true,78,39,57
250,10111411,10132133,description,true,78,92,60
250,10025885,10174335,description,true,78,703,59
250,10027163,10040391,description,true,78,87,86
250,10096289,10007597,description,true,78,104,224
250,10179309,10007835,description,true,78,94,223
250,10027155,10007705,description,true,78,90,225
250,10051371,10132139,title,true,78,51,45
250,10027179,10132133,title,true,78,62,45
250,10027195,10174335,title,true,78,63,47
250,10096303,10007719,description,true,78,107,234
250,10027183,10040391,title,true,78,69,57
250,10027173,10007597,title,true,78,58,44
250,10002627,10007591,description,true,78,86,237
250,10027165,10132123,description,true,78,84,136
250,10027197,10098657,description,true,78,89,68
250,10051349,10007835,title,true,78,53,43
250,10027163,10007705,title,true,78,51,49
253,10242629,10041839,title,false,77,41,49
253,10260315,10024537,title,false,77,55,61
253,10234787,10041847,description,false,77,126,1212
253,10004509,10217061,description,false,77,128,132
253,10161551,10041821,title,false,77,76,48
253,10260315,10160969,description,false,77,134,139
253,10242629,10234793,description,false,77,87,163
253,10004509,10181717,title,false,77,51,33
253,10234787,10041835,title,false,77,52,47
253,10161551,10163519,description,false,77,83,150
254,10236551,10002195,description,false,75,46,141
254,10235649,10002003,description,false,75,62,124
254,10236543,10232357,description,false,75,41,77
254,10265419,10145033,description,false,75,71,380
254,10186807,10013425,description,false,75,394,90
254,10235645,10266661,title,false,75,31,45
254,10003725,10240187,description,false,75,41,141
254,10236549,10244421,description,false,75,42,121
254,10235649,10001989,title,false,75,50,48
254,10207431,10251421,title,false,75,25,53
254,10207433,10002337,description,false,75,68,141
254,10235659,10233297,title,false,75,34,38
254,10207309,10001585,title,false,75,37,47
254,10207433,10001573,title,false,75,27,40
254,10235659,10001203,description,false,75,43,149
254,10265419,10231651,title,false,75,51,51
254,10236543,10243499,title,false,75,29,53
254,10235645,10013399,description,false,75,48,97
254,10236547,10241525,title,false,75,41,68
254,10235653,10241509,title,false,75,33,68
254,10236545,10266647,title,false,75,29,38
254,10235653,10001773,description,false,75,42,150
254,10186821,10251419,description,false,75,399,133
254,10186807,10001665,title,false,75,86,42
254,10186821,10266601,title,false,75,87,46
254,10003725,10241519,title,false,75,42,65
254,10236545,10001931,description,false,75,47,125
254,10236549,10001527,title,false,75,33,48
254,10207301,10266621,description,false,75,59,50
254,10207309,10231649,description,false,75,71,40
254,10207431,10092465,description,false,75,71,463
254,10207301,10019567,title,false,75,39,40
254,10236551,10002761,title,false,75,43,40
254,10236547,10143393,description,false,75,55,326
254,10236535,10002195,description,true,75,42,141
255,10244525,10247807,description,false,81,103,53
255,10244575,10017489,description,false,81,114,163
255,10244575,10032691,title,false,81,42,35
255,10244577,10185321,title,false,81,38,64
255,10244343,10121853,title,false,81,32,68
255,10244343,10233307,description,false,81,193,75
255,10244577,10235311,description,false,81,100,76
255,10244371,10205395,description,false,81,227,229
255,10244285,1010508,description,false,81,150,116
255,10244371,10188253,title,false,81,36,40
255,10244285,10243509,title,false,81,37,35
255,10244525,10207305,title,false,81,34,43
256,10012701,10014845,description,false,85,63,107
256,10247875,10217013,description,false,85,104,279
256,10012707,10162009,title,false,85,73,57
256,10247885,10244277,title,false,85,59,28
256,10012739,10135481,description,false,85,65,107
256,10162339,10198191,title,false,85,65,52
256,10003837,10178285,description,false,85,204,254
256,10162325,10145347,title,false,85,86,39
256,10247881,10145021,description,false,85,100,300
256,10003833,10017397,description,false,85,205,127
256,10003833,10243509,title,false,85,67,35
256,10012721,10031183,title,false,85,79,63
256,10247877,10048545,title,false,85,52,48
256,10247877,10198123,description,false,85,74,87
256,10065623,10040099,description,false,85,66,76
256,10127533,10180483,description,false,85,114,167
256,10012723,10135485,title,false,85,69,66
256,10247875,10225727,title,false,85,64,43
256,10003837,10014825,title,false,85,66,61
256,10012739,10014783,title,false,85,64,62
256,10065623,10135497,title,false,85,45,74
256,10065659,10145313,description,false,85,82,105
256,10012701,10244583,title,false,85,65,28
256,10127533,10145245,title,false,85,51,33
256,10162339,10217011,description,false,85,213,271
256,10065659,10145323,title,false,85,48,33
256,10012707,10244401,description,false,85,63,119
256,10247881,10039935,title,false,85,60,48
256,10162325,10244381,description,false,85,227,158
256,10127531,10144983,description,false,85,114,133
256,10127531,10135503,title,false,85,51,88
256,10012721,10021359,description,false,85,121,64
256,10247885,10017405,description,false,85,99,123
258,10253199,10117101,description,false,76,638,147
258,10137045,10266917,title,false,76,72,24
258,10253199,10159407,title,false,76,47,37
258,10137045,10127099,description,false,76,570,140
26,10013041,10064585,description,false,74,143,90
26,10012497,10041841,title,false,74,72,50
26,10186803,10243433,title,false,74,58,33
26,10271953,10231649,description,false,74,87,40
26,10258249,10237777,description,false,74,310,56
26,10207357,10015985,title,false,74,44,38
26,10197737,10000805,description,false,74,476,167
26,10190893,10247807,description,false,74,206,53
26,10190893,10001003,title,false,74,64,46
26,10190887,10274029,description,false,74,208,107
26,10138175,10007811,description,false,74,259,203
26,10013787,10207069,description,false,74,92,99
26,10258249,10111417,title,false,74,77,62
26,10186843,10158013,title,false,74,71,62
26,10016727,10237779,title,false,74,48,39
26,10138179,10041823,description,false,74,199,1035
26,10190651,10170487,title,false,74,71,70
26,10207461,10206867,description,false,74,121,92
26,10207141,10000729,title,false,74,53,75
26,10207639,10242647,description,false,74,299,96
26,10234493,10233297,title,false,74,69,38
26,10197737,10001975,title,false,74,63,56
26,10138139,10206969,description,false,74,267,92
26,10197173,10185561,title,false,74,56,42
26,10139057,10266661,description,false,74,276,314
26,10197735,10001211,title,false,74,75,53
26,10225009,10158053,title,false,74,78,63
26,10207637,10274009,title,false,74,73,66
26,10234487,10000657,description,false,74,404,174
26,10234523,10157955,title,false,74,70,28
26,10190887,10170571,title,false,74,73,70
26,10197627,10111395,description,false,74,229,93
26,10013035,10216611,description,false,74,226,69
26,10207637,10096403,description,false,74,330,105
26,10080407,10009743,description,false,74,207,124
26,10051241,10111409,title,false,74,42,62
26,10225009,10001931,description,false,74,207,125
26,10234527,10157939,description,false,74,251,85
26,10186821,10237785,description,false,74,399,56
26,10014759,10157915,title,false,74,71,35
26,10190651,10009695,description,false,74,232,129
26,10207141,10216641,description,false,74,156,68
26,10207409,10051111,title,false,74,72,63
26,10207335,10013315,description,false,74,151,60
26,10207335,10009767,title,false,74,57,81
26,10206805,10179351,title,false,74,44,89
26,10207409,10041821,description,false,74,149,1027
26,10013041,10241519,title,false,74,43,65
26,10234525,10266743,title,false,74,73,30
26,10234491,10009723,title,false,74,70,78
262,10145021,1010510,title,false,81,60,31
262,10145021,10013269,description,false,81,300,105
262,10244525,10258387,description,false,81,103,3670
262,10244577,10017495,title,false,81,38,58
262,10244371,10225009,title,false,81,36,78
262,10244671,10017667,description,false,81,158,107
262,10244385,10205395,title,false,81,47,50
262,10244285,10271953,title,false,81,37,48
262,10244343,1014818,description,false,81,193,118
262,10244575,10030013,description,false,81,114,108
262,10244421,10155005,title,false,81,27,81
262,10244577,10159585,description,false,81,100,501
262,10244377,10234533,title,false,81,36,68
262,10244579,10151371,title,false,81,32,72
262,10244385,10151459,description,false,81,133,131
262,10145065,10258385,title,false,81,41,26
262,10145065,1016061,description,false,81,139,135
262,10244575,10258355,title,false,81,42,77
262,10244371,10059721,description,false,81,227,93
262,10244285,10171295,description,false,81,150,110
262,10244377,10038885,description,false,81,105,111
262,10244421,10154575,description,false,81,121,129
262,10244525,10245355,title,false,81,34,54
262,10244671,10154189,title,false,81,33,81
266,10019797,10145053,description,false,79,125,214
266,10051541,10244381,description,false,79,54,158
266,1015402,10145043,description,false,79,108,215
266,10184313,10244371,description,false,79,55,227
266,10039917,10137151,description,false,79,56,724
266,10244003,10244583,title,false,79,42,28
266,10053767,10041847,description,false,79,138,1212
266,10256053,10145053,description,true,79,169,214
266,10261845,10145053,title,true,79,68,31
266,10265445,10244381,title,true,79,43,28
266,10053773,10145043,title,true,79,48,31
266,10236233,10244381,description,true,79,60,158
266,10053737,10145043,description,true,79,112,215
266,10233287,10244371,title,true,79,38,36
266,10273991,10244371,description,true,79,67,227
266,10236839,10137151,title,true,79,48,47
266,10053779,10244583,title,true,79,42,28
266,10212829,10137151,description,true,79,59,724
266,10184313,10041847,title,true,79,36,46
266,10053731,10145053,title,true,79,45,31
266,10053737,10244381,title,true,79,55,28
266,10053773,10244583,description,true,79,98,158
266,10053731,10041847,description,true,79,123,1212
266,10256053,10145043,title,true,79,74,31
266,10236839,10145053,description,true,79,63,214
266,10260343,10244381,description,true,79,168,158
266,10053733,10244371,title,true,79,51,36
266,10265467,10137151,title,true,79,47,47
266,10233287,10145043,description,true,79,54,215
266,10265445,10244371,description,true,79,56,227
266,10260313,10244583,title,true,79,43,28
266,10019797,10041847,title,true,79,59,46
266,10244003,10137151,description,true,79,112,724
266,10261845,10244583,description,true,79,137,158
266,10053725,10041847,description,true,79,118,1212
266,10167141,10145053,title,true,79,52,31
266,10260313,10145053,description,true,79,167,214
266,10273991,10244381,title,true,79,64,28
266,10260343,10145043,title,true,79,45,31
266,10001511,10244371,title,true,79,63,36
266,10001511,10244381,description,true,79,78,158
266,10255989,10137151,title,true,79,49,47
266,10212837,10244583,title,true,79,43,28
266,10212837,10145043,description,true,79,62,215
266,10260329,10244371,description,true,79,204,227
266,10265467,10137151,description,true,79,71,724
266,10265487,10244583,description,true,79,65,158
266,10260329,10041847,title,true,79,57,46
267,10164429,10258363,title,false,75,67,74
267,10164429,10027167,description,false,75,282,92
267,10240047,10243509,title,false,75,53,35
267,10263103,10051111,description,false,75,302,126
267,10240047,10237931,description,false,75,133,76
267,10263103,10199855,title,false,75,55,36
27,10015819,10231949,title,false,69,46,66
27,10030255,10121929,title,false,69,58,75
27,10030139,10064153,title,false,69,48,45
27,10017723,10206643,description,false,69,104,63
27,10028095,10101121,description,false,69,108,79
27,10233297,10013491,description,false,69,100,158
27,10030097,10003365,description,false,69,120,91
27,10060313,10231913,title,false,69,56,35
27,10028121,10013487,title,false,69,52,72
27,10017857,10003505,title,false,69,48,51
27,10030097,1027089,title,false,69,56,52
27,10253749,10169125,title,false,69,53,40
27,10029991,10012413,description,false,69,110,59
27,10030111,10064029,description,false,69,118,58
27,10217005,10212925,description,false,69,116,89
27,10253749,10017017,description,false,69,98,80
27,10254679,10073437,description,false,69,107,58
27,10028095,10101129,title,false,69,50,42
27,10030195,10213067,title,false,69,51,57
27,10030111,10004169,title,false,69,54,54
27,10017723,10017085,title,false,69,41,48
27,10017629,10013623,title,false,69,49,72
27,10236431,10106267,title,false,69,22,67
27,10018857,10109075,description,false,69,106,55
27,10029543,10145333,description,false,69,111,108
27,10060167,10205463,description,false,69,113,98
27,10128161,10064049,description,false,69,100,56
27,10060167,10145027,title,false,69,61,27
27,10059963,10212967,title,false,69,73,62
27,10015831,10000355,description,false,69,112,55
27,10217005,10121145,title,false,69,49,62
27,10018845,10121941,description,false,69,109,59
27,10059963,10231987,description,false,69,127,118
27,10015819,10073825,description,false,69,91,58
27,10017631,10243471,title,false,69,53,35
27,10018845,10013541,title,false,69,48,72
27,10004421,10013305,title,false,69,44,62
27,10017857,10073337,description,false,69,111,66
27,10029509,10180681,title,false,69,56,33
27,10060541,10143887,description,false,69,118,56
27,10142419,10011181,title,false,69,49,59
27,10220891,10188545,description,false,69,91,74
270,10053897,10001573,title,false,81,51,40
270,10135877,10014785,description,false,81,120,107
270,10247875,10239781,title,false,81,64,64
270,10135877,10241509,title,false,81,47,68
270,10196265,10014825,description,false,81,66,82
270,10053901,10258405,description,false,81,112,1334
270,10018983,10266647,title,false,81,77,38
270,10019005,10243479,title,false,81,20,30
270,10247883,10198123,title,false,81,69,36
270,10012705,10241525,description,false,81,81,215
270,10053899,10019567,title,false,81,31,40
270,10012721,10258387,title,false,81,79,24
270,10040391,10258363,description,false,81,86,1396
270,10247875,10002195,description,false,81,104,141
270,10012721,10178285,description,false,81,121,254
270,10247881,10132059,description,false,81,100,122
270,10053895,10198225,title,false,81,50,37
270,10018931,10241519,title,false,81,84,65
270,10247881,10001211,title,false,81,60,53
270,10196271,10145033,title,false,81,37,47
270,10024959,10198085,title,false,81,56,38
270,10196853,10240187,title,false,81,44,66
270,10247883,10092535,description,false,81,109,204
270,10019005,10001573,description,true,81,45,154
270,10012733,10239821,title,false,81,33,53
270,10018985,10014785,description,true,81,576,107
270,10053899,10241509,description,true,81,100,215
270,10012705,10001573,title,true,81,54,40
270,10018931,10014825,description,true,81,457,82
270,10040391,10014785,title,true,81,57,61
270,10196269,10239781,title,true,81,57,64
270,10024959,10258405,description,true,81,79,1334
270,10196269,10243479,description,true,81,116,161
270,10053895,10198123,description,true,81,111,87
270,10207207,10241525,description,true,81,841,215
270,10089313,10241509,title,true,81,35,68
270,10012733,10258387,description,true,81,70,3670
270,10018985,10014825,title,true,81,63,61
270,10018983,10258363,description,true,81,585,1396
270,10012715,10258405,title,true,81,53,19
270,10207207,10266647,title,true,81,55,38
271,10197757,10017413,title,false,79,54,51
271,10025345,10186693,description,false,79,205,89
271,10197757,10017441,description,false,79,121,411
271,10197743,10252735,title,false,79,46,38
271,10025345,10017451,title,false,79,28,35
271,10197743,10265887,description,false,79,121,698
272,10238487,10002003,description,false,76,382,124
272,10253963,10001975,title,false,76,53,56
272,10235649,10241525,title,false,76,50,68
272,10185083,10074387,title,false,76,62,26
272,10185585,10246639,title,false,76,76,26
272,10236803,10266647,title,false,76,35,38
272,10206989,10051111,description,false,76,124,126
272,10253997,10002763,title,false,76,56,36
272,10253975,10001573,description,false,76,200,154
272,10185083,10031035,description,false,76,139,227
272,10253973,10235647,description,false,76,195,44
272,10238487,10266601,title,false,76,61,46
272,10235761,10235639,description,false,76,162,42
272,10185563,10002193,title,false,76,63,39
272,10236797,10001527,description,false,76,58,121
272,10235649,10236539,description,false,76,62,62
272,10036923,10240187,title,false,76,64,66
272,10036909,1001050,description,false,76,199,275
272,10236803,10001665,description,false,76,63,99
272,10185585,10251419,description,false,76,146,133
272,10253975,10019567,title,false,76,64,40
272,10206989,10001931,title,false,76,64,47
272,10036923,10185267,description,false,76,210,51
272,10253997,10074385,description,false,76,192,66
272,10235761,10019559,title,false,76,84,39
272,10036909,10173145,title,false,76,55,62
272,10185563,10236551,description,false,76,150,46
272,10236797,1009000,title,false,76,30,38
272,10223021,10001203,description,false,76,536,149
272,10253973,10001773,title,false,76,59,46
272,10253963,10241519,description,false,76,193,117
272,10223021,10233269,title,false,76,57,27
274,10080611,10251421,title,false,79,48,53
274,10182617,10231649,title,false,79,66,58
274,10247035,10233459,title,false,79,59,43
274,10196241,10041847,description,false,79,52,1212
274,10080611,10253201,description,false,79,54,756
274,10236783,10137151,title,false,79,41,47
274,10247035,10013543,description,false,79,60,201
274,10260611,10130745,title,false,79,59,37
274,10182399,10013523,description,false,79,110,168
274,10053737,10001989,title,false,79,55,48
274,10246959,10001931,title,false,79,64,47
274,10182399,10098757,title,false,79,69,25
274,10051585,10237917,title,false,79,58,47
274,10019805,10041871,title,false,79,53,46
274,10051585,10244583,description,false,79,96,158
274,10182617,10014683,description,false,79,71,94
274,10233287,10041823,description,false,79,54,1035
274,10260611,10000715,description,false,79,145,175
274,10182349,10000697,title,false,79,61,79
274,10233287,10001497,title,false,79,38,38
274,10182349,10041835,description,false,79,66,1026
274,10053737,10261867,description,false,79,112,88
274,10196241,10239821,title,false,79,53,53
274,10019805,10000717,description,false,79,75,178
274,10236783,10266661,description,false,79,61,314
274,10246959,10181929,description,false,79,65,196
275,10190887,10226629,description,false,73,208,239
275,10207409,10074449,description,false,73,149,195
275,10224643,10001715,description,false,73,229,371
275,10198197,10012883,description,false,73,55,86
275,10198067,10063723,description,false,73,61,211
275,10135509,10012881,title,false,73,77,49
275,10014837,10012853,description,false,73,104,43
275,10080601,10266623,description,false,73,326,477
275,10014795,10071463,description,false,73,110,141
275,10021181,10012873,title,false,73,54,45
275,10161985,10001003,title,false,73,63,46
275,10207419,10226629,description,true,73,147,239
275,10014837,10226629,title,true,73,59,56
275,10198067,10074449,title,true,73,48,34
275,10234505,10001715,title,true,73,66,15
275,10185081,10074449,description,true,73,130,195
275,10135497,10001715,description,true,73,66,371
275,10198055,10012883,title,true,73,39,45
275,10197741,10012883,description,true,73,736,86
275,10207637,10063723,title,true,73,73,41
275,10162001,10012881,title,true,73,41,49
275,10098487,10063723,description,true,73,78,211
275,10208597,10012853,title,true,73,62,42
275,10135499,10266623,title,true,73,69,47
275,10161893,10012881,description,true,73,100,52
275,10012519,10012853,description,true,73,90,43
275,10031035,10071463,title,true,73,68,45
275,10180399,10012873,title,true,73,47,45
275,10198197,10001003,title,true,73,44,46
275,10091339,10226629,title,true,73,65,56
275,10014761,10074449,title,true,73,68,34
275,10014831,10001715,title,true,73,68,15
275,10014831,10266623,description,true,73,129,477
275,10161955,10071463,description,true,73,101,141
275,10198177,10012873,description,true,73,93,89
275,10014795,10012883,title,true,73,48,45
275,10014815,10226629,description,true,73,218,239
275,10014801,10063723,title,true,73,46,41
275,10135509,10074449,description,true,73,103,195
275,10234491,10001715,description,true,73,383,371
275,10198207,10012881,title,true,73,39,49
275,10190887,10012853,title,true,73,73,42
275,10234505,10012883,description,true,73,342,86
275,10198207,10063723,description,true,73,189,211
275,10207637,10012881,description,true,73,330,52
276,10247479,10197547,title,false,80,61,82
276,10244695,10203339,description,false,80,76,99
276,10244671,10056403,title,false,80,33,66
276,10244575,10244583,description,false,80,114,158
276,10247479,10258365,description,false,80,132,2244
276,10145065,10027629,description,false,80,139,111
276,10145065,10029997,title,false,80,41,46
276,10247429,10232357,title,false,80,63,74
276,10247443,10056613,description,false,80,136,74
276,10244575,10053735,title,false,80,42,53
276,10244671,10247703,description,false,80,158,52
276,10247443,10055815,title,false,80,62,61
276,10247429,10039923,description,false,80,134,59
276,10244371,10258387,title,false,80,36,24
276,10244695,10145043,title,false,80,27,31
276,10244371,10068081,description,false,80,227,110
277,10003825,10001573,title,false,80,67,40
277,10146433,10145033,description,false,80,85,380
277,10098657,10251421,description,false,80,68,178
277,10018931,10001773,description,false,80,457,150
277,10132059,10157901,title,false,80,62,34
277,10257983,10241519,title,false,80,41,65
277,10040391,10014845,title,false,80,57,52
277,10098657,10014785,title,false,80,48,61
277,10003819,10198123,description,false,80,207,87
277,10174335,10073919,title,false,80,47,70
277,10012733,10266637,title,false,80,33,45
277,10003853,10193867,description,false,80,203,152
277,10027099,10145021,title,false,80,83,60
277,10239619,10198085,description,false,80,59,89
277,10179277,10266647,title,false,80,62,38
277,10257983,10129433,description,false,80,123,258
277,10012733,10092535,description,false,80,70,204
277,10003829,10258405,title,false,80,68,19
277,10003815,10019567,title,false,80,67,40
277,10003833,10198225,description,false,80,205,88
277,10254201,10258387,title,false,80,49,24
277,10068483,10001203,description,false,80,98,149
277,10018927,10243499,description,false,80,461,221
277,10003845,10002763,title,false,80,71,36
277,10027099,10002195,description,false,80,695,141
277,10098651,10169931,title,false,80,45,63
277,10021545,10205395,title,false,80,59,50
277,10068465,10243479,title,false,80,63,30
277,10132059,10206021,description,false,80,122,100
277,10174335,10001211,description,false,80,59,108
277,10018925,10243509,title,false,80,59,35
277,10003811,10001585,description,false,80,203,170
277,10132131,10178285,description,false,80,67,254
277,10132123,10258359,description,false,80,136,1452
277,10098651,10002337,description,false,80,82,141
277,10132133,10240187,title,false,80,45,66
277,10179277,10266661,description,false,80,115,314
277,10018931,10205399,title,false,80,84,48
278,10224657,10179351,title,false,78,45,89
278,1000746,10179321,description,false,78,79,135
278,10224671,10190649,title,false,78,52,74
278,10031085,10145421,title,false,78,46,87
278,1000729,10179289,description,false,78,199,136
278,1000746,10179351,title,true,78,37,89
278,10224671,10179351,description,true,78,100,144
278,10135473,10179321,title,true,78,70,80
278,1000729,10190649,title,true,78,50,74
278,10135473,10179321,description,true,78,100,135
278,10274905,10145421,title,true,78,69,87
278,10135433,10190649,description,true,78,96,294
278,10031085,10145421,description,true,78,211,120
278,10135433,10179289,title,true,78,85,81
278,1000744,10179351,title,true,78,36,89
278,10224657,10179289,description,true,78,110,136
278,1000745,10179351,description,true,78,82,144
278,1000717,10179321,title,true,78,55,80
278,10274905,10179321,description,true,78,98,135
278,10106603,10190649,description,true,78,109,294
278,1000744,10145421,description,true,78,93,120
278,10106603,10190649,title,true,78,65,74
278,1000721,10145421,title,true,78,67,87
278,1000717,10179289,description,true,78,209,136
278,1000721,10179351,description,true,78,104,144
28,10247479,10055883,title,false,67,61,59
28,10181205,10019083,description,false,67,99,606
28,10260589,10244385,description,false,67,143,133
28,10207253,10019087,description,false,67,97,586
28,10198009,10019143,description,false,67,141,598
28,10234523,10019165,title,false,67,70,64
28,10198009,10019091,title,false,67,39,64
28,10025539,10019077,title,false,67,55,64
28,10207465,10193723,description,false,67,105,57
28,10132253,10019075,description,false,67,159,598
28,10033649,10019229,description,false,67,1012,580
28,10033723,10019151,description,false,67,940,607
28,10068081,10019227,description,false,67,110,600
28,10024583,10019185,title,false,67,46,64
28,10197547,10019147,title,false,67,82,64
28,10233311,10244575,title,false,67,37,42
28,10254241,10019203,title,false,67,76,64
28,10247443,10019095,description,false,67,136,606
28,1010542,10019195,title,false,67,57,64
28,10236207,10019073,description,false,67,929,604
28,10247483,10056403,description,false,67,117,62
28,10024945,10243509,title,false,67,53,35
28,10132469,10201927,description,false,67,110,57
28,10242373,10019071,title,false,67,58,64
28,10207465,10121997,title,false,67,45,54
28,10207457,10019161,description,false,67,138,586
28,10238563,10019067,title,false,67,55,64
28,10033649,10019065,title,false,67,66,64
28,10234533,10096225,description,false,67,291,149
28,10081401,10169253,title,false,67,59,66
28,10132253,10274009,title,false,67,57,66
28,10225009,10202005,description,false,67,207,63
28,10048579,10019101,description,false,67,94,589
28,10027629,10056613,description,false,67,111,74
28,10254245,10019207,description,false,67,127,599
28,10207271,10019163,description,false,67,124,601
28,10256035,10019181,title,false,67,39,63
28,10068081,10168427,title,false,67,51,84
28,10225009,10019159,title,false,67,78,64
28,10025555,10019219,description,false,67,311,620
28,10081401,10019063,description,false,67,112,584
28,10028353,10019197,description,false,67,121,606
28,10236739,10019209,description,false,67,211,599
28,10028353,10019079,title,false,67,63,64
28,10244695,10019167,description,false,67,76,585
28,10024927,10019139,title,false,67,57,64
28,10024583,10019085,description,false,67,315,606
28,10271953,10019193,description,false,67,87,607
28,10026855,10213937,description,false,67,308,100
280,10017451,10097195,title,false,77,35,39
280,10017455,10243537,description,false,77,397,136
280,10017437,10035383,title,false,77,36,44
280,10017453,10133431,title,false,77,37,47
280,10017457,10185471,description,false,77,356,45
280,10017457,10156375,title,false,77,36,34
280,10190997,10179061,description,false,77,218,184
280,10017453,10035419,description,false,77,357,107
280,10017437,10159501,description,false,77,356,231
280,10017455,10035427,title,false,77,51,50
280,10017451,10073665,description,false,77,355,196
280,10190997,10073659,title,false,77,73,28
280,10126755,10244311,description,false,77,270,240
280,10126755,10180919,title,false,77,59,19
281,10179321,10249055,description,false,73,135,110
281,10179289,10252709,title,false,73,81,36
281,10027167,10051479,title,false,73,56,41
281,10179289,10017461,description,false,73,136,355
281,10179351,10097219,title,false,73,89,32
281,10207419,10017443,description,false,73,147,392
281,10178967,10225727,title,false,73,40,43
281,10207639,10248995,description,false,73,299,120
281,10073971,10017433,description,false,73,89,356
281,1001050,10017427,description,false,73,275,376
281,10207639,1009000,title,false,73,57,38
281,10179321,10274867,title,false,73,80,40
281,10179351,10017453,description,false,73,144,357
281,10073959,10017409,description,false,73,66,389
281,10178967,10128245,description,false,73,110,231
281,1001050,10014817,title,false,73,58,51
281,10027167,10251421,description,false,73,92,178
281,10207419,10159501,title,false,73,58,39
281,10073959,10017419,title,false,73,38,57
281,10073971,10249019,title,false,73,41,55
283,10135429,10225943,description,false,80,241,283
283,10161959,10027167,title,false,80,60,56
283,10161969,10207639,description,false,80,201,299
283,10084985,10109005,title,false,80,77,66
283,10106603,10111393,description,false,80,109,127
283,10161905,10179321,title,false,80,48,80
283,10135503,10109003,description,false,80,120,71
283,10106611,10111409,title,false,80,49,62
283,10135485,10225789,description,false,80,134,307
283,10161969,10225759,title,false,80,56,18
283,10106613,10111401,description,false,80,100,93
283,10106609,10111407,description,false,80,96,93
283,10135527,10021345,description,false,80,116,50
283,10206417,10027171,description,false,80,85,92
283,10206417,10111417,title,false,80,59,62
283,10274875,10234505,description,false,80,105,342
283,10106591,10111405,description,false,80,97,127
283,10106609,10198073,title,false,80,50,59
283,10265499,1001050,description,false,80,147,275
283,10135527,10109001,title,false,80,84,65
283,10135507,10051111,title,false,80,88,63
283,10135513,10040099,title,false,80,77,61
283,10106589,10179289,title,false,80,51,81
283,10135481,10021359,title,false,80,61,48
283,10265511,10207637,title,false,80,65,73
283,10135513,10111395,description,false,80,109,93
283,10031183,10111397,description,false,80,288,127
283,10135485,10048545,title,false,80,66,48
283,10031117,10225943,title,true,80,70,38
283,10274875,10027167,title,true,80,82,56
283,10161985,10109005,title,true,80,63,66
283,10135523,10207639,title,true,80,90,57
283,10106589,10225943,description,true,80,97,283
283,10265511,10027167,description,true,80,141,92
283,10265499,10111393,title,true,80,45,56
283,10106603,10179321,title,true,80,65,80
283,10106611,10207639,description,true,80,95,299
283,10106613,10109003,title,true,80,70,70
283,10031117,10111393,description,true,80,314,127
283,10031183,10111409,title,true,80,63,62
283,10084985,10179321,description,true,80,115,135
283,10106591,10225789,title,true,80,51,38
283,10135481,10109003,description,true,80,107,71
284,10145065,10060299,title,false,81,41,56
284,10145065,10174517,description,false,81,139,211
284,10244671,10030213,title,false,81,33,48
284,10244671,10044683,description,false,81,158,231
287,10125241,10019567,title,false,73,62,40
287,10135469,10001527,description,false,73,166,121
287,10014939,10002003,description,false,73,117,124
287,10139533,10266647,title,false,73,71,38
287,10106609,10051111,title,false,73,50,63
287,10014941,10001497,description,false,73,113,140
287,10135513,10251419,description,false,73,109,133
287,10106615,10001931,description,false,73,96,125
287,10265499,10001573,title,false,73,45,40
287,10265511,10251421,title,false,73,65,53
287,10180477,10241519,title,false,73,74,65
287,10031035,10240187,description,false,73,227,141
287,10265511,1001050,description,false,73,141,275
287,10012555,10002761,title,false,73,78,40
287,10125241,10002337,description,false,73,195,141
287,10224675,10002195,description,false,73,154,141
287,10139555,10243499,description,false,73,258,221
287,10125235,10157915,title,false,73,85,35
287,10014939,10258405,title,false,73,41,19
287,10139555,10040633,title,false,73,54,34
287,10135489,10019567,title,true,73,69,40
287,10135489,10001527,description,true,73,109,121
287,10180473,10001527,title,true,73,48,48
287,10135469,10266647,title,true,73,74,38
287,10180441,10002003,title,true,73,70,52
287,10180441,10002003,description,true,73,112,124
287,10180929,10051111,description,true,73,82,126
287,10125235,10001497,description,true,73,157,140
287,10135513,10051111,title,true,73,77,63
287,10180473,10251419,description,true,73,98,133
287,10012517,10001931,description,true,73,137,125
287,10180929,10001497,title,true,73,51,38
287,10198055,10001573,description,true,73,164,154
287,10139533,10251421,description,true,73,278,178
287,10180403,10241519,description,true,73,107,117
287,10012555,10240187,description,true,73,152,141
287,10106615,10251419,title,true,73,50,63
287,10198055,10001931,title,true,73,39,47
287,10265499,1001050,description,true,73,147,275
287,10014941,10001573,title,true,73,48,40
287,10180403,10251421,title,true,73,59,53
287,10180477,10002337,description,true,73,115,141
287,10031035,10241519,title,true,73,68,65
287,10106609,10002195,description,true,73,96,141
287,10224675,10240187,title,true,73,49,66
287,10012517,10002761,title,true,73,87,40
292,10025329,10126767,title,false,76,41,53
292,10025329,10203369,description,false,76,180,196
294,10007597,10248297,title,false,79,44,48
294,10189741,10074431,description,false,79,98,159
294,10029491,10041847,description,false,79,166,1212
294,10029491,10041835,title,false,79,47,47
294,10189741,10051439,title,false,79,33,44
294,10189739,10041839,title,false,79,37,49
294,10189739,10041877,description,false,79,102,1027
294,10007597,10136639,description,false,79,224,157
296,10021477,10205395,description,false,78,153,229
296,10244671,10145021,title,false,78,33,60
296,10196893,10244385,description,false,78,96,133
296,10244671,10164325,description,false,78,158,113
296,10196893,10243509,title,false,78,48,35
296,10021477,10025691,title,false,78,59,46
298,10216841,10002751,title,false,75,45,56
298,10216841,10145021,description,false,75,120,300
299,10017445,10176723,title,false,75,36,54
299,10017443,10248061,title,false,75,37,53
299,10017459,10176751,title,false,75,36,49
299,10017427,10073643,description,false,75,376,210
299,10017445,10186599,description,false,75,410,155
299,10017409,10176755,description,false,75,389,94
299,10017417,10176785,description,false,75,409,91
299,10017449,10186375,description,false,75,409,151
299,10017417,10248025,title,false,75,35,56
299,10017409,10180919,title,false,75,36,19
299,10017441,10176781,description,false,75,411,110
299,10017443,10186469,description,false,75,392,153
299,10017449,10035405,title,false,75,35,51
299,10017459,10248017,description,false,75,410,181
3,10017079,10268249,description,false,82,71,71
3,10035825,10268141,title,false,82,46,53
3,10237777,10013541,title,false,82,43,72
3,10252513,10000761,description,false,82,60,182
3,10244513,10145341,title,false,82,38,36
3,10003395,10074967,description,false,82,62,114
3,10005261,10244489,description,false,82,77,50
3,10005911,1014684,description,false,82,53,108
3,10145319,10243457,title,false,82,36,34
3,10073401,10268071,title,false,82,38,64
3,10231917,10145313,description,false,82,57,105
3,10260141,10030001,title,false,82,49,49
3,10231917,10168427,title,false,82,35,84
3,10143927,10003899,description,false,82,55,118
3,10143865,10013131,title,false,82,42,65
3,10129605,10153287,title,false,82,48,52
3,10016981,10013487,description,false,82,78,160
3,10000543,10030053,description,false,82,50,119
3,10143915,10236431,title,false,82,44,22
3,10129583,10245045,title,false,82,44,44
3,10013371,10245077,title,false,82,62,44
3,10004169,10180753,description,false,82,61,116
3,10144033,10268195,description,false,82,54,52
3,10035813,10013491,title,false,82,55,71
3,10260141,10017053,description,false,82,56,122
3,10237771,10145245,title,false,82,43,33
3,10000187,10030013,title,false,82,39,51
3,10238321,10016665,title,false,82,71,51
3,10206633,10245183,title,false,82,42,47
3,10013361,10016269,description,false,82,46,614
3,10017021,10065725,description,false,82,50,55
3,10212957,1020424,description,false,82,56,146
3,10005915,10030019,description,false,82,50,108
3,10035817,1000795,description,false,82,56,115
3,10005937,10145323,title,false,82,64,33
3,10092117,10030295,title,false,82,53,63
3,10016981,1014825,title,false,82,61,44
3,10147981,10029519,description,false,82,61,121
3,10016703,10030055,title,false,82,44,49
3,10005909,10013483,title,false,82,57,74
3,10143799,10267735,description,false,82,55,120
3,10143765,10245173,description,false,82,55,108
3,10145331,1010510,description,false,82,66,114
3,10169159,10217061,title,false,82,53,61
3,10005969,10089225,title,false,82,62,42
3,10231919,1010508,description,false,82,57,116
3,10000533,10244447,description,false,82,54,115
300,10264575,10244459,title,false,79,77,37
300,10265419,10244303,description,false,79,71,78
300,10264565,10145323,description,false,79,148,105
300,10048389,10157915,description,false,79,212,177
300,10264513,10145025,description,false,79,130,214
300,10264575,10145043,description,false,79,133,215
300,10048389,10243471,title,false,79,30,35
300,10180209,10144983,title,false,79,39,24
300,10264565,10018935,title,false,79,73,73
300,10111393,10244381,description,false,79,127,158
300,10111397,10145053,title,false,79,56,31
300,10206971,10128873,title,false,79,40,32
300,10264511,10194895,description,false,79,133,57
300,10206971,10180919,description,false,79,148,43
300,10111405,10127533,description,false,79,127,114
300,10168463,10157901,description,false,79,220,137
300,10111397,10127531,description,false,79,127,114
300,10111405,10243509,title,false,79,56,35
300,10265419,10207207,title,false,79,51,55
300,10186779,10244581,description,false,79,310,87
300,10264535,10244583,description,false,79,154,158
300,10264511,10244421,title,false,79,71,27
300,10186779,10205449,title,false,79,69,31
300,10264513,10144987,title,false,79,65,24
300,10180209,10145245,description,false,79,346,106
300,10111393,10065659,title,false,79,56,48
300,10264535,10207205,title,false,79,72,54
300,10168463,10145313,title,false,79,75,33
301,10007673,10041821,title,false,76,47,48
301,10063693,10244583,description,false,76,127,158
301,10063693,1026926,title,false,76,34,35
301,10007705,10041877,title,false,76,49,48
301,10226629,10244371,description,false,76,239,227
301,10007705,1026805,description,false,76,225,267
301,10179833,10136767,description,false,76,161,62
301,10179833,10041873,title,false,76,48,47
301,10110977,1026875,description,false,76,132,307
301,10217577,10144987,title,false,76,34,24
301,10063723,1026719,title,false,76,41,42
301,10131665,10001131,description,false,76,218,102
301,10236559,10203339,description,false,76,203,99
301,10007673,10145043,description,false,76,229,215
301,10226629,10032865,title,false,76,56,48
301,10007797,10244381,title,false,76,47,28
301,10063723,10041841,description,false,76,211,1029
301,10217583,1026914,description,false,76,148,270
301,10246415,1026803,description,false,76,211,268
301,10007797,1026911,description,false,76,223,266
301,10246415,10233459,title,false,76,41,43
301,10226583,10051283,description,false,76,211,104
301,10236559,10041847,title,false,76,46,46
301,10131665,10041879,title,false,76,36,47
301,10217577,10243499,description,false,76,148,221
301,10007829,10212907,description,false,76,234,114
301,10007829,10271401,title,false,76,54,36
301,10071463,10157881,title,false,76,45,50
301,10226583,10157877,title,false,76,40,27
301,10071463,1026705,description,false,76,141,257
301,10007623,1026795,description,false,76,191,264
301,10110977,10266661,title,false,76,40,45
301,10007623,10203337,title,false,76,37,55
301,10217583,10041835,title,false,76,34,47
306,10097249,10117361,description,false,74,199,140
306,10097249,10252711,title,false,74,54,39
307,10264575,10240187,description,false,74,133,141
307,10224969,10236551,description,false,74,210,46
307,10111405,10145033,title,false,74,56,47
307,10111393,10258363,description,false,74,127,1396
307,10265385,10001665,title,false,74,32,42
307,10264575,10002337,title,false,74,77,54
307,10111397,10251421,title,false,74,56,53
307,10264511,10235653,description,false,74,133,42
307,10263103,10235639,description,false,74,302,42
307,10111405,10001573,description,false,74,127,154
307,10263103,10001975,title,false,74,55,56
307,10224555,10266661,description,false,74,151,314
307,10197649,10258369,description,false,74,610,1821
307,10206989,10266647,title,false,74,64,38
307,10234491,10002195,description,false,74,383,141
307,10197649,10002003,title,false,74,85,52
307,10224555,10001931,title,false,74,59,47
307,10111393,10241519,title,false,74,56,65
307,10206989,10001527,description,false,74,124,121
307,10224969,10019567,title,false,74,61,40
307,10264511,10040633,title,false,74,71,34
307,10197735,10002761,title,false,74,75,40
307,10197735,10258405,description,false,74,555,1334
307,10234491,10236545,title,false,74,70,29
307,10111397,10236543,description,false,74,127,41
308,10007835,10166883,description,false,78,223,202
308,10174685,10006073,description,false,78,197,188
308,10174689,10216523,description,false,78,197,186
308,10111027,10041871,title,false,78,38,46
308,10144179,10063501,description,false,78,191,198
308,10144179,10051449,title,false,78,41,43
308,10174689,10168239,title,false,78,28,24
308,10111027,10041873,description,false,78,132,1026
308,10007835,10006083,title,false,78,43,32
308,10174685,10201283,title,false,78,28,28
309,10161929,10207637,title,false,79,60,73
309,10012551,10111393,title,false,79,54,56
309,1000717,10225753,title,false,79,55,28
309,10135471,10051111,title,false,79,71,63
309,10145427,10198073,title,false,79,82,59
309,10125229,10111401,description,false,79,157,93
309,1000744,10027167,title,false,79,36,56
309,10012551,10111405,description,false,79,128,127
309,10161929,10137801,description,false,79,201,119
309,1000744,10027171,description,false,79,93,92
309,1000721,10040099,description,false,79,104,76
309,10135471,10225789,description,false,79,118,307
309,10214987,10111397,title,false,79,66,56
309,1000721,10207639,title,false,79,67,57
309,10014765,10161863,description,false,79,138,63
309,1000743,10027099,description,false,79,237,695
309,10145421,10225759,description,false,79,120,300
309,1000743,10111417,title,false,79,50,62
309,10214987,10236821,description,false,79,367,112
309,10084985,10111409,description,false,79,115,93
309,10145421,10111407,title,false,79,87,62
309,1000717,10145463,description,false,79,209,105
309,10145427,10198085,description,false,79,130,89
309,10214973,10179289,title,false,79,66,81
309,10125229,10234505,title,false,79,57,66
309,10084985,10111395,title,false,79,77,62
309,10014765,1001050,title,false,79,71,58
309,10214973,10182231,description,false,79,299,70
31,10253451,10205399,title,false,65,41,48
31,10137005,10001773,description,false,65,797,150
31,10143829,10236739,description,false,65,99,211
31,10253599,10205395,description,false,65,438,229
31,10193605,10033723,description,false,65,198,940
31,10137263,10089225,description,false,65,376,91
31,10056583,10170643,title,false,65,58,70
31,10231589,10043077,description,false,65,559,417
31,10143857,10159833,title,false,65,58,89
31,10243977,10234523,title,false,65,41,70
31,10137043,10180919,title,false,65,49,19
31,10143857,10258367,description,false,65,70,2161
31,10106139,10239115,title,false,65,81,50
31,10231599,10059721,title,false,65,86,57
31,10143757,10139021,description,false,65,94,61
31,10244145,10030295,description,false,65,264,124
31,10056573,10159585,title,false,65,62,90
31,10184387,10130745,title,false,65,56,37
31,10106229,10002103,description,false,65,362,343
31,10106063,10258369,description,false,65,430,1821
31,10231553,10181003,description,false,65,619,56
31,10056583,10198209,description,false,65,113,111
31,10248557,10061057,description,false,65,854,49
31,10106119,10181019,description,false,65,513,60
31,10180905,10060205,description,false,65,77,106
31,10237425,10271953,title,false,65,62,48
31,10137005,10056541,title,false,65,44,66
31,10071081,10241519,description,false,65,615,117
31,10193611,10198047,title,false,65,52,43
31,10020911,10001281,description,false,65,323,311
31,10106063,10224911,title,false,65,86,46
31,10233921,10074617,title,false,65,66,41
31,10231567,10243435,description,false,65,770,103
31,10248557,10233297,title,false,65,33,38
31,10143845,10059853,description,false,65,64,110
31,10143975,10180983,description,false,65,64,67
31,10253451,10258387,description,false,65,1252,3670
31,10267923,10258355,description,false,65,220,602
31,10203229,10145033,description,false,65,198,380
31,10143959,10258359,title,false,65,51,25
31,10030679,10019559,description,false,65,354,191
31,10030679,10258365,title,false,65,53,54
31,10106049,10065307,title,false,65,63,87
31,10137341,10170571,description,false,65,731,82
31,10137127,10030051,title,false,65,44,51
31,10030665,10225009,title,false,65,76,78
31,10203339,10051297,title,false,65,41,66
31,10157915,10001931,description,false,65,177,125
31,10244149,10258385,title,false,65,53,26
310,10181783,10243509,title,false,79,38,35
310,10166937,10126775,title,false,79,54,59
310,10145685,10082677,description,false,79,174,157
310,10181809,10073693,title,false,79,52,31
310,10145685,10186469,title,false,79,60,32
310,10145683,10212901,title,false,79,68,51
310,10166937,10174639,description,false,79,233,159
310,10145683,10224593,description,false,79,123,82
310,10145677,10017443,title,false,79,60,37
310,10181809,10231009,description,false,79,234,174
310,10181783,10244425,description,false,79,208,188
312,10098805,10239821,title,false,82,58,53
312,10098825,10014785,title,false,82,46,61
312,10132133,10040391,description,false,82,60,86
312,10098655,10178285,title,false,82,45,60
312,10098651,10234849,title,false,82,45,47
312,10132059,10239839,title,false,82,62,51
312,10098777,10017397,title,false,82,41,91
312,10132075,10266619,title,false,82,50,44
312,10098779,10207073,description,false,82,99,128
312,10080243,10198225,description,false,82,98,88
312,10098847,10198123,title,false,82,47,36
312,10132139,10040389,description,false,82,65,86
312,10132123,10012733,description,false,82,136,70
312,10163563,10017369,description,false,82,93,119
312,10098801,10266637,title,false,82,39,45
312,10163535,10092535,description,false,82,68,204
312,10080243,10089313,title,false,82,40,35
312,10098819,10002193,title,false,82,32,39
312,10174335,10001573,description,false,82,59,154
312,10132103,10017347,description,false,82,126,125
312,10132133,10001989,title,false,82,45,48
312,10098823,10001203,description,false,82,83,149
312,10163563,10266601,title,false,82,57,46
312,10132063,10239875,title,false,82,73,48
312,10132063,10017405,description,false,82,133,123
312,10098823,10239781,title,false,82,38,64
312,10098819,10206921,description,false,82,84,83
312,10098765,10239897,title,false,82,35,60
312,10098657,10240227,title,false,82,48,49
312,10132087,10198085,title,false,82,53,38
312,10132087,10014785,description,true,82,126,107
312,10163567,10239821,title,true,82,47,53
312,10098757,10014785,title,true,82,25,61
312,10132067,10040391,title,true,82,54,57
312,10174335,10178285,title,true,82,47,60
312,10098765,10040391,description,true,82,80,86
312,10098779,10234849,title,true,82,73,47
312,10163555,10239839,title,true,82,44,51
312,10163543,10178285,description,true,82,83,254
312,10132065,10017397,title,true,82,72,91
312,10163543,10266619,title,true,82,47,44
312,10132059,10234849,description,true,82,122,110
312,10263313,10207073,title,true,82,48,45
312,10098777,10239839,description,true,82,132,525
312,10098825,10017397,description,true,82,81,127
312,10163535,10198225,title,true,82,37,37
312,10132065,10266619,description,true,82,132,44
312,10132125,10207073,description,true,82,77,128
313,10235563,10190999,title,false,78,61,72
313,10025329,10249055,title,false,78,41,41
313,10235563,10017443,description,false,78,159,392
313,10025329,10001445,description,false,78,180,231
314,10263103,10251421,description,false,75,302,178
314,10264785,10206749,title,false,75,82,46
314,10265385,1017318,title,false,75,32,40
314,10266547,10178085,description,false,75,229,99
314,10186827,10051111,title,false,75,74,63
314,10222901,10260581,title,false,75,60,59
314,10222901,10032773,description,false,75,275,66
314,10263093,10223105,title,false,75,52,45
314,10185559,10199919,title,false,75,67,31
314,10207297,10243563,title,false,75,27,30
314,10263103,10203335,title,false,75,55,37
314,10268827,10002337,description,false,75,300,141
314,10185559,10206035,description,false,75,151,75
314,10268825,10001975,title,false,75,73,56
314,10268827,10241405,title,false,75,74,42
314,10206791,10001573,description,false,75,183,154
314,10268825,10241509,description,false,75,294,215
314,10207297,10243479,description,false,75,87,161
314,10263093,10145033,description,false,75,282,380
314,10263061,10027167,description,false,75,290,92
314,10186827,10111393,description,false,75,356,127
314,10206791,10002193,title,false,75,59,39
314,10264785,10111397,description,false,75,159,127
314,10263061,10001931,title,false,75,63,47
314,10266547,10266661,title,false,75,57,45
315,10253623,10117239,title,false,78,48,44
315,10253533,10021449,title,false,78,49,26
315,10248417,10201205,title,false,78,60,36
315,10253527,10248557,title,false,78,51,33
315,10253661,10266837,title,false,78,59,24
315,10248417,10119103,description,false,78,695,139
315,1003485,10037001,description,false,78,304,139
315,10253655,10117201,title,false,78,53,31
315,10253623,10101691,description,false,78,334,235
315,10253467,10117173,title,false,78,52,33
315,10253661,10182581,description,false,78,793,130
315,10248485,10117203,title,false,78,49,25
315,10248407,10117265,title,false,78,50,44
315,1003485,10266877,title,false,78,60,24
315,10253435,10117227,title,false,78,40,44
315,10253533,10063631,description,false,78,547,124
315,10253695,10266917,title,false,78,51,24
315,10253695,10033165,description,false,78,971,141
315,10253655,10117251,description,false,78,750,171
315,10253469,10266951,description,false,78,590,198
315,10253399,10063489,title,false,78,60,44
315,10248407,10117233,description,false,78,426,173
315,10253499,10159407,description,false,78,350,153
315,10253499,10248355,title,false,78,40,36
315,10253527,10137525,description,false,78,896,141
315,10253399,10117239,description,true,78,530,171
315,10253467,10021449,description,true,78,574,189
315,10253617,10248557,description,true,78,887,854
315,10253469,10117239,title,true,78,52,44
315,10234239,10021449,title,true,78,52,26
315,10262143,10201205,title,true,78,54,36
315,10253569,10248557,title,true,78,37,33
315,10248665,10266837,title,true,78,50,24
315,10248485,10266837,description,true,78,375,198
315,10253617,10119103,title,true,78,54,36
315,10253569,10119103,description,true,78,318,139
315,10234239,10037001,description,true,78,633,139
315,10253435,10117201,description,true,78,208,139
315,10262143,10101691,description,true,78,216,235
315,10248665,10117173,description,true,78,264,141
317,10186827,10258249,description,false,74,356,310
317,10266547,10111395,description,false,74,229,93
317,10206791,10027167,title,false,74,59,56
317,10207297,10002003,description,false,74,87,124
317,10263061,10266647,title,false,74,63,38
317,10206791,10001931,description,false,74,183,125
317,10268825,10001203,description,false,74,294,149
317,10264785,10145033,title,false,74,82,47
317,10185559,10001211,description,false,74,151,108
317,10268825,10243499,title,false,74,73,53
317,10264785,1001050,description,false,74,159,275
317,10263103,10002337,title,false,74,55,54
317,10263093,10198067,description,false,74,282,61
317,10186827,10251421,title,false,74,74,53
317,10222901,10186837,description,false,74,275,321
317,10222901,10266601,title,false,74,60,46
317,10185559,10001975,title,false,74,67,56
317,10268827,10206743,description,false,74,300,136
317,10263103,10266661,description,false,74,302,314
317,10268827,10002193,title,false,74,74,39
317,10263093,10051111,title,false,74,52,63
317,10263061,10111409,description,false,74,290,93
317,10207297,10111417,title,false,74,27,62
317,10266547,10002195,title,false,74,57,53
317,10265385,10080603,title,false,74,32,57
318,10213067,10248365,title,false,80,57,38
318,10212995,10239615,description,false,80,73,244
318,10145245,10248603,title,false,80,33,39
318,10145027,10243471,title,false,80,27,35
318,10145027,10157913,description,false,80,127,92
318,10212867,10248659,title,false,80,77,39
318,10145053,10248569,description,false,80,214,179
318,10212957,10260089,description,false,80,56,133
318,10213059,10260039,description,false,80,67,141
318,10212991,10055815,title,false,80,57,61
318,10145029,10260055,description,false,80,124,168
318,10212863,10056063,description,false,80,105,51
318,10180681,10236385,description,false,80,61,329
318,10213213,10260137,title,false,80,71,49
318,10144987,10071081,title,false,80,24,36
318,10212989,10056613,title,false,80,64,64
318,10203221,10243509,title,false,80,47,35
318,10213185,10248503,title,false,80,69,39
318,10212933,10248237,description,false,80,73,185
318,10180483,10258387,title,false,80,33,24
318,10213029,10239617,title,false,80,57,35
318,10145047,10259963,title,false,80,31,45
318,10213005,10248365,description,true,80,81,194
318,10145061,10239615,description,true,80,138,244
318,10145043,10248603,description,true,80,215,203
318,10145245,10157913,description,true,80,106,92
318,10213011,10248659,description,true,80,94,210
318,10212967,10248569,description,true,80,61,179
318,10180681,10248365,title,true,80,33,38
318,10001209,10239615,title,true,80,48,28
318,10212885,10248603,title,true,80,58,39
318,10212933,10243471,title,true,80,71,35
318,10212981,10260089,description,true,80,102,133
318,10244371,10260039,description,true,80,227,141
318,10212867,10055815,description,true,80,112,57
318,10145047,10260055,description,true,80,51,168
318,10212967,10157913,title,true,80,62,33
318,10213037,10248659,title,true,80,70,39
318,10213155,10248569,title,true,80,69,42
318,10144983,10056063,description,true,80,133,51
318,10212989,10236385,description,true,80,65,329
318,10213077,10260089,title,true,80,65,57
318,10255879,10260039,title,true,80,68,47
318,10213029,10260137,description,true,80,53,65
321,10235561,10073639,title,false,78,43,28
321,10235561,10231649,description,false,78,46,40
322,10206989,10001203,description,false,74,124,149
322,10206989,10002761,title,false,74,64,40
324,10235659,10040633,title,false,76,34,34
324,10234489,10241519,description,false,76,304,117
324,10207431,10207639,description,false,76,71,299
324,10207433,10111407,description,false,76,68,93
324,10235659,10001773,description,false,76,43,150
324,10207431,10075453,title,false,76,25,38
324,10234489,10251419,title,false,76,59,63
324,10235643,10236543,title,false,76,24,29
324,10235653,10002195,title,false,76,33,53
324,10265419,10001527,title,false,76,51,48
324,10236547,10145033,description,false,76,55,380
324,10265419,10031035,description,false,76,71,227
324,10235657,10014939,description,false,76,45,117
324,10207301,10003727,title,false,76,39,32
324,10235657,10243509,title,false,76,25,35
324,10236547,10111409,title,false,76,41,62
324,10235653,10236545,description,false,76,42,47
324,10235643,10224645,description,false,76,44,149
324,10207433,10019567,title,false,76,27,40
324,10207301,10241525,description,false,76,59,215
327,10098807,10207073,title,false,70,51,45
327,10098771,10132059,description,false,70,89,122
327,10163545,10156855,description,false,70,68,100
327,10080243,10132123,title,false,70,40,48
327,10098823,10132125,title,false,70,38,45
327,10098765,10024959,title,false,70,35,56
327,10098801,10174335,title,false,70,39,47
327,10098847,10098657,title,false,70,47,48
327,10098819,10132139,description,false,70,84,65
327,10163563,10207073,title,true,70,57,45
327,10163563,10207073,description,true,70,93,128
327,10163545,10132059,title,true,70,37,62
327,10098825,10132059,description,true,70,81,122
327,10098757,10156855,title,true,70,25,61
327,10163555,10156855,description,true,70,86,100
327,10098779,10132123,title,true,70,73,48
327,10163537,10132125,title,true,70,45,45
327,10098777,10132123,description,true,70,132,136
327,10163555,10024959,title,true,70,44,56
327,10098777,10174335,title,true,70,41,47
327,10098825,10098657,title,true,70,46,48
327,10163543,10132125,description,true,70,83,77
327,10163537,10024959,description,true,70,68,79
327,10080243,10174335,description,true,70,98,59
327,10098765,10098657,description,true,70,80,68
327,10163567,10132139,title,true,70,47,45
327,10098779,10132139,description,true,70,99,65
327,10098805,10207073,title,true,70,58,45
327,10098771,10132059,title,true,70,49,62
327,10098823,10207073,description,true,70,83,128
327,10163567,10132059,description,true,70,83,122
327,10163543,10156855,title,true,70,47,61
327,10098805,10156855,description,true,70,104,100
327,10163547,10132123,title,true,70,53,48
327,10098819,10132125,title,true,70,32,45
327,10163535,10024959,title,true,70,37,56
327,10163547,10132123,description,true,70,89,136
329,10162005,10111393,description,false,77,201,127
329,10012555,10137801,title,false,77,78,41
329,10012533,10111407,title,false,77,72,62
329,1016231,10179351,title,false,77,45,89
329,10162005,10012965,title,false,77,61,47
329,10012539,10014759,description,false,77,150,198
329,10247605,10012841,description,false,77,119,88
329,10247605,10012869,title,false,77,95,45
329,1000716,10027171,title,false,77,56,56
329,10012517,10137645,description,false,77,137,116
329,10012533,10111397,description,false,77,124,127
329,1016233,10014845,description,false,77,259,107
329,10012515,10012877,description,false,77,132,89
329,10012517,10111417,title,false,77,87,62
329,1016231,10012849,description,false,77,365,89
329,10012515,1000746,title,false,77,84,37
329,1000716,10207419,description,false,77,225,147
329,1016233,10234505,title,false,77,53,66
329,10012555,10145395,description,false,77,152,118
329,10161943,10051111,title,false,77,65,63
33,10161571,10017911,title,false,72,33,53
33,10253151,1009557,title,false,72,59,30
33,10006055,10017031,description,false,72,196,102
33,10223315,10017585,description,false,72,185,108
33,10029241,10004121,title,false,72,33,57
33,10166905,10003899,title,false,72,33,63
33,10161575,10017627,description,false,72,188,106
33,10117081,10017651,description,false,72,137,117
33,10030351,10017841,title,false,72,48,43
33,10224525,10017853,description,false,72,189,107
33,10018061,10017671,title,false,72,25,55
33,10030399,10017857,description,false,72,220,111
33,10266863,10017831,title,false,72,41,43
33,10117201,10017869,description,false,72,139,106
33,10006055,10004155,title,false,72,36,60
33,10018979,10004135,title,false,72,35,62
33,10117187,10017697,description,false,72,147,116
33,10111373,10017603,description,false,72,204,100
33,10274565,10017631,title,false,72,36,53
33,10137187,10017847,title,false,72,47,51
33,10159405,10002707,title,false,72,32,68
33,10030397,10017917,title,false,72,21,50
33,10111385,10017743,title,false,72,42,43
33,10266973,10017749,title,false,72,24,42
33,10166905,10017861,description,false,72,206,106
33,10006045,10016991,description,false,72,192,115
33,10223309,10003523,description,false,72,203,105
33,10266877,10004131,description,false,72,198,117
33,10266857,10017723,description,false,72,198,104
33,10248157,10017811,title,false,72,43,55
33,10119565,10017781,title,false,72,39,43
33,10266897,10004133,description,false,72,198,119
33,10006043,10003123,title,false,72,29,59
33,10234017,10017001,description,false,72,447,101
33,10274623,10013131,description,false,72,133,97
33,10006031,10013269,description,false,72,188,105
33,10018191,10017595,description,false,72,187,107
33,10129615,10017805,description,false,72,138,107
33,10266889,10017737,title,false,72,24,43
33,10030351,10017043,description,false,72,274,108
33,10127779,10017615,title,false,72,47,41
33,10030397,1000795,description,false,72,226,115
33,10074447,10016985,title,false,72,35,71
33,10111391,10017013,title,false,72,29,67
33,10253151,10017589,description,false,72,277,105
33,10030393,10004115,description,false,72,185,124
33,10266979,10004111,description,false,72,196,122
33,10166677,10017601,description,false,72,184,121
330,10247649,10117201,description,false,84,233,139
330,10253599,10159405,title,false,84,57,32
330,10137263,10137987,title,false,84,49,42
330,10243989,10232643,description,false,84,500,454
330,10193621,10117233,description,false,84,193,173
330,10137043,10117265,title,false,84,49,44
330,10247655,10111007,description,false,84,221,133
330,10244137,10117251,description,false,84,170,171
330,10193605,10117227,title,false,84,59,44
330,10247619,10037001,title,false,84,50,34
330,10244149,10138035,title,false,84,53,44
330,10247615,10137997,title,false,84,45,47
330,10203233,10234239,title,false,84,49,52
330,10203233,10117239,description,false,84,194,171
330,10233921,10138039,title,false,84,66,45
330,10137339,10138033,description,false,84,569,199
330,10247619,10117201,description,true,84,287,139
330,10071065,10159405,description,true,84,482,137
330,10233921,10137987,description,true,84,985,199
330,10244137,10117201,title,true,84,39,31
330,10244145,10232643,description,true,84,264,454
330,10244149,10117233,description,true,84,200,173
330,10193621,10159405,title,true,84,54,32
330,10247655,10137987,title,true,84,29,42
330,10243989,10232643,title,true,84,36,61
330,10137263,10117265,description,true,84,376,171
330,10253599,10111007,description,true,84,438,133
330,10247615,10117251,description,true,84,282,171
330,10137339,10117233,title,true,84,45,44
330,10247649,10117265,title,true,84,39,44
330,10193611,10111007,title,true,84,52,39
330,10203229,10117227,description,true,84,198,171
330,10244145,10117251,title,true,84,48,44
330,10203229,10117227,title,true,84,46,44
330,10137043,10037001,description,true,84,843,139
330,10193605,10138035,description,true,84,198,199
330,10193611,10137997,description,true,84,191,204
331,10185805,10041847,description,false,76,213,1212
331,10208773,10137151,title,false,76,39,47
331,10208773,10041847,description,true,76,152,1212
331,10029307,10137151,description,true,76,206,724
331,10029101,10041847,title,true,76,36,46
331,10208787,10041847,description,true,76,182,1212
331,10124871,10137151,description,true,76,218,724
331,10181089,10137151,title,true,76,51,47
331,10110913,10041847,description,true,76,215,1212
331,10020711,10137151,description,true,76,211,724
331,10124871,10041847,title,true,76,33,46
331,10110863,10137151,title,true,76,39,47
331,10208677,10041847,description,true,76,161,1212
331,10029077,10137151,description,true,76,208,724
331,10110863,10041847,description,true,76,240,1212
331,10208819,10137151,description,true,76,164,724
331,10208783,10041847,description,true,76,224,1212
331,10208819,10041847,title,true,76,49,46
331,10208725,10137151,title,true,76,50,47
331,10208655,10041847,title,true,76,34,46
331,10181093,10137151,description,true,76,167,724
331,10185805,10137151,title,true,76,44,47
331,10029381,10041847,title,true,76,36,46
331,10208821,10041847,description,true,76,165,1212
331,10029091,10137151,title,true,76,34,47
331,10110913,10041847,title,true,76,40,46
331,10029091,10137151,description,true,76,206,724
331,10208799,10137151,title,true,76,47,47
331,10208653,10041847,description,true,76,178,1212
331,10208725,10137151,description,true,76,234,724
331,10208789,10041847,description,true,76,241,1212
331,10029305,10137151,description,true,76,205,724
331,10259565,10041847,description,true,76,207,1212
331,10208735,10137151,description,true,76,161,724
331,10208789,10041847,title,true,76,45,46
331,10208787,10137151,title,true,76,45,47
331,10110879,10041847,description,true,76,228,1212
331,10208783,10041847,title,true,76,40,46
331,10208761,10137151,title,true,76,58,47
331,10208653,10041847,title,true,76,54,46
331,10208821,10137151,title,true,76,39,47
331,10208655,10137151,description,true,76,157,724
331,10029381,10041847,description,true,76,208,1212
331,10020711,10041847,title,true,76,29,46
331,10208735,10137151,title,true,76,36,47
331,10029059,10041847,title,true,76,36,46
331,10208799,10137151,description,true,76,165,724
332,10198197,10184943,description,false,81,55,901
332,10014795,10182257,title,false,81,48,79
332,10014795,10014817,description,false,81,110,83
332,10014943,10111401,description,false,81,99,93
332,10014843,10225789,title,false,81,45,38
332,10014761,10264575,title,false,81,68,77
332,10214987,10111409,title,false,81,66,62
332,10014843,10111397,description,false,81,183,127
332,10014933,10225759,description,false,81,59,300
332,10014943,10012875,title,false,81,54,45
332,10214987,10186807,description,false,81,367,394
332,10198197,10225909,title,false,81,44,42
332,10014761,10027171,description,false,81,125,92
337,10198055,10080567,description,false,79,164,118
337,10014761,10051111,title,false,79,68,63
337,10014801,10256733,description,false,79,77,730
337,10135497,10001573,title,false,79,74,40
337,10198055,10012845,title,false,79,39,45
337,10135497,10256711,description,false,79,66,610
337,10214987,10080569,description,false,79,367,111
337,10014761,10111393,description,false,79,125,127
337,10214987,10019563,title,false,79,66,40
337,10214973,10111397,title,false,79,66,56
337,10014801,10256677,title,false,79,46,37
337,10214973,10256689,description,false,79,299,335
337,10135499,10111395,description,false,79,113,93
337,10161989,10012867,title,false,79,56,45
337,10161989,10111407,description,false,79,114,93
337,10135499,1009000,title,false,79,69,38
337,10135505,10236821,title,false,79,58,44
337,10135505,10012855,description,false,79,153,86
338,10089285,10234247,title,false,76,38,61
338,10089285,10170489,description,false,76,415,86
339,10125237,10111401,description,false,80,158,93
339,10166625,10161899,description,false,80,408,101
339,1000717,10179321,title,false,80,55,80
339,1016231,10274867,description,false,80,365,68
339,10031183,10274891,title,false,80,63,40
339,10125225,10051111,title,false,80,89,63
339,10125237,10180441,title,false,80,81,70
339,10135523,10207639,title,false,80,90,57
339,10135503,10012875,description,false,80,120,89
339,10135497,10111409,title,false,80,74,62
339,10135503,1001050,title,false,80,88,58
339,10125225,10111395,description,false,80,136,93
339,10198117,10111393,title,false,80,59,56
339,10031183,10179289,description,false,80,288,136
339,10198117,10207335,description,false,80,203,151
339,10214987,10161953,description,false,80,367,101
339,10125235,10111407,title,false,80,85,62
339,10125235,10207637,description,false,80,157,330
339,1016231,10027167,title,false,80,45,56
339,10014759,10236821,title,false,80,71,44
339,10135497,10234525,description,false,80,66,305
339,1000716,10251581,title,false,80,56,44
339,10014759,10111397,description,false,80,198,127
339,10166625,10198073,title,false,80,53,59
339,10214973,10111417,description,false,80,299,93
339,10214973,1000746,title,false,80,66,37
339,1000717,10161863,description,false,80,209,63
339,10214987,10014817,title,false,80,66,51
339,1000716,10161919,description,false,80,225,101
339,10125229,10180987,title,false,80,57,48
339,10125229,1000745,description,false,80,157,82
34,10073661,10217011,description,false,73,188,271
34,10073685,10180919,title,false,73,35,19
34,10073641,10217007,description,false,73,195,273
34,10073659,10191001,description,false,73,206,223
34,10073649,10243509,title,false,73,27,35
34,10186165,10263313,title,false,73,28,48
34,10186091,10161929,description,false,73,150,201
34,10074713,10161969,title,false,73,29,56
34,10186091,10206159,title,false,73,29,37
34,10073631,10161959,description,false,73,214,201
34,10186337,10190999,description,false,73,156,217
34,10186307,10190997,description,false,73,169,218
34,10254773,10217013,description,false,73,105,279
34,10186637,10217009,description,false,73,152,262
34,10073653,10161985,title,false,73,29,63
34,10186337,10198225,title,false,73,35,37
34,10186165,10198085,description,false,73,149,89
34,10186307,10217011,title,true,73,46,56
34,10073653,10217011,description,true,73,190,271
34,10025345,10180919,description,true,73,205,43
34,10073625,10217007,description,true,73,177,273
34,10186551,10191001,description,true,73,150,223
34,10186319,10180919,title,true,73,29,19
34,10073685,10263313,description,true,73,213,239
34,10117345,10161929,description,true,73,146,201
34,10254773,10243509,title,true,73,47,35
34,10073623,10161969,description,true,73,212,201
34,10117345,10217007,title,true,73,38,56
34,10159501,10206159,description,true,73,231,72
34,10186551,10191001,title,true,73,29,73
34,10186319,10161959,description,true,73,151,201
34,10073645,10263313,title,true,73,28,48
34,10073667,10190999,description,true,73,214,217
34,10074713,10190997,description,true,73,71,218
34,10159501,10161929,title,true,73,39,60
34,10025345,10161969,title,true,73,28,56
34,10073645,10217013,description,true,73,206,279
34,10073631,10206159,title,true,73,37,37
34,10073677,10217009,description,true,73,188,262
34,10186487,10161985,description,true,73,156,201
34,10186637,10161959,title,true,73,31,60
34,10073625,10190999,title,true,73,29,72
34,10186247,10198225,description,true,73,144,88
34,10073659,10190997,title,true,73,28,73
340,10247483,10145021,description,false,83,117,300
340,10213419,10162605,description,false,83,139,134
340,10247479,10004315,description,false,83,132,107
340,10196897,10207317,title,false,83,43,31
340,10196893,10212867,description,false,83,96,112
340,10247429,10213115,title,false,83,63,66
340,10247471,10207305,title,false,83,68,43
340,10213419,10221407,title,false,83,67,41
340,10247471,10233311,description,false,83,152,144
340,10247483,10216863,title,false,83,64,39
340,10247429,10207281,description,false,83,134,158
340,10247433,10265433,description,false,83,146,105
340,10196893,10213353,title,false,83,48,67
340,10247433,10196921,title,false,83,71,14
340,10196897,10207465,description,false,83,87,105
340,10247475,10207271,description,false,83,118,124
340,10247479,10159095,title,false,83,61,38
340,10247443,10132601,description,false,83,136,95
340,10247443,10080475,title,false,83,62,49
340,10250619,1022503,description,false,83,119,80
340,10250619,10207441,title,false,83,56,40
340,10244695,10244575,description,false,83,76,114
340,10247475,10145021,title,true,83,54,60
340,10244695,10162605,title,true,83,27,51
344,10135527,10139559,title,false,77,84,64
344,10162009,10111417,title,false,77,57,62
344,10161969,10265511,description,false,77,201,141
344,10214987,10264511,description,false,77,367,133
344,10162009,10207639,description,false,77,78,299
344,10214987,10133369,title,false,77,66,85
344,10014941,10161863,description,false,77,113,63
344,10162005,10225783,title,false,77,61,45
344,10014759,10225759,title,false,77,71,18
344,10135527,10264513,description,false,77,116,130
344,10161969,10225753,title,false,77,56,28
344,10014941,10040099,title,false,77,48,61
344,10014759,10207335,description,false,77,198,151
345,10007801,10007655,description,false,83,142,197
345,10029231,10029039,title,false,83,45,45
345,10208713,10261697,title,false,83,46,43
345,10050705,10099093,description,false,83,132,156
345,10029365,10132681,description,false,83,189,187
345,10208709,10259831,title,false,83,45,50
345,10208739,10007617,description,false,83,169,192
345,10050705,10035639,title,false,83,43,39
345,10029043,10029025,title,false,83,44,45
345,10029129,10007607,description,false,83,220,194
345,10128009,10007655,title,true,83,33,46
345,10029293,10029039,title,true,83,52,45
345,10029365,10261697,title,true,83,65,43
345,10181071,10099093,title,true,83,60,54
345,10181071,10007655,description,true,83,136,197
345,10108753,10132681,title,true,83,37,38
345,10029043,10029039,description,true,83,229,187
345,10029037,10259831,title,true,83,56,50
345,10029205,10261697,description,true,83,170,193
345,10029231,10099093,description,true,83,159,156
345,10208739,10007617,title,true,83,55,47
345,10127995,10035639,title,true,83,33,39
345,10029205,10029025,title,true,83,51,45
345,10208709,10132681,description,true,83,130,187
345,10029195,10259831,description,true,83,133,195
345,10029129,10007607,title,true,83,33,47
345,10127995,10007617,description,true,83,131,192
345,10007801,10007655,title,true,83,52,46
345,10029293,10035639,description,true,83,209,219
345,10128009,10029025,description,true,83,194,184
345,10029195,10029039,title,true,83,40,45
345,10208713,10007607,description,true,83,128,194
345,10029037,10007655,description,true,83,216,197
346,10135527,10111393,title,false,78,84,56
346,10014837,1001050,description,false,78,104,275
346,10162009,10225943,title,false,78,57,38
346,10135429,10225789,title,false,78,73,38
346,10247611,10111397,title,false,78,87,56
346,10012555,10051111,description,false,78,152,126
346,10214987,10225759,title,false,78,66,18
346,10125213,10111393,title,true,78,67,56
346,10198055,10111393,description,true,78,164,127
346,10125229,1001050,description,true,78,157,275
346,10125229,1001050,title,true,78,57,58
346,10014837,10225943,title,true,78,59,38
346,10135443,10225789,title,true,78,61,38
346,10135511,10225943,description,true,78,100,283
346,10198177,10225789,description,true,78,93,307
346,10161905,10111397,title,true,78,48,56
346,10135527,10111397,description,true,78,116,127
346,10012519,10051111,description,true,78,90,126
346,10014761,10225759,description,true,78,125,300
346,10012555,10051111,title,true,78,78,63
346,10014761,10225759,title,true,78,68,18
346,10247611,10111393,description,true,78,98,127
346,10135489,1001050,description,true,78,109,275
346,10135481,10111393,title,true,78,61,56
346,10012519,1001050,title,true,78,58,58
346,10162005,10225943,title,true,78,61,38
346,10135481,10225943,description,true,78,107,283
346,10135489,10225789,title,true,78,69,38
346,10247605,10111397,title,true,78,95,56
346,10135513,10051111,title,true,78,77,63
346,10161905,10225789,description,true,78,201,307
346,10135429,10111397,description,true,78,241,127
346,10012497,10225759,title,true,78,72,18
346,10198047,10051111,description,true,78,96,126
346,10012539,10225759,description,true,78,150,300
346,10198047,10111393,title,true,78,43,56
346,10198177,1001050,title,true,78,46,58
346,10161959,10225943,title,true,78,60,38
346,10247605,10111393,description,true,78,119,127
346,10012517,1001050,description,true,78,137,275
346,10125231,10225789,title,true,78,63,38
346,10135443,10225943,description,true,78,85,283
346,10214987,10225789,description,true,78,367,307
346,10012517,10111397,title,true,78,87,56
346,10161985,10051111,title,true,78,63,63
346,10125213,10111397,description,true,78,175,127
346,10012533,10225759,title,true,78,72,18
346,10135511,10111393,title,true,78,50,56
347,10213933,10213121,description,false,91,128,79
347,10039011,10255545,title,false,91,56,49
347,10213377,10212911,description,false,91,112,68
347,10213377,10207455,title,false,91,59,52
347,10039011,10213063,description,false,91,110,68
347,10213933,10213029,title,false,91,84,57
348,10244575,10252439,title,false,80,42,41
348,10244575,10017569,description,false,80,114,163
349,10021547,10051337,description,false,76,94,85
349,10021559,10051349,description,false,76,71,90
349,10040389,10098657,description,false,76,86,68
349,10040391,10098647,title,false,76,57,45
349,10018985,10003807,description,false,76,576,207
349,10018935,10132135,description,false,76,397,63
349,10018983,10179293,title,false,76,77,51
349,10021549,10132125,title,false,76,44,45
349,10021559,10182391,title,false,76,53,63
349,10021555,10071423,title,false,76,54,51
349,10021563,10065605,description,false,76,92,97
349,10018935,10186123,title,false,76,73,49
349,10021563,10051369,title,false,76,52,48
349,10021543,10012715,title,false,76,61,53
349,10018985,10132075,title,false,76,63,50
349,10021547,10132123,title,false,76,54,48
349,10021545,10174335,title,false,76,59,47
349,10021549,10098661,description,false,76,79,66
349,10018983,10111401,description,false,76,585,93
349,10021545,10111417,description,false,76,92,93
351,10214987,10111395,description,false,77,367,93
351,10014761,10225943,title,false,77,68,38
351,10135489,10198085,description,false,77,109,89
351,10135513,10180397,description,false,77,109,88
351,10012533,10033809,description,false,77,124,1123
351,10135489,10051111,title,false,77,69,63
351,10125231,10234505,description,false,77,175,342
351,10198047,10031183,title,false,77,43,63
351,10012533,10274891,title,false,77,72,40
351,10125229,10207335,description,false,77,157,151
351,10214973,10027171,title,false,77,66,56
351,10214973,10198073,description,false,77,299,88
351,10162009,10225783,description,false,77,78,515
351,10135443,10225789,description,false,77,85,307
351,10162005,10225909,title,false,77,61,42
351,10135485,10207637,title,false,77,66,73
351,10135481,10111393,description,false,77,107,127
351,10014941,1000746,description,false,77,113,79
351,10125231,10179289,title,false,77,63,81
351,10161959,10225753,description,false,77,201,322
351,10135511,10014817,title,false,77,50,51
351,10135429,10021359,title,false,77,73,48
351,10135513,10179351,title,false,77,77,89
351,10198055,1001050,title,false,77,39,58
351,10214987,10111397,title,false,77,66,56
351,10162009,10111401,title,false,77,57,62
351,10125229,10207639,title,false,77,57,57
351,10135443,10161863,title,false,77,61,46
351,10198047,10096435,description,false,77,96,99
351,10161959,10180441,title,false,77,60,70
351,10014941,10180481,title,false,77,48,59
351,10014761,10225759,description,false,77,125,300
351,10125213,10139555,title,false,77,67,54
351,10125213,10274867,description,false,77,175,68
351,10161905,10179321,title,false,77,48,80
351,10135485,10111409,description,false,77,134,93
351,10135527,10111407,title,false,77,84,62
351,10135481,10180477,title,false,77,61,74
351,10135527,10111417,description,false,77,116,93
351,10198055,10040099,description,false,77,164,76
351,10135511,10027167,description,false,77,100,92
351,10135429,10180373,description,false,77,241,85
351,10161985,10139533,title,false,77,63,71
353,10234297,10029001,description,false,85,200,128
353,10208659,10028971,description,false,85,161,128
353,10181099,10028989,description,false,85,153,130
353,10234367,10180395,description,false,85,216,120
353,10245921,10038835,description,false,85,213,161
353,10261673,10233193,description,false,85,205,134
353,10234361,10029001,description,true,85,214,128
353,10208701,10029001,title,true,85,47,41
353,10144505,10028971,title,true,85,29,35
353,10063669,10028989,title,true,85,37,36
353,10234403,10028971,description,true,85,216,128
353,10063669,10028989,description,true,85,210,130
353,10177951,10180395,description,true,85,166,120
353,10246001,10180395,title,true,85,29,43
353,10088907,10038835,description,true,85,205,161
353,10234397,10233193,description,true,85,205,134
353,10029119,10029001,description,true,85,204,128
353,10181097,10028971,description,true,85,154,128
353,10181099,10038835,title,true,85,40,35
353,10184821,10233193,title,true,85,50,35
353,10110873,10029001,title,true,85,40,41
353,10177951,10028971,title,true,85,56,35
353,10234403,10028989,title,true,85,33,36
353,10246225,10180395,title,true,85,38,43
353,10072339,10038835,title,true,85,28,35
353,10129005,10233193,title,true,85,38,35
353,10245937,10028989,description,true,85,209,130
353,10246001,10180395,description,true,85,209,120
353,10246037,10029001,title,true,85,36,41
353,10144505,10038835,description,true,85,229,161
353,10234367,10028971,title,true,85,28,35
353,10029119,10028989,title,true,85,36,36
353,10074559,10180395,title,true,85,35,43
353,10184821,10233193,description,true,85,224,134
353,10245937,10038835,title,true,85,33,35
353,10088949,10029001,description,true,85,204,128
353,10234473,10028971,description,true,85,199,128
353,10131665,10233193,title,true,85,36,35
353,10088931,10028989,description,true,85,205,130
353,10246229,10029001,title,true,85,33,41
353,10208691,10028971,title,true,85,41,35
353,10234441,10028989,title,true,85,32,36
353,10234385,10180395,description,true,85,217,120
353,10234397,10180395,title,true,85,29,43
353,10234419,10038835,description,true,85,204,161
353,10088907,10038835,title,true,85,35,35
353,10088949,10233193,title,true,85,40,35
354,10265511,10198073,description,false,76,141,88
354,1016233,10207335,title,false,76,53,57
354,10265511,10225759,title,false,76,65,18
354,10180387,10225789,description,false,76,83,307
354,10180387,10235761,title,false,76,50,84
354,1016231,10040099,description,false,76,365,76
354,1016233,10179337,description,false,76,259,100
354,1016231,10207637,title,false,76,45,73
358,10131767,10234247,description,false,80,79,563
358,10250881,10186093,title,false,80,57,51
358,10250797,10253031,description,false,80,175,741
358,10250811,10186219,title,false,80,47,63
358,10250797,10186693,title,false,80,65,26
358,10250881,10035383,description,false,80,177,106
358,10250811,10234247,description,true,80,135,563
358,10250787,10186093,description,true,80,145,119
358,10250809,10234247,title,true,80,61,61
358,10250887,10253031,description,true,80,208,741
358,10131789,10186093,title,true,80,52,51
358,10250831,10253031,title,true,80,69,59
358,10131769,10186219,description,true,80,80,111
358,10131789,10186693,description,true,80,107,89
358,10131767,10186219,title,true,80,54,63
358,10250809,10035383,description,true,80,159,106
358,10250803,10186693,title,true,80,63,26
358,10131769,10035383,title,true,80,55,44
358,10250787,10234247,title,true,80,49,61
358,10250887,10186093,title,true,80,84,51
358,10250803,10234247,description,true,80,148,563
358,10250831,10186093,description,true,80,179,119
359,10135527,10236821,title,false,77,84,44
359,10125231,10161899,description,false,77,175,101
359,10135513,10111417,title,false,77,77,62
359,10135507,10161903,description,false,77,120,110
359,10135443,10021345,title,false,77,61,48
359,10135523,10225759,title,false,77,90,18
359,10135503,10213239,title,false,77,88,59
359,10162005,10021281,title,false,77,61,48
359,10135513,10251581,description,false,77,109,92
359,10125229,10179289,title,false,77,57,81
359,10180387,10161895,description,false,77,83,121
359,10162005,10207639,description,false,77,201,299
359,10180387,10161933,title,false,77,50,56
359,10161905,10274859,title,false,77,48,67
359,10135443,10225909,description,false,77,85,299
359,10125213,10182257,title,false,77,67,79
359,10135481,10111401,description,false,77,107,93
359,10125229,10051111,description,false,77,157,126
359,10125231,10027171,title,false,77,63,56
359,10135481,10040099,title,false,77,61,61
359,10135527,10161863,description,false,77,116,63
359,10125213,10161967,description,false,77,175,105
360,10226457,10239497,description,false,82,208,212
360,10234297,10012517,description,false,82,200,137
360,10226675,10246001,description,false,82,210,209
360,10234397,10108691,title,false,82,29,32
360,10234397,10021167,description,false,82,205,88
360,10144865,10166627,description,false,82,150,248
360,10226675,10157881,title,false,82,42,50
360,10131743,10234491,title,false,82,30,70
360,10131741,10159305,title,false,82,54,58
360,10226437,10208721,title,false,82,47,43
360,10144505,10208701,title,false,82,29,47
360,10226503,10234385,title,false,82,38,29
360,10131693,10180395,title,false,82,33,43
360,10234297,10207163,title,false,82,28,43
360,10131621,10012555,title,false,82,29,78
360,10234259,10181391,title,false,82,29,38
360,10226457,10014831,title,false,82,38,68
360,10234427,10028997,description,false,82,215,144
360,10063703,10246037,title,false,82,37,36
360,10131623,10108697,description,false,82,231,207
360,10131735,10234329,title,false,82,39,44
360,10226589,10239497,description,true,82,208,212
360,10234481,10239497,title,true,82,30,35
360,10131629,10012517,description,true,82,224,137
360,10131623,10012517,title,true,82,34,87
360,10226627,10246001,description,true,82,220,209
360,10131715,10108691,description,true,82,226,209
360,10131647,10021167,description,true,82,254,88
360,10234413,10166627,description,true,82,215,248
360,10226395,10157881,description,true,82,207,512
360,10131741,10234491,description,true,82,250,383
360,10226437,10159305,description,true,82,217,113
360,10131617,10208721,description,true,82,221,176
360,10181099,10246001,title,true,82,40,29
360,10174691,10108691,title,true,82,32,32
360,10181099,10208701,description,true,82,153,162
360,10131617,10021167,title,true,82,35,57
360,10131739,10166627,title,true,82,38,65
360,10063703,10234385,description,true,82,205,217
360,10226687,10180395,description,true,82,225,120
360,10144865,10157881,title,true,82,34,50
360,10226589,10234491,title,true,82,39,70
360,10131711,10159305,title,true,82,51,58
360,10261713,10208721,title,true,82,29,43
360,10131647,10208701,title,true,82,52,47
360,10131693,10207163,description,true,82,236,140
360,10226627,10234385,title,true,82,59,29
360,10063643,10012555,description,true,82,205,152
360,10174691,10181391,description,true,82,154,158
361,10186779,10002487,description,false,73,310,138
361,10207433,10001527,title,false,73,27,48
361,10104827,10002195,title,false,73,37,53
361,10224995,10001773,title,false,73,66,46
361,10207171,10243499,title,false,73,57,53
361,10185081,10001497,description,false,73,130,140
361,10224555,10001585,description,false,73,151,170
361,10224969,10240187,description,false,73,210,141
361,10207309,10266637,title,false,73,37,45
361,10197067,10001211,description,false,73,136,108
361,10197067,10266601,title,false,73,58,46
361,10265419,10001203,description,false,73,71,149
361,10224969,10241519,title,false,73,61,65
361,10185081,10002761,title,false,73,56,40
361,10234505,10231649,title,false,73,66,58
361,10234505,10001931,description,false,73,342,125
361,10206989,10111401,title,false,73,64,62
361,10197027,10002003,title,false,73,58,52
361,10265419,10019567,title,false,73,51,40
361,10186793,10251421,description,false,73,271,178
361,10107021,10001975,title,false,73,60,56
361,10197027,10111407,description,false,73,135,93
361,10185295,10266647,title,false,73,53,38
361,10185295,10002337,description,false,73,128,141
361,10186779,10001989,title,false,73,69,48
361,10262413,10092465,title,false,73,50,87
361,10263103,10266661,title,false,73,55,45
361,10080465,10002193,title,false,73,54,39
361,10240153,10231651,description,false,73,107,130
361,10263103,10251419,description,false,73,302,133
361,10234515,10001665,description,false,73,295,99
361,10080465,10001573,description,false,73,114,154
361,10262413,10002487,description,true,73,102,138
361,10206765,10001527,description,true,73,113,121
361,10190887,10002195,description,true,73,208,141
361,10107021,10001773,description,true,73,89,150
361,10224995,10243499,description,true,73,353,221
361,10234491,10001497,description,true,73,383,140
361,10207301,10002487,title,true,73,39,72
361,10206765,10001527,title,true,73,50,48
361,10197167,10002195,title,true,73,75,53
361,1001050,10001773,title,true,73,58,46
361,10186793,10243499,title,true,73,83,53
361,10127819,10001585,description,true,73,89,170
361,10207171,10240187,description,true,73,179,141
361,1001050,10001211,description,true,73,275,108
361,10234493,10001203,description,true,73,340,149
361,10224585,10001497,title,true,73,62,38
361,10124883,10241519,description,true,73,104,117
361,10207433,10231649,description,true,73,68,40
365,10186317,10073703,description,false,76,145,205
365,10252713,1000746,description,false,76,131,79
365,10252713,1000745,title,false,76,50,37
365,10186317,10217009,title,false,76,48,47
365,10186693,10263313,title,false,76,26,48
365,10186693,10017445,description,false,76,89,410
366,10139537,10111401,title,false,78,73,62
366,10031183,10214973,description,false,78,288,299
366,1000710,10111397,title,false,78,38,56
366,10031117,10106591,title,false,78,70,51
366,10180427,10225909,title,false,78,54,42
366,1000710,10234525,description,false,78,164,305
366,1000745,10225943,title,false,78,37,38
366,10139537,10139561,description,false,78,123,135
366,1000745,10111395,description,false,78,82,93
366,1000746,10111393,description,false,78,79,127
366,10031183,10225783,title,false,78,63,45
366,10031117,10111405,description,false,78,314,127
366,10180427,10111417,description,false,78,139,93
368,10131653,10246001,title,false,85,40,29
368,10129019,10246225,description,false,85,207,213
368,10044851,10108697,title,false,85,36,30
368,10131735,10234419,description,false,85,235,204
368,10131653,10245921,description,false,85,250,213
368,10129019,10246001,title,true,85,32,29
368,10044851,10246001,description,true,85,155,209
368,10088931,10246225,title,true,85,34,38
368,10088931,10246225,description,true,85,205,213
368,10131735,10108697,title,true,85,39,30
37,10135639,10142469,title,false,71,53,60
37,10135607,10089151,description,false,71,87,116
37,10241901,10185173,description,false,71,64,163
37,10187809,10201927,title,false,71,38,37
37,10064579,10185997,title,false,71,50,65
37,10064585,10089145,title,false,71,50,80
37,10062309,10089133,description,false,71,152,121
37,10043685,10174759,description,false,71,96,115
37,10274081,10142469,description,true,71,90,93
37,10157337,10089151,description,true,71,100,116
37,10215661,10142469,title,true,71,46,60
37,10187797,10185173,description,true,71,81,163
37,10062229,10089151,title,true,71,45,78
37,10043749,10185173,title,true,71,55,51
37,10146133,10201927,description,true,71,76,57
37,10135633,10185997,description,true,71,67,104
37,10062273,10201927,title,true,71,69,37
37,10187847,10185997,title,true,71,44,65
37,10274081,10089145,title,true,71,41,80
37,10157133,10089145,description,true,71,78,123
37,10043639,10089133,description,true,71,69,121
37,10194007,10174759,description,true,71,85,115
37,10111323,10142469,description,true,71,102,93
37,10215805,10089133,title,true,71,62,76
37,10255437,10089151,description,true,71,73,116
37,1010960,10185173,description,true,71,58,163
37,10157101,10201927,description,true,71,85,57
37,10062309,10174759,title,true,71,67,77
37,10247247,10185997,description,true,71,108,104
37,10043665,10089145,description,true,71,68,123
37,10215661,10089133,description,true,71,81,121
37,10177971,10174759,description,true,71,79,115
37,10255497,10142469,title,true,71,42,60
37,1010960,10089151,title,true,71,35,78
37,10187761,10142469,description,true,71,71,93
37,10146165,10185173,title,true,71,55,51
37,10157901,10201927,title,true,71,34,37
37,10111323,10185997,title,true,71,64,65
37,10106459,10089145,title,true,71,52,80
37,10136439,10089133,title,true,71,57,76
37,10157361,10089151,description,true,71,82,116
37,10157011,10185173,description,true,71,84,163
37,10033967,10174759,title,true,71,37,77
37,10157261,10201927,description,true,71,93,57
37,1003778,10185997,description,true,71,79,104
37,10187821,10089145,description,true,71,80,123
37,10135639,10089133,description,true,71,92,121
37,10064579,10174759,description,true,71,92,115
37,10255411,10142469,description,true,71,66,93
37,10215677,10089151,description,true,71,92,116
375,10108697,10234407,title,false,85,30,29
375,10234369,10110859,title,false,85,35,47
375,10234473,10234397,description,false,85,199,205
375,10234383,10063643,description,false,85,217,205
375,10234345,10261713,title,false,85,28,29
375,10234365,10063669,description,false,85,207,210
375,10234367,10234407,title,true,85,28,29
375,10234473,10110859,title,true,85,27,47
375,10245921,10234397,title,true,85,33,29
375,10234369,10234407,description,true,85,206,212
375,10038835,10063643,title,true,85,35,31
375,10234437,10110859,description,true,85,215,217
375,10234293,10261713,title,true,85,29,29
375,10038835,10234397,description,true,85,161,205
375,10234293,10063643,description,true,85,217,205
375,10246001,10261713,description,true,85,209,205
375,10234465,10063669,description,true,85,208,210
375,10234367,10234407,description,true,85,216,212
375,10245921,10110859,description,true,85,213,217
375,10246001,10063669,title,true,85,29,37
375,10234419,10234397,description,true,85,204,205
375,10234385,10234407,title,true,85,29,29
375,10108697,10063643,description,true,85,207,205
375,10246225,10110859,title,true,85,38,47
375,10234385,10261713,description,true,85,217,205
375,10246225,10063669,description,true,85,213,210
375,10234345,10234407,description,true,85,216,212
376,10085025,10161863,description,false,77,109,63
376,10274899,10274891,description,false,77,102,68
376,10139561,10027171,title,false,77,70,56
376,10274875,1000709,title,false,77,82,29
376,10139547,10137801,title,false,77,72,41
376,10139563,10012979,description,false,77,130,100
376,10166625,10180373,description,false,77,408,85
376,10139547,10012965,description,false,77,137,88
376,10139545,10014759,title,false,77,64,71
376,10139541,1000710,title,false,77,72,38
376,10084973,1000746,title,false,77,57,37
376,10084985,10051111,title,false,77,77,63
376,10139543,10225943,description,false,77,146,283
376,10274899,10012865,title,false,77,82,47
376,10085039,10251141,description,false,77,109,122
376,10139545,1000744,description,false,77,127,93
376,10084985,10111393,description,false,77,115,127
376,10139543,10251115,title,false,77,81,73
376,10085025,10198073,title,false,77,66,59
376,10085047,1001050,description,false,77,108,275
376,10038141,1000745,description,false,77,102,82
376,10139553,10251143,title,false,77,56,74
376,10166627,10274867,description,false,77,248,68
376,10139541,10111397,description,false,77,137,127
376,10274875,10012841,description,false,77,105,88
376,10038141,10139533,title,false,77,77,71
376,10166625,10139555,title,false,77,53,54
376,10084973,10027167,description,false,77,98,92
376,10085039,10012971,title,false,77,66,47
376,10139561,10225759,description,false,77,135,300
376,10085047,10014817,title,false,77,65,51
376,10166627,10251159,title,false,77,65,67
379,10196835,10132139,title,false,76,52,45
379,10211863,10225753,description,false,76,73,322
379,10196835,10003853,description,false,76,371,203
379,10211863,10012985,title,false,76,69,47
38,10135429,10214827,title,false,68,73,30
38,10214973,10012823,description,false,68,299,122
38,1016231,10012713,description,false,68,365,94
38,10161969,10012783,description,false,68,201,136
38,10014829,10014817,description,false,68,208,83
38,10014843,10012825,description,false,68,183,125
38,10161943,10214839,title,false,68,65,44
38,10014815,10214881,title,false,68,45,47
38,1016233,10012803,description,false,68,259,128
38,10031117,10013399,title,false,68,70,68
38,10012551,10016283,title,false,68,54,79
38,10198067,10013415,description,false,68,61,95
38,10182203,10202513,title,false,68,56,46
38,10031183,10099065,description,false,68,288,116
38,10198199,10206417,description,false,68,185,85
38,10198199,10098661,title,false,68,48,57
38,1016233,10132131,title,false,68,53,54
38,10166625,10013243,title,false,68,53,42
38,10198195,10027161,title,false,68,44,67
38,10014843,10012813,title,false,68,45,65
38,10198067,10025687,title,false,68,48,49
38,10182203,10017405,description,false,68,76,123
38,10014759,10013237,title,false,68,71,39
38,10198117,10012775,description,false,68,203,122
38,10161985,10098765,title,false,68,63,35
38,10135429,10180939,description,false,68,241,94
38,10198207,10214875,title,false,68,39,30
38,10198207,10214777,description,false,68,189,111
38,10139539,10088871,description,false,68,222,88
38,10161905,10017365,title,false,68,48,74
38,10031117,10096301,description,false,68,314,104
38,10161929,10017387,title,false,68,60,73
38,10014815,10014845,description,false,68,218,107
38,10214987,10013251,title,false,68,66,39
38,10161969,10012721,title,false,68,56,79
38,10014829,10180373,title,false,68,52,56
38,10139555,10189691,title,false,68,54,61
38,10135509,10202477,title,false,68,77,44
38,10139533,10190667,title,false,68,71,49
38,10166625,10189697,description,false,68,408,82
38,10139539,10025625,title,false,68,72,38
38,10198135,10012819,title,false,68,59,67
38,10139555,10096267,description,false,68,258,95
380,10134379,10014665,title,false,78,44,41
380,10134397,10205395,title,false,78,59,50
380,10143649,10186693,title,false,78,59,26
380,10250081,1022503,description,false,78,122,80
380,10134393,10014665,description,true,78,72,101
380,10250387,10014665,title,true,78,40,41
380,10134377,10205395,description,true,78,63,229
380,10250387,10186693,description,true,78,124,89
380,10134347,1022503,description,true,78,77,80
380,10134393,10205395,title,true,78,49,50
380,10134379,10014665,description,true,78,67,101
380,10134381,10205395,description,true,78,69,229
380,10134377,10186693,title,true,78,40,26
380,10134381,1022503,title,true,78,61,23
380,10143649,10186693,description,true,78,77,89
380,10250081,10014665,title,true,78,46,41
381,10181025,10198073,description,false,81,85,88
381,10014829,10226675,description,false,81,208,210
381,10181025,10012849,title,false,81,40,45
381,10145433,10161933,description,false,81,90,101
381,10145433,10246015,title,false,81,58,42
381,10014829,10161975,title,false,81,52,48
384,10139541,1000725,title,false,78,72,56
384,10139533,10014817,description,false,78,278,83
384,10139533,10182231,title,false,78,71,58
384,10139561,1000729,description,false,78,135,199
384,10139541,1000745,description,false,78,137,82
384,10139559,10097071,title,false,78,64,39
384,10139555,10180441,title,false,78,54,70
384,10139543,10039935,description,false,78,146,83
384,10139559,10256661,description,false,78,127,247
384,10139543,10137801,title,false,78,81,41
384,10139547,10274891,description,false,78,137,68
384,10139561,1016233,title,false,78,70,53
384,10139555,10021359,description,false,78,258,64
384,10139547,10048545,title,false,78,72,48
386,10244421,10260105,title,false,82,27,33
386,10244421,10244579,description,false,82,121,193
387,10211863,10034011,description,false,73,73,1025
387,10211863,10002195,title,false,73,69,53
389,10162003,10014845,title,false,82,54,52
389,10135523,10017447,description,false,82,120,401
389,10214987,10017423,description,false,82,367,400
389,10162003,10161933,description,false,82,106,101
389,10125231,10145467,title,false,82,63,83
389,10012555,10017419,description,false,82,152,407
389,10247605,10206417,description,false,82,119,85
389,10135507,10182257,title,false,82,88,79
389,10125213,10145411,description,false,82,175,107
389,10012517,10161903,description,false,82,137,110
389,10012533,10145445,description,false,82,124,99
389,10247611,10014817,title,false,82,87,51
389,10125213,10138179,title,false,82,67,74
389,10247611,10180987,description,false,82,98,86
389,10198177,10014845,description,true,82,93,107
389,10012533,10014845,title,true,82,72,52
389,10247605,10017447,title,true,82,95,50
389,10012517,10017423,title,true,82,87,50
389,1016233,10161933,title,true,82,53,56
389,10214987,10145467,title,true,82,66,83
389,10198177,10017419,title,true,82,46,57
389,10198047,10206417,title,true,82,43,59
389,1016233,10017447,description,true,82,259,401
389,10198047,10017423,description,true,82,96,400
389,10012555,10182257,title,true,82,78,79
389,10125231,10161933,description,true,82,175,101
389,10135523,10145411,title,true,82,90,66
39,10098651,10233269,description,false,71,82,104
39,10098661,10239821,title,false,71,57,53
39,10098655,10252655,description,false,71,179,98
39,10132133,10205403,title,false,71,45,38
39,10132123,10007591,description,false,71,136,237
39,10098647,10233129,description,false,71,84,53
39,10132139,10198225,description,false,71,65,88
39,10132125,10007797,description,false,71,77,223
39,10098655,10040389,title,false,71,45,57
39,10239619,10007597,description,false,71,59,224
39,10239619,10274069,title,false,71,47,37
39,10174335,10001773,description,false,71,59,150
39,10098661,10240187,description,false,71,66,141
39,10132131,10001211,description,false,71,67,108
39,10098657,10007733,description,false,71,68,246
39,10027197,10145033,title,false,71,61,47
39,10132133,10265999,description,false,71,60,74
39,10098651,10198123,title,false,71,45,36
39,10132135,10149831,description,false,71,63,60
39,10174335,10205395,title,false,71,47,50
39,10132131,10198085,title,false,71,54,38
39,10132125,10205399,title,false,71,45,48
39,10132135,10106745,title,false,71,54,30
39,10027197,10007801,description,false,71,89,142
39,10098657,10177971,title,false,71,48,44
39,10132123,10007763,title,false,71,48,63
391,10161955,10111401,title,false,78,52,62
391,10014815,10014759,description,false,78,218,198
391,10014783,10198199,description,false,78,105,185
391,10161895,10111405,title,false,78,62,56
391,10161959,10225789,description,false,78,201,307
391,10125241,10111409,title,false,78,62,62
391,10166627,10225753,description,false,78,248,322
391,10014783,10027171,title,false,78,62,56
391,10166627,10236821,title,false,78,65,44
391,10161919,10145427,title,false,78,58,82
391,10162011,10111393,description,false,78,120,127
391,10161955,10111417,description,false,78,101,93
391,10161959,10027167,title,false,78,60,56
391,10180397,10225759,description,false,78,88,300
391,10014815,1000729,title,false,78,45,50
391,10180441,10111397,title,false,78,70,56
391,10162007,10274867,description,false,78,105,68
391,10180431,10111407,description,false,78,213,93
391,10135433,10111395,title,false,78,85,62
391,10014785,1001050,description,false,78,107,275
391,10180431,10182231,title,false,78,84,58
391,10161895,10234505,description,false,78,121,342
391,10180477,10225943,title,false,78,74,38
391,10014785,10139543,title,false,78,61,81
391,10180403,10137801,title,false,78,59,41
391,10014761,10051111,description,false,78,125,126
391,10162007,10073929,title,false,78,54,47
391,10180441,10274851,description,false,78,112,117
391,10014761,10274891,title,false,78,68,40
391,10180397,10207639,title,false,78,69,57
391,10014825,10111401,title,true,78,61,62
391,10125241,10111401,description,true,78,195,93
391,10135433,10014759,description,true,78,96,198
391,10180391,10014759,title,true,78,69,71
391,10180477,10198199,description,true,78,115,185
391,10180391,10111405,description,true,78,88,127
391,10162011,10198199,title,true,78,61,48
391,10014825,10225789,description,true,78,82,307
391,10180403,10111409,description,true,78,107,93
394,10196835,10239487,title,false,76,52,35
394,10098663,10003821,description,false,76,118,157
394,10211863,10239619,title,false,76,69,47
394,10196835,10098657,description,false,76,371,68
394,10098663,10003855,title,false,76,58,59
394,10211863,10003799,description,false,76,73,203
395,10236821,10198199,title,false,80,44,48
395,10236821,10052017,description,false,80,112,371
395,10251167,10052033,title,false,80,62,66
395,10251167,10217643,description,false,80,116,118
396,1000729,10274891,description,false,79,199,68
396,1000712,10198073,title,false,79,48,59
396,1000743,10274867,title,false,79,50,40
396,1000713,10224911,description,false,79,143,92
396,1000716,10180391,title,false,79,56,69
396,1000743,10161863,description,false,79,237,63
396,1000714,10274891,description,true,79,218,68
396,1000729,10274891,title,true,79,50,40
396,1000716,10198073,description,true,79,225,88
396,1000709,10198073,title,true,79,29,59
396,1000717,10274867,description,true,79,209,68
396,1000746,10274867,title,true,79,37,40
396,1000710,10224911,description,true,79,164,92
396,1000744,10180391,description,true,79,93,88
396,1000746,10161863,description,true,79,79,63
396,1000741,10274891,description,true,79,172,68
396,1000710,10224911,title,true,79,38,46
396,1000717,10180391,title,true,79,55,69
396,1000745,10198073,description,true,79,82,88
396,1000712,10274867,description,true,79,182,68
396,1000744,10161863,title,true,79,36,46
396,1000709,10224911,description,true,79,73,92
399,10031035,10002337,description,false,77,227,141
399,10265385,10002761,title,false,77,32,40
399,10235761,10258405,description,false,77,162,1334
399,10235761,10243509,title,false,77,84,35
399,10031035,10106753,title,false,77,68,26
399,10207433,10236543,description,false,77,68,41
399,10207433,10001931,title,false,77,27,47
402,10098663,10040391,title,false,74,58,57
402,10263323,10255519,description,false,74,120,115
402,10263313,10234849,title,false,74,48,47
402,10263313,10240187,description,false,74,239,141
402,10098663,10241519,description,false,74,118,117
402,10263311,10236589,description,false,74,191,126
402,10263323,10239821,title,false,74,56,53
402,10263311,10021541,title,false,74,45,49
403,10135427,10051445,description,false,72,100,162
403,10139009,10117283,description,false,72,149,101
403,10139015,10274079,description,false,72,140,97
403,10139009,10117247,title,false,72,54,50
403,10135427,10040031,title,false,72,74,49
404,10014765,10225789,title,false,78,71,38
404,1016231,10111401,description,false,78,365,93
404,1016231,10207637,title,false,78,45,73
404,10014765,10274867,description,false,78,138,68
406,10014765,10027171,description,false,86,138,92
406,10031117,10111393,title,false,86,70,56
406,10031117,10225759,description,false,86,314,300
406,10180431,10145463,description,false,86,213,105
406,10145421,10185337,description,false,86,120,108
406,10214973,10225943,title,false,86,66,38
406,10084985,10111395,title,false,86,77,62
406,10084985,10161863,description,false,86,115,63
406,10224661,1001050,description,false,86,152,275
406,10139543,10224911,description,false,86,146,92
406,10014765,10027099,title,false,86,71,83
406,1000744,10111401,description,false,86,93,93
406,10135471,10197547,title,false,86,71,82
406,1000709,10137801,title,false,86,29,41
406,10145427,10111405,description,false,86,130,127
406,10135433,10180397,title,false,86,85,69
406,10012551,10111409,description,false,86,128,93
406,10180431,10234505,title,false,86,84,66
406,10145421,10051111,title,false,86,87,63
406,10214973,10133369,description,false,86,299,63
406,10139541,10111397,title,false,86,72,56
406,1000744,10185053,title,false,86,36,47
406,10135433,10027167,description,false,86,96,92
406,1000709,10198073,description,false,86,73,88
406,10135471,10111417,description,false,86,118,93
406,10224661,10014825,title,false,86,50,61
406,10145427,10111407,title,false,86,82,62
406,10139543,10027171,title,true,86,81,56
406,10012551,10111393,title,true,86,54,56
406,10139541,10027171,description,true,86,137,92
410,10012497,10251421,description,false,74,110,178
410,10014943,10182205,description,false,74,99,102
410,10198091,10013605,description,false,74,102,184
410,10014933,10182251,title,false,74,54,69
410,10198209,10012849,description,false,74,111,89
410,10014933,10198191,description,false,74,59,71
410,10198095,10225783,title,false,74,55,45
410,10198091,10207149,title,false,74,47,47
410,10012519,10012543,title,false,74,58,66
410,10012515,10244277,description,false,74,132,67
410,10198209,10001573,title,false,74,48,40
410,10012497,10145245,title,false,74,72,33
410,10198061,10012985,title,false,74,54,47
410,10012515,10206843,title,false,74,84,48
410,10012519,10244671,description,false,74,90,158
413,10007763,10247655,title,false,82,63,29
413,10007743,10182143,description,false,82,284,683
413,10007743,10274341,title,false,82,62,37
413,10007763,10063523,description,false,82,320,201
419,10012519,10051249,description,false,68,90,106
419,10012497,10234525,description,false,68,110,305
419,10198061,10241519,title,false,68,54,65
419,10012519,10111405,title,false,68,58,56
419,10198091,10001203,description,false,68,102,149
419,10014933,10234551,description,false,68,59,103
419,10198091,10235659,title,false,68,47,34
419,10198061,10074647,description,false,68,111,84
419,10014933,10080603,title,false,68,54,57
419,10012497,10235639,title,false,68,72,32
42,10256911,10111129,description,false,71,94,117
42,10262881,10267995,description,false,71,245,55
42,10262947,10039015,title,false,71,66,54
42,10262895,10273999,description,false,71,293,71
42,1010500,10111105,title,false,71,28,40
42,10001281,10117015,description,false,71,311,71
42,10262755,10238849,title,false,71,69,55
42,10257007,10268249,title,false,71,50,42
42,10257025,10111117,title,false,71,77,40
42,10256905,10274015,title,false,71,67,48
42,1013866,10206943,title,false,71,34,43
42,10020145,10161929,title,false,71,51,60
42,10257045,10161969,title,false,71,55,56
42,1010500,10075747,description,false,71,130,135
42,10262865,10162059,description,false,71,281,92
42,10038513,10197121,title,false,71,61,59
42,10038513,10180919,description,false,71,117,43
42,1013864,10255793,title,false,71,40,48
42,10257027,10161985,description,false,71,98,201
42,10257017,10196249,title,false,71,67,65
42,1010498,10111121,title,false,71,27,40
42,10002079,10161959,description,false,71,125,201
42,10020145,10268499,description,false,71,128,62
42,10257041,10264655,title,false,71,36,45
42,10256911,10180645,title,false,71,80,42
42,10256851,10182355,description,false,71,90,114
42,10262863,10111131,description,false,71,275,119
42,10274525,10205475,description,false,71,94,234
42,10274509,10196255,description,false,71,121,125
42,10256985,10135149,description,false,71,111,132
42,10001281,10243509,title,false,71,40,35
42,10028859,10205461,description,false,71,123,234
42,10256977,10038969,title,false,71,46,42
42,10262895,10111115,title,false,71,80,40
42,10020179,10256035,description,false,71,126,140
42,10235405,10207069,description,false,71,660,99
42,10256975,10038931,description,false,71,92,78
42,10262879,10236403,title,false,71,79,27
42,10257011,10145079,description,false,71,128,240
42,10274475,10268221,title,false,71,74,53
42,10222883,10182315,title,false,71,69,44
42,10180607,10111129,description,true,71,110,117
42,10256899,10267995,description,true,71,93,55
42,1013866,10039015,description,true,71,166,112
42,10262865,10111129,title,true,71,80,40
42,10262853,10273999,description,true,71,96,71
42,10257017,10111105,description,true,71,152,119
42,10038557,10267995,title,true,71,78,53
42,10028797,10039015,title,true,71,70,54
42,10028859,10273999,title,true,71,58,58
420,10174685,10201283,description,false,85,197,195
420,10174689,10181929,title,false,85,28,36
420,10174689,10216525,description,false,85,197,188
420,10111027,10063501,title,false,85,38,41
420,10007835,10029377,description,false,85,223,188
420,10144179,10041835,title,false,85,41,47
420,10111027,10006073,description,false,85,132,188
420,10007835,10274603,title,false,85,43,37
420,10174685,10174527,title,false,85,28,34
420,10144179,10041873,description,false,85,191,1026
425,10052085,10198225,title,false,80,47,37
425,10052623,10243471,title,false,80,78,35
425,10223321,10233307,title,false,80,46,28
425,10223327,10217643,title,false,80,51,55
425,10223333,10012977,description,false,80,454,90
425,10052441,10225943,description,false,80,378,283
425,10223321,10012985,description,false,80,460,90
425,10052705,10012959,title,false,80,59,47
425,10223347,10012867,title,false,80,39,45
425,1022177,10012971,title,false,80,46,47
425,10223339,10012865,title,false,80,48,47
425,10052137,10012841,title,false,80,41,47
425,10052317,10012981,description,false,80,310,100
425,1022184,10180919,description,false,80,345,43
425,10052635,10012963,title,false,80,41,47
425,10052085,10012965,description,false,80,308,88
425,10246505,10012961,description,false,80,291,100
425,10069699,10012861,title,false,80,61,53
425,1022179,10166625,title,false,80,45,53
425,10223347,10012855,description,false,80,390,86
425,10223353,10225775,description,false,80,474,352
425,1022184,10030681,title,false,80,48,88
425,1022179,10225759,description,false,80,313,300
425,10052367,10198225,description,true,80,332,88
425,10246505,10198225,title,true,80,39,37
425,10052443,10243471,title,true,80,40,35
425,10223361,10233307,title,true,80,43,28
425,1022177,10233307,description,true,80,805,75
425,10052441,10217643,title,true,80,51,55
425,10052443,10217643,description,true,80,328,118
425,10052367,10012977,title,true,80,40,47
425,10052705,10012977,description,true,80,297,90
425,10223333,10225943,title,true,80,48,38
425,10052317,10012985,title,true,80,38,47
425,10223339,10225943,description,true,80,462,283
425,10052137,10012985,description,true,80,309,90
425,10069611,10012959,description,true,80,323,100
425,10069699,10012867,description,true,80,322,86
425,10069611,10012959,title,true,80,66,47
425,10052623,10012971,description,true,80,320,100
425,10051985,10012867,title,true,80,48,45
425,10223361,10012865,description,true,80,528,88
425,10052207,10012971,title,true,80,56,47
425,10052207,10012841,description,true,80,337,88
425,10223353,10012865,title,true,80,45,47
426,10166625,10027167,description,false,74,408,92
426,10135429,10027171,title,false,74,73,56
426,10166625,10256827,title,false,74,53,33
426,10135429,10111393,description,false,74,241,127
426,10161943,10006061,title,false,74,65,19
426,10161943,10201321,description,false,74,201,196
427,10244149,10063693,description,false,82,200,127
427,10244149,10117233,title,false,82,53,44
427,10193605,10226629,description,false,82,198,239
427,10247655,10117227,title,false,82,29,44
427,10137043,10001377,description,false,82,843,155
427,10137043,10117265,title,false,82,49,44
427,10247655,10080187,description,false,82,221,94
427,10193605,10029253,title,false,82,59,47
43,10001715,10206417,description,false,71,371,85
43,10001899,10180473,title,false,71,21,48
43,10266643,10161927,title,false,71,43,60
43,10266643,10098765,description,false,71,458,80
43,10001445,10207485,description,false,71,231,93
43,10001899,10053999,description,false,71,437,71
43,10240213,10207379,title,false,71,48,35
43,10266661,10256035,description,false,71,314,140
43,10001003,10073929,title,false,71,46,47
43,10266647,10012861,title,false,71,38,53
43,10001445,10186011,title,false,71,57,56
43,10266661,10164325,title,false,71,45,50
43,10001715,10145433,title,false,71,15,58
43,10002393,10181061,description,false,71,195,54
43,10266603,10180983,description,false,71,311,67
43,10266603,10001251,title,false,71,34,45
43,10002393,10139019,title,false,71,45,31
43,10266625,10207317,description,false,71,49,97
43,10266625,10074635,title,false,71,50,44
43,10240213,10073919,description,false,71,472,71
433,10038731,10233189,description,false,79,93,79
433,10137775,10244581,title,false,79,42,24
433,10198389,10233187,description,false,79,74,79
433,10180407,10012969,title,false,79,53,44
433,10180407,10012865,description,false,79,57,88
433,10137713,10012845,description,false,79,113,46
433,10137713,10217007,title,false,79,66,56
433,10137775,10012841,description,false,79,56,88
433,10198389,10217011,title,false,79,49,56
433,10038731,10145305,title,false,79,50,33
433,10198379,10012861,description,false,79,89,97
433,10198379,10233167,title,false,79,55,56
434,10106603,1000746,title,false,77,65,37
434,10139543,10040099,description,false,77,146,76
434,10139555,10274867,title,false,77,54,40
434,10139533,10207639,description,false,77,278,299
434,10106613,10051111,title,false,77,70,63
434,10106609,10111417,description,false,77,96,93
434,10139559,1000745,title,false,77,64,37
434,10106591,10182257,title,false,77,51,79
434,10106589,10111395,title,false,77,51,62
434,10106589,10207637,description,false,77,97,330
434,10106591,10198199,description,false,77,97,185
434,10106603,10198073,description,false,77,109,88
434,10139555,10225753,description,false,77,258,322
434,10139543,10111397,title,false,77,81,56
434,10139541,10179289,title,false,77,72,81
434,10106613,10161863,description,false,77,100,63
434,10139541,10027167,description,false,77,137,92
434,10139533,10225783,title,false,77,71,45
434,10106609,10027171,title,false,77,50,56
434,10139559,10225943,description,false,77,127,283
44,10181019,10233307,title,false,76,48,28
44,10198085,10247471,description,false,76,89,152
44,10274903,10262869,title,false,76,69,73
44,10180373,10274065,title,false,76,56,39
44,10274891,10194221,description,false,76,68,72
44,10161863,10233297,description,false,76,63,100
44,10206417,10101319,title,false,76,59,49
44,10180391,10207271,description,false,76,88,124
44,10180473,10238663,title,false,76,48,42
44,10180987,10207257,title,false,76,48,47
44,10225943,10233281,title,false,76,38,54
44,10225943,10262745,description,false,76,283,283
44,10225909,10182397,description,false,76,299,90
44,10180929,10233349,description,false,76,82,123
44,10180983,10243433,description,false,76,67,97
44,10014817,10039913,description,false,76,83,104
44,10266661,10262795,description,false,76,314,342
44,10014845,10262881,title,false,76,52,51
44,10133353,10207305,title,false,76,56,43
44,10166625,10244381,description,false,76,408,158
44,10182203,10255751,description,false,76,76,416
44,10166627,10224375,description,false,76,248,121
44,10014845,10262895,description,false,76,107,293
44,10180983,10234535,title,false,76,48,53
44,10198225,10233311,title,false,76,37,37
44,10161863,10233317,title,false,76,46,49
44,10274867,10247483,title,false,76,40,64
44,10180397,10197039,title,false,76,69,56
44,10180391,10244421,title,false,76,69,27
44,10180981,10157939,description,false,76,88,85
44,10180987,10132291,description,false,76,86,161
44,10251581,10207317,title,false,76,44,31
44,10178285,10144983,title,false,76,60,24
44,10180981,10244679,title,false,76,49,48
44,10075757,10128387,description,false,76,109,621
44,10274903,10256015,description,false,76,81,126
44,10145451,10244677,title,false,76,58,45
44,10014783,10244699,description,false,76,105,93
44,10040099,10242701,description,false,76,76,116
44,10182203,10039923,title,false,76,56,15
44,10198073,10242615,title,false,76,59,43
44,10198085,10262863,title,false,76,38,73
44,10166627,10244671,title,false,76,65,33
44,10180481,10207383,title,false,76,59,38
44,10181003,1026831,description,false,76,56,331
44,10274859,10231557,description,false,76,88,499
44,10041861,10182343,title,false,76,31,36
44,10073919,10273991,title,false,76,70,64
44,10274847,10128409,title,false,76,67,82
44,10133369,10051287,title,false,76,85,58
440,10251115,10236443,title,false,81,73,31
440,10251139,10217009,description,false,81,122,262
440,10251057,10223361,title,false,81,54,43
440,10251159,10223321,title,false,81,67,46
440,10251159,10244679,description,false,81,115,100
440,10251057,10223333,description,false,81,94,454
447,10263311,10256015,description,false,77,191,126
447,10098667,10256055,title,false,77,37,52
447,10263311,10225753,title,false,77,45,28
447,10098667,10033769,description,false,77,112,1127
448,10247605,10266661,description,false,79,119,314
448,10247611,10182223,description,false,79,98,122
448,10139027,10232357,description,false,79,125,77
448,10180431,10225775,title,false,79,84,33
448,10180431,10012865,description,false,79,213,88
448,10139027,10198091,title,false,79,46,47
448,10247611,10266619,title,false,79,87,44
448,10247605,10012841,title,false,79,95,47
449,10240047,10224585,description,false,73,133,96
449,10207419,10073599,title,false,73,58,46
449,10224969,10019567,title,false,73,61,40
449,10207433,10001017,description,false,73,68,115
449,10207419,10051111,description,false,73,147,126
449,10224969,10002003,description,false,73,210,124
449,10263103,10251419,title,false,73,55,63
449,10263103,10001203,description,false,73,302,149
449,10240047,10001573,title,false,73,53,40
449,10207433,10001211,title,false,73,27,53
458,10129615,10266907,title,false,87,35,32
458,10138039,10167925,description,false,87,200,196
458,10138019,10117201,title,false,87,61,31
458,10186993,10074453,description,false,87,138,196
458,10111383,10166705,description,false,87,197,195
458,10138015,10117157,title,false,87,44,37
458,10029357,10241331,description,false,87,220,205
458,10119565,10117101,description,false,87,153,147
458,10137995,10117065,description,false,87,207,141
458,10223307,10074451,title,false,87,46,34
458,10138009,10117173,title,false,87,50,33
458,10138013,10006055,description,false,87,204,196
458,10223295,10201213,title,false,87,37,39
458,10138015,10266907,description,true,87,199,206
458,10029021,10266907,title,true,87,52,32
458,10144187,10167925,title,true,87,45,37
458,10186993,10117201,title,true,87,35,31
458,10111387,10074453,title,true,87,37,35
458,10208781,10167925,description,true,87,141,196
458,10137983,10166705,title,true,87,56,32
458,10129615,10117201,description,true,87,138,139
458,10119571,10117157,title,true,87,44,37
458,10111365,10074453,description,true,87,197,196
458,10138009,10166705,description,true,87,233,195
458,10029357,10241331,title,true,87,52,34
458,10111365,10117101,title,true,87,64,31
458,10122041,10117065,title,true,87,34,33
458,10111385,10117157,description,true,87,202,145
458,10208781,10074451,title,true,87,45,34
458,10138013,10117173,title,true,87,49,33
458,10138011,10241331,description,true,87,228,205
458,10119531,10006055,title,true,87,34,36
458,10137981,10201213,title,true,87,52,39
458,10138019,10117101,description,true,87,221,147
458,10033165,10266907,title,true,87,36,32
458,10129623,10167925,title,true,87,33,37
458,10252845,10117201,title,true,87,49,31
458,10111373,10074453,title,true,87,44,35
458,10138037,10166705,title,true,87,45,32
458,10122041,10117065,description,true,87,135,141
458,10252845,10074451,description,true,87,700,196
458,10018963,10117173,description,true,87,197,141
458,10129623,10006055,description,true,87,136,196
459,10135429,10096435,title,false,76,73,83
459,10166625,10027171,description,false,76,408,92
459,10031117,10027167,title,false,76,70,56
459,10012551,10111417,description,false,76,128,93
459,10214973,10027169,title,false,76,66,39
459,10161905,10111405,description,false,76,201,127
459,10198207,10111395,description,false,76,189,93
459,10135429,10111393,description,false,76,241,127
459,10014815,10203287,description,false,76,218,124
459,10012551,10179351,title,false,76,54,89
459,10014843,10179289,description,false,76,183,136
459,10162005,10179337,title,false,76,61,84
459,10161969,10225759,title,false,76,56,18
459,10214987,10096285,title,false,76,66,68
459,10139533,10225943,title,false,76,71,38
459,1016231,10111407,title,false,76,45,62
459,10031183,10051111,description,false,76,288,126
459,10139533,10203305,description,false,76,278,123
459,10198083,10111409,description,false,76,194,93
459,10031183,10111401,title,false,76,63,62
459,10214973,10111397,description,false,76,299,127
459,1016233,10179321,title,false,76,53,80
459,10198083,10096435,title,true,76,39,83
459,10014759,10027171,title,true,76,71,56
459,10161985,10027167,title,true,76,63,56
459,10161905,10111417,title,true,76,48,62
459,10031117,10096435,description,true,76,314,99
459,1016233,10027171,description,true,76,259,92
459,10166625,10027169,title,true,76,53,39
459,10161943,10111405,title,true,76,65,56
459,1016231,10027167,description,true,76,365,92
459,10014759,10111417,description,true,76,198,93
459,10214987,10027169,description,true,76,367,90
459,10014843,10111395,title,true,76,45,62
459,10161929,10111393,title,true,76,60,56
459,10014815,10203287,title,true,76,45,37
46,10017495,10235539,title,false,71,58,75
46,10110795,10019155,title,false,71,75,64
46,10110799,10019165,description,false,71,64,599
46,10259291,10216641,title,false,71,52,61
46,10017489,10019197,description,false,71,163,606
46,10259285,10158053,description,false,71,103,70
46,10110795,10137063,description,false,71,64,540
46,10110797,10019071,title,false,71,75,64
46,10017489,10033723,title,false,71,70,67
46,10259291,1010546,description,false,71,104,368
46,10259285,10206021,title,false,71,51,27
46,10017495,10019163,description,false,71,155,601
46,10110799,10242615,title,false,71,71,43
46,10110797,10244385,description,false,71,64,133
464,10014837,10251421,title,false,73,59,53
464,10198177,10234505,description,false,73,93,342
464,10166627,10233129,title,false,73,65,43
464,10012555,10207301,description,false,73,152,59
464,10012555,10172905,title,false,73,78,66
464,10198177,10158165,title,false,73,46,79
464,10180395,10207639,description,false,73,120,299
464,10014795,10265419,description,false,73,110,71
464,10166627,10111417,description,false,73,248,93
464,10014831,10001989,title,false,73,68,48
464,10012539,10207433,description,false,73,150,68
464,10012517,10027167,description,false,73,137,92
464,10180395,10002195,title,false,73,43,53
464,10224643,10051111,description,false,73,229,126
464,10014761,10234491,description,false,73,125,383
464,10224643,10172997,title,false,73,49,69
464,10012533,10001527,title,false,73,72,48
464,10014795,10251419,title,false,73,48,63
464,10012533,10001931,description,false,73,124,125
464,10014801,10233131,title,false,73,46,60
464,10012517,10240187,title,false,73,87,66
464,10014761,10266601,title,false,73,68,46
464,10014831,10002003,description,false,73,129,124
464,10014801,10172907,description,false,73,77,153
464,10014837,10111395,description,false,73,104,93
465,10029305,10117101,title,false,84,36,31
465,10208783,10033165,description,false,84,224,141
465,10208821,10111373,title,false,84,39,44
465,10208787,10167925,description,false,84,182,196
465,10029091,10018963,title,false,84,34,43
465,10185805,10074453,title,false,84,44,35
465,10029307,10117157,description,false,84,206,145
465,10029059,10117173,title,false,84,36,33
465,10029091,10208781,description,false,84,206,141
465,10029381,10111385,description,false,84,208,202
465,10208821,10117101,description,true,84,165,147
465,10124871,10033165,description,true,84,218,141
465,10029059,10111373,description,true,84,232,204
465,10185805,10167925,description,true,84,213,196
465,10208809,10117101,title,true,84,40,31
465,10208787,10033165,title,true,84,45,36
465,10124871,10111373,title,true,84,33,44
465,10181093,10167925,title,true,84,49,37
465,10020711,10018963,title,true,84,29,43
465,10208809,10018963,description,true,84,155,197
465,10029381,10074453,title,true,84,36,35
465,10029305,10074453,description,true,84,205,196
465,10181093,10117157,description,true,84,167,145
465,10208819,10117173,description,true,84,164,141
465,10208761,10208781,description,true,84,239,141
465,10208761,10117157,title,true,84,58,37
465,10020711,10111385,description,true,84,211,202
465,10259565,10117101,description,true,84,207,147
465,10208819,10117173,title,true,84,49,33
465,10029101,10033165,description,true,84,207,141
465,10259565,10208781,title,true,84,38,45
468,10244671,10244579,description,false,83,158,193
468,10244671,10089377,title,false,83,33,67
469,10003829,10132131,description,false,81,206,67
469,10003843,10132123,title,false,81,59,48
469,10003819,10239619,description,false,81,207,59
469,10003827,10098651,description,false,81,204,82
469,10003799,10174335,title,false,81,67,47
469,10003831,10098657,title,false,81,65,48
469,10003815,10098661,description,false,81,203,66
469,10003831,10132139,description,false,81,165,65
469,10003801,10098647,description,false,81,201,84
469,10003853,10098655,description,false,81,203,179
469,10003805,10040389,description,false,81,157,86
469,10003823,10132125,title,false,81,71,45
469,10003855,10040391,description,false,81,159,86
469,10003835,10132135,title,false,81,76,54
469,10003837,10132133,title,false,81,66,45
469,10003813,10132131,title,true,81,67,54
469,10003849,10132123,title,true,81,68,48
469,10003801,10239619,title,true,81,65,47
469,10003835,10132131,description,true,81,212,67
469,10003833,10132123,description,true,81,205,136
469,10003837,10239619,description,true,81,204,59
47,10238605,10205441,description,false,75,112,594
47,10197617,10203339,title,false,75,64,41
47,10013567,10025301,description,false,75,111,133
47,10013491,10167173,description,false,75,158,185
47,10197519,10144959,title,false,75,60,48
47,10016267,10032773,description,false,75,572,66
47,10016271,10256611,description,false,75,589,111
47,10238605,10080569,title,false,75,39,35
47,10017113,10243467,title,false,75,64,41
47,10235181,10003597,title,false,75,45,74
47,10013565,10179743,description,false,75,111,193
47,10013663,10026303,description,false,75,166,89
47,10013679,10190653,title,false,75,73,65
47,10013567,10166847,title,false,75,53,41
47,10013703,10212051,description,false,75,138,98
47,10197589,10224375,description,false,75,95,121
47,10013587,10179739,description,false,75,156,185
47,10238631,10233297,description,false,75,141,100
47,10013585,10145061,title,false,75,77,24
47,10013641,10061057,description,false,75,155,49
47,10231427,10053779,title,false,75,44,42
47,10013589,10080573,title,false,75,70,30
47,10013493,10041421,title,false,75,74,59
47,10013671,10018931,description,false,75,205,457
47,10013497,10235405,title,false,75,81,33
47,10013579,10021477,description,false,75,164,153
47,10013497,10238321,description,false,75,186,82
47,10013595,1017725,title,false,75,68,28
47,10235165,10025681,title,false,75,51,48
47,10013673,10260245,description,false,75,158,177
47,10238631,10080555,title,false,75,51,35
47,10128059,1010500,description,false,75,57,130
47,10013617,10008647,title,false,75,67,59
47,10013727,10056541,title,false,75,65,66
47,10136447,10026293,title,false,75,55,41
47,10238663,10236431,description,false,75,90,148
47,10013737,10180483,description,false,75,168,167
47,10075747,10058481,title,false,75,39,75
47,10013679,10207069,description,false,75,168,99
47,10238577,10051283,title,false,75,51,52
47,10013641,10234531,title,false,75,70,60
47,10013523,10243521,description,false,75,168,80
47,10013519,10025625,description,false,75,153,207
47,10197589,10231439,title,false,75,70,56
47,10013707,10025303,description,false,75,115,142
47,10128059,10203341,title,false,75,50,48
47,10013623,10144987,title,false,75,72,24
47,10013515,10018209,title,false,75,55,75
47,10128055,10145033,title,false,75,56,47
47,10013533,10190659,title,false,75,76,77
470,10162009,10012977,title,false,78,57,47
470,10162009,10014933,description,false,78,78,59
471,10180971,10027167,title,false,70,60,56
471,10224645,10179321,description,false,70,149,135
471,10161913,10001527,description,false,70,100,121
471,10274905,10207603,description,false,70,98,100
471,10135489,10019567,title,false,70,69,40
471,10224651,10001931,description,false,70,97,125
471,10135511,10241519,title,false,70,50,65
471,10274905,10207639,title,false,70,69,57
471,10143707,10111395,title,false,70,70,62
471,10161987,10111417,title,false,70,41,62
471,10135469,10251421,title,false,70,74,53
471,10135489,10001573,description,false,70,109,154
471,10224709,10251419,description,false,70,95,133
471,10161945,10244381,title,false,70,50,28
471,10224657,10186807,description,false,70,110,394
471,10224657,10266661,title,false,70,45,45
471,10135465,10243479,title,false,70,66,30
471,10135511,10096435,description,false,70,100,99
471,10161945,10207637,description,false,70,106,330
471,10098479,10243499,title,false,70,48,53
471,10224699,10040633,title,false,70,44,34
471,10180933,10096403,description,false,70,71,105
471,10135465,10027171,description,false,70,89,92
471,10180971,10111405,description,false,70,98,127
471,10224645,10243563,title,false,70,71,30
471,10180933,10207335,title,false,70,69,57
471,10224671,10244583,description,false,70,100,158
471,10098467,10001975,title,false,70,37,56
471,10075785,10111397,description,false,70,128,127
471,10098487,10179289,description,false,70,78,136
471,10135493,10266619,description,false,70,133,44
471,10135469,10157901,description,false,70,166,137
471,10224671,10051111,title,false,70,52,63
471,10143707,10231649,description,false,70,94,40
471,10098487,10002337,title,false,70,38,54
471,10224651,10111409,title,false,70,43,62
471,10135471,10145033,title,false,70,71,47
471,10224699,10001773,description,false,70,88,150
471,10135471,10111401,description,false,70,118,93
471,10098479,10111407,description,false,70,90,93
471,10098467,10240187,description,false,70,77,141
472,10253467,10021469,title,false,74,52,36
472,10253467,10266883,description,false,74,574,196
472,10248417,10101435,title,false,74,60,40
472,10248417,10253387,description,false,74,695,846
474,10161985,10133369,description,false,76,201,63
474,10139533,10027171,title,false,76,71,56
474,10214987,10111395,title,false,76,66,62
474,10031183,10179351,description,false,76,288,144
474,10135429,10096285,description,false,76,241,82
474,10014759,10111393,description,false,76,198,127
474,10161959,10111401,title,false,76,60,62
474,1016233,10251581,description,false,76,259,92
474,10014815,10179337,description,false,76,218,100
474,10139555,10027167,title,false,76,54,56
474,10031183,10203305,title,false,76,63,36
474,10214973,10179321,description,false,76,299,135
474,10214973,10179289,title,false,76,66,81
474,1016233,10274903,title,false,76,53,69
474,10162005,10111397,title,false,76,61,56
474,1016231,10139025,description,false,76,365,106
474,10198135,10111405,description,false,76,203,127
474,10135429,10203287,title,false,76,73,37
474,10014759,10027169,title,false,76,71,39
474,10198135,10051111,title,false,76,59,63
474,1016231,10111409,title,false,76,45,62
474,10139555,10224707,description,false,76,258,90
474,10139533,10161863,description,false,76,278,63
474,10214987,10111417,description,false,76,367,93
474,10161905,10111407,title,false,76,48,62
474,10198083,10133369,description,true,76,194,63
474,1000713,10027171,description,true,76,143,92
474,1000716,10133369,title,true,76,56,85
474,10014815,10027171,title,true,76,45,56
474,10161985,10111395,title,true,76,63,62
474,1000713,10179351,title,true,76,48,89
474,10166625,10111395,description,true,76,408,93
474,10166625,10096285,title,true,76,53,68
474,1000716,10179351,description,true,76,225,144
474,10198083,10111393,title,true,76,39,56
478,1000745,10012875,title,false,82,37,45
478,1000745,10012965,description,false,82,82,88
48,10014975,10117233,description,false,69,344,173
48,10122151,10080177,title,false,69,70,44
48,10002467,10051949,title,false,69,43,56
48,10137177,10117265,title,false,69,46,44
48,10132787,10063489,title,false,69,45,44
48,10253057,10063631,description,false,69,430,124
48,10038835,10117227,title,false,69,35,44
48,10253387,10080187,title,false,69,57,44
48,10137339,10052515,description,false,69,569,301
48,10111007,10080183,title,false,69,39,44
48,10137319,10080175,title,false,69,54,44
48,10137037,10080181,description,false,69,202,100
48,10266807,10080173,description,false,69,198,104
48,10252749,10117239,description,false,69,196,171
48,10132787,10002441,description,false,69,200,387
48,10137101,10080179,title,false,69,47,44
48,10075915,10117251,description,false,69,190,171
48,10159395,10117233,title,true,69,25,44
48,10029357,10080177,title,true,69,52,44
48,10253531,10051949,title,true,69,58,56
48,10138003,10117233,description,true,69,222,173
48,10252775,10117265,title,true,69,43,44
48,10075915,10063489,title,true,69,39,44
48,10137067,10063631,title,true,69,64,48
48,10138003,10117227,title,true,69,65,44
48,10266807,10080187,title,true,69,38,44
48,10138011,10080177,description,true,69,228,94
48,10122151,10051949,description,true,69,218,284
48,10018989,10117265,description,true,69,272,171
48,10137145,10063489,description,true,69,1025,92
48,10138015,10052515,title,true,69,44,55
48,10111007,10063631,description,true,69,133,124
48,10159395,10117227,description,true,69,141,171
48,10001377,10080183,title,true,69,55,44
48,10248355,10080187,description,true,69,571,94
48,10248679,10080175,title,true,69,44,44
48,10252957,10052515,description,true,69,1021,301
48,10002467,10080183,description,true,69,190,94
48,10137177,10080175,description,true,69,326,100
48,10252749,10080181,title,true,69,25,44
48,10001377,10080181,description,true,69,155,100
48,10137145,10080173,title,true,69,46,44
48,10001425,10080173,description,true,69,218,104
48,10248373,10117239,title,true,69,47,44
48,10030397,10117239,description,true,69,226,171
48,10137127,10002441,title,true,69,44,25
48,10137319,10002441,description,true,69,841,387
48,10111385,10080179,title,true,69,42,44
48,10253057,10117251,title,true,69,37,44
48,10137049,10117233,title,true,69,42,44
480,10007597,10117101,description,false,84,224,147
480,10246089,10074453,title,false,84,44,35
480,10245893,10117101,title,true,84,44,31
480,10035653,10117101,description,true,84,128,147
480,10246015,10074453,description,true,84,197,196
480,10235579,10117101,description,true,84,136,147
480,10259861,10074453,description,true,84,130,196
480,10007801,10117101,description,true,84,142,147
480,10072357,10074453,description,true,84,136,196
480,10028923,10117101,description,true,84,139,147
480,10245961,10074453,description,true,84,191,196
480,10072335,10074453,title,true,84,37,35
480,10132681,10117101,title,true,84,38,31
480,10235583,10117101,description,true,84,135,147
480,10030327,10074453,description,true,84,148,196
480,10146245,10074453,title,true,84,44,35
480,10203175,10117101,description,true,84,136,147
480,10246043,10074453,description,true,84,130,196
480,10007801,10117101,title,true,84,52,31
480,10035859,10117101,description,true,84,129,147
480,10245983,10074453,title,true,84,37,35
480,10259861,10117101,title,true,84,43,31
480,10252845,10074453,description,true,84,700,196
480,10111033,10117101,description,true,84,142,147
480,10245961,10074453,title,true,84,37,35
480,10106941,10117101,title,true,84,37,31
480,10007783,10074453,title,true,84,38,35
480,10072357,10117101,title,true,84,38,31
480,10111033,10074453,title,true,84,57,35
480,10248731,10117101,title,true,84,51,31
480,10226425,10074453,description,true,84,140,196
480,10007663,10117101,description,true,84,195,147
480,10028923,10074453,title,true,84,45,35
480,10246215,10117101,title,true,84,49,31
480,10035859,10074453,title,true,84,34,35
480,10030327,10117101,title,true,84,42,31
480,10226425,10074453,title,true,84,51,35
480,10029005,10117101,title,true,84,51,31
480,10246089,10074453,description,true,84,286,196
480,10246043,10074453,title,true,84,38,35
480,10131809,10117101,description,true,84,205,147
480,10252845,10117101,title,true,84,49,31
480,10007663,10074453,title,true,84,52,35
480,10146245,10074453,description,true,84,137,196
480,10106915,10117101,description,true,84,136,147
480,10234257,10074453,description,true,84,191,196
480,10245893,10117101,description,true,84,287,147
480,10035653,10117101,title,true,84,38,31
484,10196835,10003851,title,false,76,52,67
484,10211863,10132131,description,false,76,73,67
484,10196835,10003831,description,false,76,371,165
484,10211863,10003839,title,false,76,69,59
485,10225943,10139533,title,false,88,38,71
485,1000744,10139033,title,false,88,36,37
485,1000746,10217013,title,false,88,37,56
485,10137801,10139543,title,false,88,41,81
485,1000721,10052163,title,false,88,67,71
485,1000716,10031035,title,false,88,56,68
485,1000714,10139555,description,false,88,218,258
485,10161959,10186495,title,false,88,60,66
485,1000712,10217009,title,false,88,48,47
485,10161969,10262065,title,false,88,56,44
485,10161985,10217007,title,false,88,63,56
485,1000743,10106611,description,false,88,237,95
485,1000716,10166625,description,false,88,225,408
485,10225943,10217011,description,false,88,283,271
485,1000712,10106609,description,false,88,182,96
485,1000740,10139533,description,true,88,151,278
485,10161985,10139033,description,true,88,201,170
485,1000741,10217013,description,true,88,172,279
485,1000725,10139543,description,true,88,151,146
485,1000744,10052163,description,true,88,93,325
485,1000740,10139533,title,true,88,48,71
485,1000718,10139033,title,true,88,77,37
485,1000718,10031035,description,true,88,151,227
485,1000713,10139555,description,true,88,143,258
485,1000743,10217013,title,true,88,50,56
485,1000746,10186495,description,true,88,79,159
485,1000721,10217009,description,true,88,104,262
485,1000725,10139543,title,true,88,56,81
485,10137801,10262065,description,true,88,119,189
485,1000745,10217007,description,true,88,82,273
487,10252837,10181019,title,false,82,71,48
487,10252837,10214169,description,false,82,906,163
488,10007835,10051449,description,false,86,223,204
488,10174685,10216547,title,false,86,28,35
488,10174689,10117217,description,false,86,197,129
488,10007597,10006071,title,false,86,44,28
488,10174685,10029377,description,false,86,197,188
488,10111027,10063501,title,false,86,38,41
488,10007835,10006083,title,false,86,43,32
488,10144179,10117101,description,false,86,191,147
488,10144179,10063551,title,false,86,41,25
488,10174689,10035971,title,false,86,28,29
488,10007597,10274603,description,false,86,224,131
488,10111027,10201283,description,false,86,132,195
489,10161959,10247703,description,false,76,201,52
489,10031183,10225753,title,false,76,63,28
489,10139539,10111409,description,false,76,222,93
489,10139533,10111395,title,false,76,71,62
489,10198199,10225759,title,false,76,48,18
489,10180373,10027167,title,false,76,56,56
489,1000716,10157901,title,false,76,56,34
489,1016231,10111407,title,false,76,45,62
489,10031085,10225789,title,false,76,46,38
489,10125213,10258387,title,false,76,67,24
489,10106613,10051111,description,false,76,100,126
489,10182231,10207419,description,false,76,70,147
489,10125231,10111417,description,false,76,175,93
489,10274867,10027171,title,false,76,40,56
489,10014759,10111397,title,false,76,71,56
489,10198135,10258355,title,false,76,59,77
489,10161929,10111401,title,false,76,60,62
489,10106603,10247807,description,false,76,109,53
489,1000716,10111393,description,false,76,225,127
489,10139543,10111405,title,false,76,81,56
489,10198135,10258385,description,false,76,203,2565
489,1016231,10247703,description,true,76,365,52
489,10125213,10225753,description,true,76,175,322
489,10106603,10247703,title,true,76,65,51
489,10106613,10225753,title,true,76,70,28
489,10014815,10111409,description,true,76,218,93
489,10135429,10111395,description,true,76,241,93
489,10214973,10111409,title,true,76,66,62
489,10274867,10225759,description,true,76,68,300
489,10135429,10111395,title,true,76,73,62
489,10166625,10225759,title,true,76,53,18
489,1016233,10027167,description,true,76,259,92
489,10125231,10027167,title,true,76,63,56
489,10198199,10157901,description,true,76,185,137
489,10214973,10111407,description,true,76,299,93
489,10031085,10225789,description,true,76,211,307
489,10139555,10258387,description,true,76,258,3670
489,10214987,10157901,title,true,76,66,34
489,10139555,10111407,title,true,76,54,62
489,10180373,10051111,description,true,76,85,126
489,10182231,10225789,title,true,76,58,38
489,10161985,10258387,title,true,76,63,24
489,10125229,10207419,description,true,76,157,147
489,10180397,10051111,title,true,76,69,63
489,10014815,10207419,title,true,76,45,58
489,10180397,10111417,description,true,76,88,93
49,10186693,10206143,description,false,68,89,81
49,10073631,10213539,title,false,68,37,39
49,10073681,10223983,title,false,68,30,42
49,10156375,10180939,title,false,68,34,53
49,10098377,10134213,description,false,68,196,56
49,10097193,10180935,title,false,68,32,56
49,10073641,10193867,description,false,68,195,152
49,10186113,10233269,title,false,68,34,27
49,10186227,10243537,title,false,68,42,24
49,10073623,10234535,title,false,68,27,53
49,10073651,10274891,description,false,68,205,68
49,10073625,10130745,title,false,68,29,37
49,10146535,1022503,description,false,68,219,80
49,10178967,10251581,description,false,68,110,92
49,10097221,10180433,description,false,68,223,94
49,10097243,10180959,description,false,68,176,99
49,10073735,10238321,description,false,68,178,82
49,10146513,10027155,description,false,68,217,90
49,10184249,10223975,description,false,68,161,84
49,10178967,10244679,title,false,68,40,48
49,10073653,10027189,title,false,68,29,58
49,10097201,10161863,title,false,68,37,46
49,10092533,10182641,title,false,68,36,70
49,10252711,10274847,description,false,68,166,88
49,10128245,10161853,description,false,68,231,102
49,10098385,1001423,description,false,68,194,118
49,10073643,10134191,description,false,68,210,55
49,10181911,10265431,description,false,68,207,143
49,10097243,10224375,title,false,68,32,52
49,10073647,10206417,title,false,68,41,59
49,10097249,10134187,title,false,68,54,50
49,10156453,10181003,title,false,68,26,46
49,10146533,10233391,title,false,68,36,39
49,10186481,10274903,title,false,68,28,69
49,10073643,10251279,title,false,68,32,62
49,10248995,10274899,description,false,68,120,102
49,10186693,10244671,title,false,68,26,33
49,10073627,10027173,description,false,68,215,94
49,10184249,10157939,title,false,68,33,28
49,10073687,10181035,title,false,68,29,56
49,10186213,10181019,description,false,68,152,60
49,10098363,10133369,description,false,68,213,63
49,10073657,10180397,title,false,68,30,69
49,10073637,10256035,description,false,68,193,140
49,10097195,10088823,description,false,68,237,97
49,10254773,10180481,description,false,68,105,87
49,10098361,10180983,description,false,68,212,67
491,10244525,10181783,title,false,83,34,38
491,10244525,10181847,description,false,83,103,211
491,10244371,10181929,title,false,83,36,36
491,10244371,10017489,description,false,83,227,163
492,10211863,10225909,description,false,78,73,299
492,10211863,10132125,title,false,78,69,45
492,10196835,10014825,description,false,78,371,82
492,10196835,10198209,title,false,78,52,48
493,10225753,10012875,title,false,76,28,45
493,10225753,10239435,description,false,76,322,105
494,10207637,10157877,description,false,89,330,322
494,10234491,10167173,description,false,89,383,185
494,10245789,10128417,description,false,89,220,628
494,10138139,10019567,title,false,89,53,40
494,10234523,10247807,title,false,89,70,52
494,10245789,10180919,title,false,89,72,19
494,10234491,10027167,title,false,89,70,56
494,10234527,10243433,title,false,89,57,33
494,10234489,10244583,description,false,89,304,158
494,10234487,10111407,description,false,89,404,93
494,10234523,10005971,description,false,89,334,51
494,10138179,10266647,title,false,89,74,38
494,10186753,10236389,description,false,89,259,165
494,10138175,10111417,description,false,89,259,93
494,10207639,10001773,title,false,89,57,46
494,10190649,10157901,title,false,89,74,34
494,10139057,10243441,title,false,89,65,33
494,10190653,10156041,description,false,89,243,124
494,10190659,10243509,title,false,89,77,35
494,10138139,10266661,description,false,89,267,314
494,10207335,10205399,title,false,89,57,48
494,10234533,10027171,title,false,89,68,56
494,10190653,10251419,title,false,89,65,63
494,10225009,10001573,title,false,89,78,40
494,10186753,10051111,title,false,89,80,63
494,10234489,10179289,title,false,89,59,81
494,10235761,10055975,description,false,89,162,56
494,10235761,10074609,title,false,89,84,29
494,10197167,10256371,title,false,89,75,34
494,10207335,10111393,description,false,89,151,127
494,10186777,10274041,title,false,89,61,34
494,10139057,10241519,description,false,89,276,117
494,10190659,10233297,description,false,89,307,100
494,10234525,10111401,description,false,89,305,93
494,10234527,10231649,description,false,89,251,40
494,10190649,10111395,description,false,89,294,93
494,10207639,10247703,description,false,89,299,52
494,10186777,10155459,description,false,89,294,126
494,10197167,10156249,description,false,89,307,124
494,10138179,10243499,description,false,89,199,221
494,10234525,10258385,title,false,89,73,26
494,10138175,10258387,title,false,89,53,24
494,10225009,10145033,description,false,89,207,380
494,10234505,10205441,title,false,89,66,35
494,10234533,10199855,description,false,89,291,94
494,10207637,10205461,title,false,89,73,36
494,10234487,10001931,title,false,89,57,47
494,10234505,10243523,description,false,89,342,97
496,10161905,10179289,title,false,82,48,81
496,10161959,10111405,title,false,82,60,56
496,10214973,10225943,title,false,82,66,38
496,10161985,10027169,title,false,82,63,39
496,1016231,10111401,title,false,82,45,62
496,10214987,10111409,title,false,82,66,62
496,10161943,10096435,description,false,82,201,99
496,10214987,10111395,description,false,82,367,93
496,10198207,10203305,description,false,82,189,123
496,1016231,10051111,description,false,82,365,126
496,1016233,10180473,title,false,82,53,48
496,1016233,10111407,description,false,82,259,93
496,10014759,10027171,title,false,82,71,56
496,10214973,10111397,description,false,82,299,127
496,10014759,10111393,description,false,82,198,127
496,10135429,10179321,title,false,82,73,80
496,10198207,10139555,title,false,82,39,54
496,10139539,1000746,title,false,82,72,37
496,10161943,10180373,title,false,82,65,56
496,10198083,10179351,description,false,82,194,144
496,10135429,10111417,description,false,82,241,93
496,10162005,10161863,title,false,82,61,46
496,10139539,10014825,description,false,82,222,82
5,10254767,10006031,description,false,72,168,188
5,10254767,10052503,title,false,72,48,63
5,10159501,10051891,title,false,72,39,72
5,10159505,10036081,description,false,72,171,165
5,10159509,10006087,description,false,72,189,190
5,10159501,10198123,description,false,72,231,87
5,10159509,10006047,title,false,72,45,28
5,10254771,10029391,description,false,72,98,206
5,10159505,10028931,title,false,72,43,37
5,10254773,10258877,description,false,72,105,84
5,10254773,10029315,title,false,72,47,38
5,10254771,10006007,title,false,72,40,34
50,10017369,10117233,description,false,72,119,173
50,10019005,10129433,title,false,72,20,62
50,10017355,10092535,title,false,72,76,63
50,10098647,10248273,title,false,72,45,72
50,10258027,10052157,title,false,72,52,54
50,10135877,10129421,description,false,72,120,163
50,10017347,10149941,description,false,72,125,71
50,10019005,10030739,description,false,72,45,697
50,10003815,10167951,description,false,72,203,322
50,10132125,10198195,title,false,72,45,44
50,10017387,10139021,description,false,72,106,61
50,10003849,10206417,title,false,72,68,59
50,10017377,10207379,description,false,72,119,76
50,10132059,10274041,title,false,72,62,34
50,10135847,10256827,description,false,72,68,84
50,10089315,10139019,description,false,72,73,100
50,10098655,10136403,description,false,72,179,77
50,10252655,10000737,title,false,72,47,57
50,10040389,10198047,description,false,72,86,96
50,10096347,10000751,description,false,72,112,167
50,10140047,10001585,description,false,72,121,170
50,10105691,10234849,description,false,72,114,110
50,10003837,10000777,description,false,72,204,169
50,10017397,10000813,description,false,72,127,168
50,10180149,10224699,title,false,72,83,44
50,10030749,10000805,title,false,72,58,57
50,10132123,10224375,description,false,72,136,121
50,10030749,10255833,description,false,72,429,424
50,10017401,10243509,title,false,72,83,35
50,10140045,10198067,title,false,72,75,48
50,10089313,10168033,title,false,72,35,63
50,10017347,10092051,title,false,72,90,37
50,10132065,10001497,description,false,72,132,140
50,10207207,10001887,description,false,72,841,233
50,10098661,10052159,title,false,72,57,54
50,10003845,10052691,title,false,72,71,54
50,10132065,10233297,title,false,72,72,38
50,10216841,10001203,description,false,72,120,149
50,10017355,10000679,description,false,72,114,173
50,10132125,10000683,description,false,72,77,164
50,10027155,10273999,description,false,72,90,71
50,10105691,10266647,title,false,72,74,38
50,10132063,10274069,title,false,72,73,37
50,10003833,10052355,title,false,72,67,54
50,10180149,10233391,description,false,72,125,103
50,10017407,10241519,description,false,72,118,117
50,10017401,10126603,description,false,72,121,58
50,10207207,10240227,title,false,72,55,49
50,10259381,10149831,title,false,72,77,43
51,10028011,10253775,title,false,74,50,54
51,10264689,10217591,title,false,74,62,50
51,10018841,10242255,title,false,74,49,61
51,10148149,10202721,description,false,74,57,91
51,10065581,10213125,title,false,74,53,50
51,10065453,10134627,description,false,74,110,67
51,10004123,10134867,description,false,74,117,57
51,10245349,10253775,description,true,74,97,100
51,10244985,10217591,description,true,74,77,138
51,10012373,10242255,description,true,74,54,66
51,10245201,10253775,title,true,74,52,54
51,10154053,10202721,description,true,74,124,91
51,10245421,10217591,title,true,74,58,50
51,10074949,10213125,description,true,74,114,80
51,10153439,10242255,title,true,74,65,61
51,10074949,10202721,title,true,74,51,55
51,10059785,10213125,title,true,74,68,50
51,10237283,10134627,title,true,74,61,61
51,10155215,10134867,title,true,74,60,51
51,10245051,10253775,title,true,74,46,54
51,10060549,10217591,title,true,74,64,50
51,10060549,10134627,description,true,74,113,67
51,10061085,10242255,title,true,74,55,61
51,10027645,10134867,description,true,74,55,57
51,10035815,10202721,title,true,74,46,55
51,10073061,10213125,title,true,74,42,50
51,10153515,10134627,title,true,74,58,61
51,10205449,10253775,description,true,74,98,100
51,10004163,10134867,title,true,74,48,51
51,10267791,10217591,description,true,74,69,138
51,10036723,10242255,description,true,74,109,66
51,10028277,10202721,description,true,74,112,91
51,10152035,10253775,title,true,74,58,54
51,10004163,10213125,description,true,74,67,80
51,10237283,10134627,description,true,74,119,67
51,10265199,10217591,title,true,74,55,50
51,10187691,10242255,title,true,74,55,61
51,10153439,10134867,description,true,74,122,57
51,10004125,10253775,description,true,74,117,100
51,10028139,10202721,title,true,74,50,55
51,10028139,10217591,description,true,74,56,138
51,10148149,10213125,title,true,74,43,50
51,10245201,10242255,description,true,74,117,66
51,10154053,10134627,title,true,74,67,61
51,10073061,10202721,description,true,74,69,91
51,10153227,10213125,description,true,74,117,80
52,10158739,10117281,title,false,78,83,48
52,10009617,10117245,title,false,78,85,42
52,10038919,1010500,title,false,78,87,28
52,10095305,10180489,description,false,78,133,437
52,10009647,10236403,title,false,78,80,27
52,10058499,10213955,description,false,78,142,107
52,10009623,10117237,title,false,78,83,51
52,10009637,10117257,description,false,78,123,179
52,10095305,10145017,title,false,78,85,46
52,10009693,10144959,title,false,78,87,48
52,10009661,10256885,title,false,78,77,54
52,10009681,10235405,description,false,78,136,660
52,10058189,10144961,description,false,78,142,351
52,10009679,10176829,description,false,78,143,138
52,10009687,10117255,title,false,78,82,50
52,10158659,10117221,title,false,78,88,50
52,10009723,10245817,description,false,78,125,136
52,10158707,10040031,title,false,78,83,49
52,10009681,10145079,title,false,78,85,21
52,10009695,10117287,title,false,78,89,51
52,10009675,10205441,description,false,78,126,594
52,10009661,10117261,description,false,78,124,180
52,10009695,10117283,description,false,78,129,101
52,10009619,10117241,title,false,78,78,51
52,10009623,10117247,description,false,78,130,95
52,10009617,10117281,description,true,78,120,176
52,10009635,10117245,description,true,78,144,104
52,10009611,1010500,description,true,78,125,130
52,10009621,10180489,description,true,78,140,437
52,10095323,10117281,title,true,78,81,48
52,10009621,10117245,title,true,78,87,42
52,10038919,10236403,description,true,78,128,303
52,10158739,10213955,description,true,78,122,107
52,10058499,1010500,title,true,78,88,28
52,10009671,10180489,title,true,78,85,48
52,10158723,10117237,description,true,78,123,179
52,10095231,10117257,description,true,78,138,179
52,10009675,10236403,title,true,78,79,27
52,10158659,10145017,description,true,78,132,341
52,10009611,10213955,title,true,78,86,51
52,10009723,10117237,title,true,78,78,51
52,10009671,10144959,description,true,78,132,365
53,10235441,10242849,title,false,75,51,58
53,10235441,10254027,description,false,75,158,148
53,10189681,10105691,title,false,75,60,74
53,10189681,10145323,description,false,75,159,105
54,10207409,10002269,description,false,74,149,97
54,10127289,10244385,title,false,74,38,47
54,10222623,10243509,title,false,74,41,35
54,10089511,10244683,title,false,74,40,29
54,10239447,10247471,description,false,74,129,152
54,10015987,10003077,title,false,74,34,53
54,10017237,10244669,description,false,74,119,54
54,10221407,10002193,title,false,74,41,39
54,10004491,10030547,title,false,74,36,34
54,10242641,10157901,title,false,74,36,34
54,10197969,10247475,title,false,74,44,54
54,10132469,10250615,title,false,74,71,49
54,10004491,10145021,description,false,74,100,300
54,10197039,10021505,title,false,74,56,39
54,10242615,10250619,description,false,74,107,119
54,10207409,10244671,title,false,74,72,33
54,10108997,10244695,description,false,74,117,76
54,10127289,10196893,description,false,74,84,96
54,10132347,10196897,description,false,74,103,87
54,10026739,10180919,title,false,74,26,19
54,10132469,10062223,description,false,74,110,149
54,10274837,10001007,description,false,74,127,100
54,10015987,10244699,description,false,74,113,93
54,10274075,10062233,description,false,74,104,175
54,10132291,10157955,description,false,74,161,87
54,10235661,10002269,title,true,74,38,51
54,10235661,10002269,description,true,74,84,97
54,10015989,10244385,description,true,74,129,133
54,10197969,10244683,description,true,74,165,54
54,10207289,10244385,title,true,74,42,47
54,10239447,10243509,title,true,74,53,35
54,10242645,10247471,description,true,74,112,152
54,10017237,10244683,title,true,74,27,29
54,10262005,10003077,description,true,74,141,127
54,10089511,10244669,description,true,74,80,54
54,10255999,10247471,title,true,74,67,68
54,10051331,10030547,description,true,74,140,110
54,10132441,10157901,description,true,74,103,137
54,10132441,10003077,title,true,74,46,53
54,10242645,10244669,title,true,74,42,29
54,10253761,10002193,title,true,74,43,39
54,1022503,10030547,title,true,74,23,34
54,10242723,10157901,title,true,74,34,34
54,1014042,10247475,title,true,74,43,54
54,10242723,10247475,description,true,74,100,118
54,10274075,10250615,title,true,74,47,49
54,10207317,10145021,title,true,74,31,60
54,10051331,10021505,title,true,74,38,39
54,10253761,10250615,description,true,74,112,121
54,10239467,10145021,description,true,74,132,300
55,10184211,10106753,title,false,69,58,26
55,10052221,10015155,description,false,69,316,72
55,10069587,10002193,title,false,69,60,39
55,10052221,10266637,title,false,69,51,45
55,10069587,10243563,description,false,69,286,159
55,10052457,10251421,title,false,69,41,53
55,10052541,10015167,title,false,69,41,53
55,10184209,10015141,title,false,69,57,61
55,10184211,10244421,description,false,69,954,121
55,10223363,10030681,description,false,69,459,610
55,10223353,10015159,description,false,69,474,74
55,10069705,10015161,title,false,69,60,57
55,10069705,10237425,description,false,69,289,84
55,10052541,10274069,description,false,69,313,77
55,10223353,10243509,title,false,69,45,35
55,10052457,10002195,description,false,69,311,141
55,10223363,1017710,title,false,69,49,13
56,10187203,10258857,description,false,75,90,80
56,10032833,10157955,title,false,75,45,28
56,10032833,10258859,description,false,75,112,87
56,10187203,10244421,title,false,75,34,27
59,10201913,10170161,title,false,76,56,67
59,10242869,10003517,title,false,76,51,61
59,10128145,10243435,description,false,76,184,103
59,10028881,10170161,description,true,76,61,44
59,10036431,10003517,description,true,76,178,81
59,10128151,10243435,description,true,76,99,103
59,10237249,10170161,description,true,76,122,44
59,10128149,10170161,title,true,76,48,67
59,10242829,10003517,description,true,76,60,81
59,10028741,10243435,description,true,76,165,103
59,10000583,10003517,title,true,76,46,61
59,10028533,10243435,title,true,76,54,28
59,10203625,10170161,description,true,76,61,44
59,10128123,10003517,description,true,76,66,81
59,10128151,10170161,title,true,76,48,67
59,1001774,10243435,description,true,76,295,103
59,10254487,10170161,description,true,76,155,44
59,10036431,10003517,title,true,76,53,61
59,10254489,10003517,description,true,76,189,81
59,10015929,10243435,description,true,76,73,103
59,10012919,10170161,description,true,76,73,44
59,10028647,10243435,title,true,76,55,28
59,10127521,10170161,title,true,76,55,67
59,10236101,10003517,title,true,76,61,61
59,10012919,10243435,title,true,76,46,28
59,10236115,10170161,title,true,76,55,67
59,10015913,10003517,description,true,76,68,81
59,10217801,10003517,title,true,76,58,61
59,10236099,10243435,description,true,76,59,103
59,10236115,10170161,description,true,76,60,44
59,10236097,10003517,description,true,76,60,81
59,10236113,10243435,description,true,76,44,103
59,10128155,10170161,description,true,76,190,44
59,10028881,10243435,title,true,76,56,28
59,10015929,10170161,title,true,76,54,67
59,10201823,10003517,title,true,76,52,61
59,10128147,10003517,description,true,76,183,81
59,10000583,10243435,description,true,76,51,103
59,10028533,10170161,description,true,76,189,44
59,10236099,10243435,title,true,76,54,28
59,10254489,10170161,title,true,76,54,67
59,10236119,10003517,title,true,76,60,61
59,10128135,10243435,title,true,76,50,28
59,10028763,10170161,title,true,76,61,67
59,10028763,10003517,description,true,76,66,81
59,1001774,10003517,title,true,76,39,61
6,10051595,10242641,description,false,72,84,114
6,10016723,10132601,description,false,72,106,95
6,10015993,10197969,title,false,72,54,44
6,10015993,10016283,description,false,72,113,620
6,10222653,10002079,description,false,72,131,125
6,10132319,10213401,description,false,72,147,112
6,10132319,10014675,title,false,72,47,41
6,10132371,10001527,description,false,72,121,121
6,10088851,10030547,description,false,72,103,110
6,10162591,10184327,description,false,72,113,98
6,10132391,10197145,description,false,72,107,129
6,10016723,10001003,title,false,72,48,46
6,10089511,10003011,description,false,72,80,146
6,10101345,10242701,title,false,72,49,42
6,10162411,10132311,title,false,72,65,51
6,10242723,10007811,description,false,72,100,203
6,1022503,10000729,title,false,72,23,75
6,10132371,10002269,title,false,72,71,51
6,10144783,10001445,description,false,72,81,231
6,10207461,10000911,description,false,72,121,143
6,10181205,10001425,description,false,72,99,218
6,10242723,10016003,title,false,72,34,50
6,10075395,10213377,title,false,72,51,59
6,10162591,10002713,title,false,72,49,45
6,10101327,10009681,description,false,72,119,136
6,10162605,10197583,title,false,72,51,53
6,10199945,10009711,title,false,72,51,77
6,10088851,10017587,title,false,72,49,49
6,10089159,10002825,title,false,72,35,43
6,10217589,10213409,description,false,72,93,100
6,10004357,10007835,title,false,72,57,43
6,10222653,10025161,title,false,72,37,40
6,10132469,10207407,title,false,72,71,38
6,10054893,10017213,title,false,72,62,35
6,10199945,10207271,description,false,72,106,124
6,10201945,10007763,title,false,72,50,63
6,10144783,10003077,title,false,72,27,53
6,10181205,10145071,title,false,72,41,49
6,10207333,10274101,description,false,72,116,80
6,10101345,10002753,description,false,72,144,96
6,10075395,10239459,description,false,72,107,118
6,10054835,10260563,description,false,72,101,158
6,10162411,10132343,description,false,72,136,113
6,10015997,10242665,title,false,72,64,35
6,10273987,10132619,description,false,72,112,151
6,10201945,10239453,description,false,72,173,145
6,10101327,10017211,title,false,72,40,42
6,10128409,10274029,description,false,72,624,107
6,10132391,10013427,title,false,72,58,57
6,10273987,10003299,title,false,72,34,79
60,10173333,10179337,description,false,69,166,100
60,10180209,10111409,title,false,69,39,62
60,10037175,10111417,title,false,69,31,62
60,10180227,10111393,title,false,69,39,56
60,10045877,10251421,description,false,69,575,178
60,10258247,10111405,title,false,69,48,56
60,10238485,10111395,description,false,69,386,93
60,10173195,10111397,description,false,69,200,127
60,10173333,10019567,title,false,69,39,40
60,10173143,10266647,title,false,69,52,38
60,10238485,10027171,title,false,69,68,56
60,10223009,10111401,description,false,69,218,93
60,10223001,10111407,description,false,69,206,93
60,10037089,10001931,title,false,69,42,47
60,10258099,10179337,title,true,69,55,84
60,10037147,10111409,title,true,69,45,62
60,10237991,10179337,description,true,69,411,100
60,10173329,10111409,description,true,69,180,93
60,10258099,10111417,description,true,69,360,93
60,10258213,10111417,title,true,69,55,62
60,10238471,10111393,title,true,69,71,56
60,10173329,10251421,title,true,69,36,53
60,10173119,10111405,title,true,69,52,56
60,10080229,10111393,description,true,69,196,127
60,10173167,10019567,title,true,69,48,40
60,10173191,10251421,description,true,69,196,178
60,10238487,10111405,description,true,69,382,127
60,10173309,10111395,title,true,69,47,62
60,10036909,10111395,description,true,69,199,93
60,10258103,10266647,title,true,69,29,38
60,10036909,10111397,title,true,69,55,56
60,10180209,10111397,description,true,69,346,127
60,10258195,10027171,description,true,69,164,92
60,10037057,10111401,description,true,69,350,93
60,10045877,10027171,title,true,69,51,56
60,10173157,10111401,title,true,69,46,62
60,10037175,10111407,description,true,69,313,93
60,10258233,10111407,title,true,69,45,62
60,10258103,10001931,description,true,69,177,125
60,10173157,10179337,description,true,69,207,100
60,10258195,10001931,title,true,69,39,47
60,10173141,10179337,title,true,69,45,84
60,10223009,10111409,title,true,69,61,62
60,10173119,10111409,description,true,69,224,93
60,10173187,10111417,title,true,69,46,62
60,10258193,10111393,title,true,69,52,56
60,10173129,10111417,description,true,69,192,93
60,10173357,10251421,title,true,69,37,53
60,10173115,10111405,title,true,69,51,56
60,10258213,10111393,description,true,69,352,127
61,10030195,10145323,title,false,74,51,33
61,10005909,10016685,title,false,74,57,44
61,10106295,10145043,title,false,74,68,31
61,10071509,10145045,title,false,74,46,31
61,10252561,10145053,title,false,74,50,31
61,10005909,10145313,description,false,74,52,105
61,10029635,10244381,description,false,74,118,158
61,10035807,10101129,description,false,74,58,57
61,10017697,10244431,description,false,74,116,50
61,10060227,10145333,description,false,74,108,108
61,10030247,10145303,description,false,74,120,56
61,10254409,10245441,description,false,74,54,66
61,10121149,10244683,description,false,74,60,54
61,10264931,10016703,title,false,74,51,44
61,10074227,10244583,title,false,74,55,28
61,10030005,10243509,title,false,74,49,35
61,10265263,10003121,title,false,74,48,60
61,10195987,10145025,title,false,74,56,31
61,10000355,10244483,description,false,74,55,50
61,10059853,10145295,title,false,74,61,37
61,10264633,10244669,title,false,74,47,29
61,10017847,10145323,title,true,74,51,33
61,10036465,10016685,title,true,74,52,44
61,10265297,10145043,title,true,74,51,31
61,10155765,10145323,description,true,74,116,105
61,10099539,10145043,description,true,74,58,215
61,10121015,10145045,title,true,74,50,31
61,10092113,10145053,title,true,74,40,31
61,10030097,10145045,description,true,74,120,214
61,10153531,10145053,description,true,74,108,214
61,10180535,10145313,description,true,74,70,105
61,10129599,10145313,title,true,74,44,33
61,10265137,10244381,description,true,74,155,158
61,10030001,10101129,description,true,74,109,57
61,10029519,10016703,title,true,74,64,44
61,10030001,10244381,title,true,74,49,28
61,10264865,10101129,title,true,74,45,42
61,10265261,10244431,description,true,74,152,50
61,10059811,10145333,description,true,74,119,108
61,10241819,10145303,description,true,74,57,56
61,10035807,10244431,title,true,74,46,37
61,10121021,10245441,description,true,74,58,66
61,10036595,10244683,description,true,74,122,54
61,10060541,10145333,title,true,74,67,37
61,10109075,10244583,description,true,74,55,158
61,10030053,10145303,title,true,74,60,40
61,10265171,10003121,description,true,74,153,148
61,10265153,10145025,description,true,74,142,214
62,10068557,10244677,description,false,75,125,84
62,10068569,10145079,description,false,75,123,240
62,10058275,10236403,title,false,75,57,27
62,10058205,10235405,description,false,75,132,660
62,10058443,10157901,description,false,75,125,137
62,10038919,10205395,title,false,75,87,50
62,10038933,10244679,description,false,75,129,100
62,10058315,10144959,description,false,75,132,365
62,10058357,10235355,title,false,75,70,31
62,10095269,1010498,title,false,75,70,27
62,10068529,10257041,title,false,75,65,36
62,10058233,10257031,description,false,75,124,77
62,10095269,10244421,description,false,75,133,121
62,10058419,10256885,title,false,75,75,54
62,10058369,10235375,description,false,75,125,105
62,10095231,1010500,description,false,75,138,130
62,10089059,10243509,title,false,75,66,35
62,10058547,10180489,title,false,75,69,48
62,10243479,10243499,description,false,75,161,221
62,10068611,10205441,title,false,75,67,35
62,10058321,10144961,title,false,75,68,31
62,10068615,10243537,description,false,75,124,136
62,10156755,10244677,title,true,75,70,45
62,10095239,10244677,description,true,75,122,84
62,10058291,10145079,description,true,75,131,240
62,10058459,10145079,title,true,75,90,21
62,10058355,10236403,description,true,75,159,303
62,10058291,10236403,title,true,75,76,27
62,10058401,10235405,description,true,75,125,660
62,10058215,10235405,title,true,75,76,33
62,10058245,10157901,description,true,75,128,137
62,10038933,10157901,title,true,75,74,34
62,10058301,10205395,description,true,75,126,229
62,10058555,10205395,title,true,75,76,50
62,10058201,10244679,title,true,75,77,48
62,10058201,10244679,description,true,75,132,100
62,10058355,10144959,title,true,75,74,48
62,10058389,10235355,title,true,75,69,31
62,10095239,1010498,title,true,75,69,27
62,10058435,10144959,description,true,75,132,365
63,10106049,10002193,title,false,71,63,39
63,10237431,10243563,title,false,71,54,30
63,10004011,10243435,description,false,71,109,103
63,10220791,10137319,description,false,71,88,841
63,10220751,10244669,description,false,71,84,54
63,10267851,10266637,title,false,71,50,45
63,10065121,10252509,description,false,71,141,115
63,10232819,10137145,description,false,71,498,1025
63,10129057,10239821,title,false,71,68,53
63,10053697,10244425,title,false,71,56,32
63,10231427,10243479,description,false,71,107,161
63,10180915,10145033,title,false,71,45,47
63,10180891,10235891,description,false,71,100,95
63,10180895,10019567,title,false,71,48,40
63,10237431,10002805,description,false,71,120,3010
63,10214169,10137043,description,false,71,163,843
63,10004053,10106295,title,false,71,56,68
63,10106139,10213373,description,false,71,430,116
63,10232819,10092535,title,false,71,66,63
63,10065121,10242061,title,false,71,71,53
63,10133327,10243499,title,false,71,55,53
63,10214169,10002809,title,false,71,71,49
63,10106063,10001573,description,false,71,430,154
63,10053683,10144959,description,false,71,128,365
63,10220791,10261291,title,false,71,36,38
63,10231431,10001773,description,false,71,113,150
63,10106049,10157901,description,false,71,536,137
63,10237451,10167957,description,false,71,65,544
63,10231427,10244381,title,false,71,44,28
63,10180909,10235907,description,false,71,98,92
63,10166779,10106267,title,false,71,46,67
63,10220751,10106081,title,false,71,32,70
63,10180909,10001931,title,false,71,43,47
63,10220785,10244677,title,false,71,31,45
63,10231431,10144983,title,false,71,49,24
63,10214157,10244583,description,false,71,293,158
63,10214157,10002807,title,false,71,33,60
63,10220785,10244683,description,false,71,83,54
63,10129057,10137101,description,false,71,73,1027
63,10180895,10001585,description,false,71,103,170
63,10166779,10260117,description,false,71,91,132
63,10133327,10106119,description,false,71,112,513
63,10267851,10244671,description,false,71,155,158
63,10106063,10243509,title,false,71,86,35
64,10004381,10003199,title,false,71,43,58
64,10222623,10062233,title,false,71,41,66
64,10221407,10157955,title,false,71,41,28
64,1020977,10130747,title,false,71,43,40
64,10101325,1010554,title,false,71,43,48
64,10242617,10247475,description,false,71,101,118
64,1022503,10213413,description,false,71,80,159
64,1020977,10244695,description,false,71,96,76
64,10193967,10242373,title,false,71,43,58
64,10073611,10075295,description,false,71,92,100
64,10051325,10003077,title,false,71,42,53
64,10073611,10130745,title,false,71,39,37
64,10132441,10157939,description,false,71,103,85
64,10016267,10021509,description,false,71,572,100
64,10221407,10189699,description,false,71,108,109
64,10197661,10157901,title,false,71,76,34
64,1022503,10274101,title,false,71,23,43
64,10004381,10004501,description,false,71,87,104
64,10234535,10085983,title,false,71,53,37
64,10197661,10132045,description,false,71,690,101
64,10132417,10256035,description,false,71,111,140
64,10222623,10180919,description,false,71,142,43
64,10193967,10003199,description,true,71,96,126
64,10132441,10003199,title,true,71,46,58
64,10242723,10062233,title,true,71,34,66
64,10234535,10062233,description,true,71,222,175
64,10016267,10157955,title,true,71,69,28
64,10132417,10130747,title,true,71,52,40
64,10089511,10157955,description,true,71,80,87
64,10101325,1010554,description,true,71,104,473
64,10089511,1010554,title,true,71,40,48
64,10242723,10247475,description,true,71,100,118
64,10242617,10247475,title,true,71,46,54
64,10051325,10213413,description,true,71,168,159
66,10200203,10180919,title,false,75,59,19
66,10235725,10247475,title,false,75,52,54
66,10017211,10244669,title,false,75,42,29
66,10265489,10130745,title,false,75,47,37
66,10086107,10244683,title,false,75,58,29
66,10019855,1001519,description,false,75,151,154
66,10207419,10239781,title,false,75,58,64
66,10233281,10253761,description,false,75,117,112
66,10174215,10274015,title,false,75,43,48
66,10239445,10266661,title,false,75,61,45
66,10016755,10145021,description,false,75,121,300
66,10207409,10233359,title,false,75,72,38
66,10015989,10244377,title,false,75,69,36
66,10255999,10244699,title,false,75,67,44
66,10178903,10244671,description,false,75,137,158
66,10086107,10217977,description,false,75,119,174
66,10085971,10130747,title,false,75,48,40
66,10001345,10180919,description,true,75,141,43
66,10085973,10247475,description,true,75,111,118
66,10085973,10180919,title,true,75,58,19
66,10016713,10244669,description,true,75,97,54
66,10127289,10247475,title,true,75,38,54
66,10221405,10244669,title,true,75,57,29
66,10127289,10244683,description,true,75,84,54
66,10197105,1001519,description,true,75,124,154
66,10016723,10130745,title,true,75,48,37
66,10233281,10244683,title,true,75,54,29
66,10019745,10253761,description,true,75,144,112
66,10178903,10239781,title,true,75,59,64
66,10108997,10274015,description,true,75,117,96
66,10207409,10266661,description,true,75,149,314
66,10017211,10145021,description,true,75,97,300
66,10221405,10233359,description,true,75,94,103
66,10133973,10244377,description,true,75,126,105
66,10019745,1001519,title,true,75,59,63
66,10207419,10244699,description,true,75,147,93
66,10207439,10253761,title,true,75,57,43
66,10016721,10244671,description,true,75,123,158
66,10235725,10217977,description,true,75,138,174
66,10133973,10274015,title,true,75,68,48
66,10197079,10266661,title,true,75,65,45
66,10016723,10180919,description,true,75,106,43
66,10174215,10247475,description,true,75,101,118
66,10197105,10145021,title,true,75,53,60
66,10080475,10244669,description,true,75,107,54
66,10255999,10244683,description,true,75,134,54
66,10075405,10233359,title,true,75,53,38
66,10075405,1001519,description,true,75,116,154
66,10016721,10244377,title,true,75,61,36
66,10015993,10253761,description,true,75,113,112
67,10149831,10159305,description,false,72,60,113
67,10149807,10237451,description,false,72,64,65
67,10247579,10144959,title,false,72,63,48
67,10168033,10127241,description,false,72,359,62
67,10149807,10157901,title,false,72,47,34
67,10149831,10243509,title,false,72,43,35
67,10167951,10206867,description,false,72,322,92
67,10247579,10148367,description,false,72,96,59
67,10167951,10106139,title,false,72,53,81
67,10168033,10244421,title,false,72,63,27
68,10208585,10157901,description,false,72,118,137
68,10208633,10111397,title,false,72,53,56
68,10208607,10207639,title,false,72,63,57
68,10190809,10241519,description,false,72,94,117
68,10027377,10244583,description,false,72,101,158
68,10169315,10055975,title,false,72,53,60
68,10091343,10205395,description,false,72,99,229
68,10238567,10234525,title,false,72,73,73
68,10260403,10001573,title,false,72,54,40
68,10190805,10002807,description,false,72,93,1070
68,10202297,10111405,description,false,72,94,127
68,10208561,10234533,description,false,72,109,291
68,10255047,10145053,description,false,72,113,214
68,10027377,10243441,title,false,72,48,33
68,10260403,10190649,description,false,72,83,294
68,10202285,10268119,title,false,72,49,44
68,10208569,10069765,description,false,72,119,68
68,10208595,10244381,description,false,72,120,158
68,10208585,10005971,title,false,72,70,74
68,10169289,10143887,description,false,72,85,56
68,10208599,10205425,description,false,72,119,56
68,10169289,10234505,title,false,72,57,66
68,1001050,10145033,description,false,72,275,380
68,10239365,10186807,description,false,72,103,394
68,10239365,10145045,title,false,72,46,31
68,10255047,10154999,title,false,72,52,68
68,10238567,10243433,description,false,72,283,97
68,10208547,10111393,description,false,72,115,127
68,10208567,10001773,description,false,72,110,150
68,10208561,10244421,title,false,72,52,27
68,10202291,10243537,title,false,72,53,24
68,10208567,10148617,title,false,72,55,70
68,10208607,10062851,description,false,72,120,57
68,10190809,10216641,title,false,72,41,61
68,10208633,10144983,description,false,72,110,133
68,10208595,10206635,title,false,72,63,40
68,10169315,10231969,description,false,72,81,57
68,10190805,10106049,title,false,72,47,63
68,1001050,10180919,title,false,72,58,19
68,10202291,10236389,description,false,72,110,165
68,10202297,10243509,title,false,72,50,35
68,10208599,10159585,title,false,72,62,90
68,10208569,10051111,title,false,72,62,63
68,10202285,10002805,description,false,72,106,3010
68,10208547,10001931,title,false,72,58,47
68,10091343,10216017,title,false,72,40,68
69,10242617,10041821,title,false,74,46,48
69,10242617,10244381,description,false,74,101,158
69,10163701,10205391,title,false,74,41,69
69,10206969,10256689,description,false,74,92,335
69,10157901,10041871,title,false,74,34,46
69,10196989,10244683,title,false,74,51,29
69,10163701,10145021,description,false,74,125,300
69,10205625,10001573,description,false,74,76,154
69,10207069,10241519,description,false,74,99,117
69,10233391,10092051,title,false,74,39,37
69,10207069,10041879,title,false,74,36,47
69,10039401,10247703,description,false,74,114,52
69,10233391,10244583,description,false,74,103,158
69,10205781,10180919,description,false,74,78,43
69,10206105,10244421,title,false,74,42,27
69,10233307,10205399,title,false,74,28,48
69,10205625,10041839,title,false,74,37,49
69,10253761,10197145,title,false,74,43,64
69,10039401,10041835,title,false,74,61,47
69,10182347,10041421,title,false,74,50,59
69,10196989,10244695,description,false,74,101,76
69,10256015,10235951,title,false,74,43,46
69,10233359,10258363,title,false,74,38,74
69,10256015,10041877,description,false,74,126,1027
69,10157901,10258369,description,false,74,137,1821
69,10253761,10041873,description,false,74,112,1026
69,10205781,10130745,title,false,74,34,37
69,10206867,10001931,title,false,74,48,47
69,10206105,10213409,description,false,74,69,100
69,10182347,10244679,description,false,74,106,100
69,10233307,10239433,description,false,74,75,138
69,10019677,10039845,description,false,74,82,776
69,10233359,10197079,description,false,74,103,178
69,10019677,10239821,title,false,74,45,53
7,10187097,10032777,description,false,69,107,107
7,10142805,10256423,title,false,69,41,49
7,10111107,10178033,description,false,69,102,105
7,10232069,10032643,title,false,69,56,64
7,10111117,10002865,title,false,69,40,63
7,10111129,10177961,description,false,69,117,352
7,10135133,10032837,title,false,69,44,43
7,10111117,10002833,description,false,69,99,262
7,10187223,10187279,description,false,69,107,89
7,10213255,10032825,description,false,69,93,115
7,10038969,10241683,description,false,69,102,115
7,10111105,10178037,description,false,69,119,110
7,10144515,1022303,title,false,69,38,31
7,10003387,10250607,title,false,69,49,57
7,10135149,10003051,title,false,69,45,58
7,10111119,10207527,title,false,69,41,79
7,10236403,10003177,description,false,69,303,118
7,10135141,10117015,title,false,69,42,51
7,10182355,10043651,title,false,69,44,52
7,10187109,10086121,title,false,69,43,34
7,10111125,10032583,title,false,69,52,56
7,10182315,10236241,description,false,69,115,132
7,10180645,10032463,title,false,69,42,39
7,10144515,10032743,description,false,69,106,113
7,10111121,10239293,description,false,69,134,148
7,10111125,10002831,description,false,69,144,261
7,10187263,10032765,title,false,69,37,39
7,10239073,10187025,description,false,69,118,129
7,10135141,10032595,description,false,69,123,133
7,10187263,10263197,description,false,69,117,255
7,10135149,10202819,description,false,69,132,68
7,10144519,10207589,description,false,69,107,58
7,10111119,10144959,description,false,69,140,365
7,10180645,10032807,description,false,69,101,141
7,10232069,10003695,description,false,69,92,104
7,10182369,10039015,title,false,69,49,54
7,10187223,10032843,title,false,69,47,37
7,10135161,10158715,description,false,69,127,68
7,10038969,10032455,title,false,69,42,40
7,10135161,10231987,title,false,69,49,42
7,10135133,10032717,description,false,69,122,95
71,10035813,10244401,title,false,72,55,28
71,10035813,10145305,description,false,72,67,98
71,10265139,10145323,description,false,72,195,105
71,10035817,10244203,description,false,72,56,56
71,10147439,10244373,description,false,72,61,123
71,10148213,10243509,title,false,72,49,35
71,10207571,10145245,description,false,72,57,106
71,10207593,10243457,title,false,72,72,34
71,10035825,10157931,description,false,72,58,91
71,10245871,10255591,description,false,72,79,118
71,10121079,10145333,description,false,72,56,108
71,10016685,10145313,title,false,72,44,33
71,10268409,10255579,title,false,72,46,64
71,1011488,10255751,title,false,72,43,56
71,10073007,10244447,title,false,72,40,37
71,10207571,10244583,title,false,72,70,28
71,10207583,10157913,title,false,72,74,33
71,10035827,10255831,description,false,72,67,431
71,10030115,10212957,description,false,72,57,56
71,10205445,10244381,description,false,72,212,158
71,10163899,10244401,description,true,72,57,119
71,10030221,10244401,title,true,72,46,28
71,10236025,10145305,description,true,72,41,98
71,10035839,10145305,title,true,72,45,33
71,10016663,10145323,description,true,72,52,105
71,10265059,10145323,title,true,72,50,33
71,10035839,10244203,description,true,72,57,56
71,10144135,10244203,title,true,72,47,46
71,10016697,10244373,title,true,72,42,31
71,10180693,10244373,description,true,72,73,123
71,10252567,10243509,title,true,72,64,35
71,10016703,10145245,title,true,72,44,33
71,1011484,10145245,description,true,72,117,106
71,1011488,10157931,description,true,72,140,91
71,1011484,10243457,title,true,72,36,34
71,10207567,10157931,title,true,72,67,33
71,10163941,10255591,description,true,72,58,118
71,10234889,10255591,title,true,72,52,45
71,1019677,10145333,description,true,72,89,108
71,10265325,10145333,title,true,72,44,37
71,10073177,10145313,title,true,72,40,33
71,10234889,10145313,description,true,72,44,105
72,10063803,10044165,description,false,74,212,108
72,10234351,10129533,description,false,74,217,109
72,10246167,10044057,description,false,74,207,109
72,10246035,10262053,title,false,74,31,28
72,10234299,10048145,title,false,74,36,23
72,10035863,10243943,description,false,74,150,117
72,10226609,10063877,title,false,74,59,37
72,10236555,10173891,title,false,74,56,35
72,10174691,10063887,title,false,74,32,38
72,10234351,10043881,title,false,74,30,25
72,10245907,10044019,title,false,74,31,43
72,10226565,10044109,description,false,74,220,108
72,10246167,10063861,title,false,74,30,36
72,10179821,10044185,title,false,74,48,25
72,10181391,10074431,title,false,74,38,24
72,10174691,10006051,description,false,74,154,168
72,10181397,10120903,title,false,74,63,32
72,10020721,10033673,title,false,74,47,51
72,10246035,10044165,description,true,74,211,108
72,10129009,10129533,description,true,74,214,109
72,10002521,10044165,title,true,74,31,31
72,10226609,10044057,description,true,74,220,109
72,10234313,10129533,title,true,74,30,23
72,10234313,10262053,description,true,74,217,108
72,10234305,10044057,title,true,74,31,43
72,10179821,10048145,description,true,74,167,106
72,10181397,10243943,description,true,74,175,117
72,10063803,10262053,title,true,74,39,28
72,10181391,10063877,description,true,74,158,159
72,10020721,10173891,description,true,74,217,121
72,10234289,10063887,description,true,74,218,160
72,10002521,10043881,description,true,74,159,108
72,10035863,10048145,title,true,74,27,23
72,10020773,10044019,description,true,74,312,107
72,10234305,10044109,description,true,74,212,108
72,10108723,10063861,description,true,74,211,160
72,10108723,10243943,title,true,74,34,41
72,10245907,10044185,description,true,74,209,108
72,10020773,10063877,title,true,74,38,37
72,10129009,10173891,title,true,74,34,35
72,10236555,10074431,description,true,74,213,159
72,10234299,10006051,description,true,74,217,168
72,10226565,10063887,title,true,74,59,38
73,1012708,10217061,title,false,74,36,61
73,10015877,10260315,description,false,74,138,134
73,10234813,10243537,description,false,74,84,136
73,10181721,10002761,title,false,74,54,40
73,10050231,1027295,title,false,74,70,44
73,10015877,10217061,title,true,74,52,61
73,10241779,10217061,description,true,74,319,132
73,10217079,10260315,title,true,74,71,55
73,10128089,10260315,description,true,74,181,134
73,10234805,10002761,title,true,74,60,40
73,10234801,10243537,description,true,74,161,136
73,10050247,10243537,title,true,74,64,24
73,10167249,1027295,description,true,74,188,136
73,10241783,1027295,title,true,74,66,44
73,1010554,10217061,title,true,74,48,61
73,10050247,10217061,description,true,74,211,132
73,10217145,10260315,title,true,74,61,55
73,10027313,10260315,description,true,74,171,134
73,10217081,10002761,title,true,74,82,40
73,1001061,10243537,description,true,74,293,136
73,10241779,10243537,title,true,74,52,24
73,10050223,1027295,title,true,74,61,44
73,10217081,1027295,description,true,74,176,136
73,10217097,10217061,title,true,74,69,61
73,1019937,10260315,title,true,74,29,55
73,10241801,10002761,title,true,74,67,40
73,10050245,10243537,title,true,74,70,24
73,1019937,10217061,description,true,74,259,132
73,1001060,10260315,description,true,74,263,134
73,10217145,10243537,description,true,74,219,136
73,10234813,1027295,title,true,74,66,44
73,10167249,10217061,title,true,74,69,61
73,10217111,10260315,title,true,74,69,55
73,10217097,1027295,description,true,74,165,136
73,10050231,10217061,description,true,74,217,132
73,10234805,10260315,description,true,74,128,134
73,10241793,10243537,description,true,74,367,136
73,10241783,1027295,description,true,74,400,136
73,10234771,10217061,description,true,74,111,132
73,10050223,10260315,description,true,74,208,134
73,1012708,10243537,description,true,74,157,136
73,1001062,10002761,title,true,74,55,40
73,1001061,10243537,title,true,74,56,24
73,10217093,1027295,description,true,74,395,136
73,10128089,1027295,title,true,74,76,44
73,10234797,10217061,title,true,74,14,61
73,10181721,10217061,description,true,74,178,132
73,10050245,10260315,description,true,74,217,134
73,10217079,10243537,description,true,74,165,136
74,10244525,10157901,description,false,70,103,137
74,10244285,10053779,title,false,70,37,42
74,10244377,10190659,title,false,70,36,77
74,10244577,10017569,title,false,70,38,70
74,10244683,10159267,description,false,70,54,77
74,10244525,10051283,title,false,70,34,52
74,10244671,10207639,title,false,70,33,57
74,10244577,10236431,description,false,70,100,148
74,10244371,1010508,title,false,70,36,31
74,10145065,10203339,title,false,70,41,41
74,10244377,10017489,description,false,70,105,163
74,10244669,10186803,title,false,70,29,58
74,10244579,10207637,description,false,70,193,330
74,10244343,10235337,title,false,70,32,44
74,10244671,10051287,description,false,70,158,57
74,10244371,10234535,description,false,70,227,222
74,10145021,10243509,title,false,70,60,35
74,10244575,10233297,description,false,70,114,100
74,10244285,10205425,description,false,70,150,56
74,10145021,10006979,description,false,70,300,101
74,10244385,10212051,title,false,70,47,41
74,10145065,10030295,description,false,70,139,124
74,10244575,1010510,title,false,70,42,31
74,10244385,10190651,description,false,70,133,232
75,10213393,10089511,title,false,67,60,40
75,10213383,10134049,title,false,67,65,46
75,10265433,1014042,description,false,67,105,66
75,10003199,10233359,description,false,67,126,103
75,10213421,10026739,description,false,67,158,106
75,10213369,10233317,description,false,67,115,139
75,10213421,10132601,title,false,67,78,36
75,10196897,10242709,description,false,67,87,110
75,10213409,10004315,description,false,67,100,107
75,10213437,10222623,description,false,67,91,142
75,10030547,10260557,description,false,67,110,135
75,10213377,10162605,title,false,67,59,51
75,10213401,10221407,description,false,67,112,108
75,10213415,10202029,description,false,67,86,99
75,10196893,10159095,title,false,67,48,38
75,10111349,10216863,description,false,67,106,419
75,10213447,10207441,title,false,67,60,40
75,10213419,1022503,description,false,67,139,80
75,10021509,10089511,title,true,67,46,40
75,10180919,10134049,title,true,67,19,46
75,10030547,1014042,title,true,67,34,43
75,10196893,10089511,description,true,67,96,80
75,10213353,10233359,title,true,67,67,38
75,10213385,10134049,description,true,67,114,83
75,10250621,1014042,description,true,67,132,66
75,10247475,10233359,description,true,67,118,103
75,10213447,10026739,description,true,67,132,106
75,10265433,10026739,title,true,67,51,26
75,10196897,10233317,title,true,67,43,49
75,10213455,10233317,description,true,67,125,139
75,10231987,10132601,title,true,67,42,36
75,10021509,10132601,description,true,67,100,95
75,10213437,10242709,title,true,67,59,44
75,10265431,10242709,description,true,67,143,110
75,10174115,10004315,description,true,67,116,107
75,10062299,10222623,description,true,67,117,142
75,10111343,10260557,description,true,67,126,135
75,10062299,10004315,title,true,67,55,34
75,10062167,10222623,title,true,67,47,41
75,10001007,10260557,title,true,67,49,28
75,10244671,10162605,description,true,67,158,134
75,10213459,10221407,description,true,67,102,108
75,10002269,10202029,description,true,67,97,99
75,10174115,10162605,title,true,67,36,51
75,10213443,10221407,title,true,67,69,41
75,10180919,10159095,description,true,67,43,104
75,10213369,10202029,title,true,67,64,37
75,10213419,10159095,title,true,67,67,38
75,10111349,10216863,title,true,67,48,39
75,10213371,10207441,title,true,67,80,40
76,10178903,10180919,description,false,71,137,43
76,10207333,10004501,description,false,71,116,104
76,10197145,10242641,description,false,71,129,114
76,10239423,1022503,description,false,71,118,80
76,10239433,10247475,description,false,71,138,118
76,10207425,1014042,description,false,71,125,66
76,10261869,10004491,title,false,71,55,36
76,10075405,10260557,description,false,71,116,135
76,10207425,10217605,title,false,71,50,58
76,10207407,10247433,title,false,71,38,71
76,10051517,10244699,description,false,71,125,93
76,10246999,10030547,description,false,71,168,110
76,10261869,10250615,description,false,71,169,121
76,10207281,10247471,title,false,71,55,68
76,10178903,10062167,title,false,71,59,47
76,10216863,10247483,description,false,71,419,117
76,10207407,10244695,description,false,71,117,76
76,10274101,10242723,description,false,71,80,100
76,10207333,10062233,title,false,71,38,66
76,10085971,10180919,title,true,71,48,19
76,10197145,10004501,title,true,71,64,35
76,10274101,10242641,title,true,71,43,36
76,10239433,1022503,title,true,71,48,23
76,10051517,10247475,title,true,71,37,54
76,10216863,1014042,title,true,71,39,43
76,10246999,10004491,title,true,71,47,36
76,10075405,10260557,title,true,71,53,28
76,10207281,10180919,description,true,71,158,43
76,10207393,10217605,title,true,71,49,58
76,10207393,10004501,description,true,71,118,104
76,10239423,10247433,title,true,71,46,71
76,10085971,10242641,description,true,71,108,114
77,10239293,10207311,description,false,68,148,193
77,10239293,10111129,title,false,68,57,40
77,10236241,10144961,title,false,68,51,31
77,10236241,10233307,description,false,68,132,75
78,10202565,10247203,title,false,74,48,67
78,10074967,10244381,title,false,74,51,28
78,10152839,10205431,title,false,74,66,39
78,10017841,10157913,title,false,74,43,33
78,10244957,10205463,description,false,74,119,98
78,10244995,10016685,title,false,74,46,44
78,10245393,10157931,description,false,74,109,91
78,10245259,10145061,description,false,74,87,138
78,10020071,10138239,description,false,74,106,105
78,10030041,10005937,title,false,74,53,64
78,10202599,10016703,title,false,74,57,44
78,10166673,10243509,title,false,74,57,35
78,10017799,10205425,title,false,74,43,26
78,10068081,10144983,title,false,74,51,24
78,10036461,10242395,description,false,74,110,92
78,10036511,10144987,title,false,74,53,24
78,10028151,10244583,description,false,74,108,158
78,10036635,10247203,description,true,74,109,104
78,10017595,10244381,description,true,74,107,158
78,10017799,10205431,description,true,74,106,98
78,10036607,10157913,description,true,74,109,92
78,10245035,10247203,title,true,74,45,67
78,10059749,10244381,title,true,74,56,28
78,10068081,10205463,description,true,74,110,98
78,10073073,10205431,title,true,74,45,39
78,10197879,10157913,title,true,74,48,33
78,10036541,10157931,description,true,74,108,91
78,10073073,10145061,description,true,74,110,138
78,10036467,10138239,description,true,74,107,105
78,10028025,10205425,description,true,74,110,56
78,10014897,10016685,title,true,74,58,44
78,10030303,10005937,title,true,74,58,64
78,10059749,10144983,description,true,74,109,133
78,10036591,10205463,title,true,74,61,39
78,10036607,10157931,title,true,74,52,33
78,10166637,10145061,title,true,74,59,24
78,10166637,10242395,description,true,74,118,92
78,10196037,10144987,description,true,74,108,139
79,10074637,10111405,title,false,71,52,56
79,10186011,10027167,description,false,71,85,92
79,10080603,10051111,title,false,71,57,63
79,10207445,10111393,title,false,71,55,56
79,10186797,1001050,description,false,71,242,275
79,10186797,10027171,title,false,71,56,56
79,10206773,10111397,title,false,71,55,56
79,10261573,10111405,description,true,71,89,127
79,10016747,10027167,description,true,71,159,92
79,10186003,10111405,title,true,71,64,56
79,10080617,10051111,description,true,71,90,126
79,10073597,10111393,description,true,71,157,127
79,10261573,10027167,title,true,71,64,56
79,10207265,10051111,title,true,71,39,63
79,10207051,1001050,description,true,71,120,275
79,10030591,10027171,description,true,71,201,92
79,10197629,10111397,description,true,71,683,127
79,10080617,10111393,title,true,71,41,56
79,10186053,1001050,title,true,71,52,58
79,10016747,10027171,title,true,71,51,56
79,10186005,10111405,description,true,71,88,127
79,10018807,10027167,description,true,71,207,92
79,10207637,10051111,description,true,71,330,126
79,10186011,10111397,title,true,71,56,56
79,10197629,10111405,title,true,71,74,56
79,10190649,10111393,description,true,71,294,127
79,10013041,1001050,description,true,71,143,275
79,10190651,10027167,title,true,71,71,56
79,10074637,10027171,description,true,71,100,92
79,10207637,10051111,title,true,71,73,63
79,10063145,10111397,description,true,71,90,127
79,10018807,10111393,title,true,71,47,56
79,10207061,10111405,description,true,71,125,127
79,10234491,10027167,description,true,71,383,92
79,10063145,1001050,title,true,71,44,58
79,10080603,10051111,description,true,71,238,126
79,10206959,10111393,description,true,71,151,127
79,10186005,10027171,title,true,71,58,56
79,10207061,10111397,title,true,71,42,56
79,10186053,1001050,description,true,71,85,275
79,10013041,10111405,title,true,71,43,56
79,10207265,10027171,description,true,71,108,92
79,10016727,10027167,title,true,71,48,56
79,10186055,10111397,description,true,71,94,127
79,10190649,10051111,title,true,71,74,63
79,10053999,10111405,description,true,71,71,127
79,10206959,10111393,title,true,71,46,56
79,10073597,1001050,title,true,71,47,58
79,10127877,10027171,title,true,71,58,56
79,10186039,10111397,title,true,71,44,56
8,10174517,10159395,description,false,76,211,141
8,10030395,10000723,title,false,76,42,80
8,10181337,10029241,description,false,76,138,237
8,10174517,10014661,title,false,76,41,31
8,10063533,10018055,description,false,76,218,808
8,10006007,10201293,description,false,76,236,195
8,10006071,10030399,description,false,76,187,220
8,10201167,10258877,title,false,76,51,41
8,10063513,10259619,description,false,76,224,82
8,10029253,10002791,description,false,76,214,240
8,10036029,10117195,title,false,76,43,25
8,10006077,10012729,title,false,76,31,32
8,10163945,10015915,description,false,76,220,411
8,10137545,10030423,description,false,76,193,268
8,10137589,10021447,description,false,76,251,189
8,10063523,10000915,title,false,76,40,39
8,10181337,10002837,title,false,76,49,62
8,10063505,10122041,description,false,76,225,135
8,10006043,10006053,description,false,76,188,192
8,10006045,10119103,description,false,76,192,139
8,10006077,10223295,description,false,76,196,197
8,10006045,10258873,title,false,76,33,40
8,10006067,10137521,title,false,76,38,46
8,10029167,10127783,description,false,76,207,188
8,10163945,10173297,title,false,76,49,56
8,10006007,10001377,title,false,76,34,55
8,10006029,10017501,title,false,76,36,73
8,10063503,10119531,title,false,76,44,34
8,10006019,10018287,description,false,76,241,208
8,10006071,10197463,title,false,76,28,48
8,10063505,10001497,title,false,76,45,38
8,10006031,10000811,description,false,76,188,174
8,10006029,10211875,description,false,76,263,127
8,10036981,10248227,description,false,76,139,189
8,10201167,10127099,description,false,76,244,140
8,10071599,10111383,title,false,76,45,37
8,10030395,10007803,description,false,76,193,199
8,10006083,10137263,title,false,76,32,49
8,10006057,10074447,title,false,76,28,35
8,10174527,10025889,title,false,76,34,65
8,10029031,10001773,description,false,76,138,150
8,10006083,10186993,description,false,76,186,138
8,10036981,10224525,title,false,76,36,27
8,10071599,10029375,description,false,76,239,188
8,10006031,10224509,title,false,76,43,27
8,10029111,10025303,description,false,76,177,142
8,10029267,10208781,description,false,76,201,141
81,10223001,10021167,title,false,71,63,57
81,10180209,10258195,description,false,71,346,164
81,10145959,10180919,title,false,71,62,19
81,10036911,10021167,description,true,71,201,88
81,10223009,10021167,title,true,71,61,57
81,10237987,10258195,title,true,71,57,39
81,10029949,10180919,title,true,71,55,19
81,10037083,10021167,title,true,71,66,57
81,10231149,10258195,description,true,71,411,164
81,10238469,10258195,title,true,71,74,39
81,10237987,10180919,description,true,71,403,43
81,10238505,10180919,title,true,71,72,19
81,10231159,10021167,title,true,71,52,57
81,10223001,10021167,description,true,71,206,88
81,10037083,10258195,description,true,71,220,164
81,10173153,10180919,description,true,71,208,43
81,10231185,10021167,description,true,71,473,88
81,10037089,10258195,description,true,71,339,164
81,10231149,10258195,title,true,71,54,39
81,10231159,10180919,description,true,71,544,43
81,10237991,10021167,description,true,71,411,88
81,10173153,10180919,title,true,71,49,19
81,10223009,10258195,description,true,71,218,164
81,10237991,10021167,title,true,71,65,57
81,10029949,10180919,description,true,71,413,43
81,10238505,10021167,description,true,71,221,88
81,10037089,10258195,title,true,71,42,39
81,10223013,10180919,title,true,71,67,19
81,10223013,10258195,description,true,71,226,164
81,10036911,10021167,title,true,71,49,57
81,10029927,10258195,title,true,71,54,39
81,10231185,10180919,title,true,71,52,19
81,10029927,10180919,description,true,71,405,43
81,10180209,10021167,title,true,71,39,57
81,10145959,10021167,description,true,71,219,88
81,10180227,10258195,title,true,71,39,39
81,10001479,10258195,description,true,71,520,164
81,10180227,10180919,description,true,71,214,43
81,10238469,10021167,description,true,71,412,88
82,10223311,10018997,title,false,78,51,43
82,10111385,10006043,title,false,78,42,29
82,10106977,10266951,description,false,78,184,198
82,10101665,10017133,title,false,78,31,25
82,10129617,10117203,description,false,78,138,133
82,10223303,10266917,title,false,78,29,24
82,10129617,10266823,title,false,78,35,24
82,10029241,10075931,title,false,78,33,22
82,10122041,10182581,title,false,78,34,25
82,10029235,10274569,title,false,78,62,22
82,10018979,10021449,description,false,78,252,189
82,10129623,10063557,title,false,78,33,25
82,10111383,10117195,description,false,78,197,141
82,10129633,10018075,description,false,78,143,187
82,10122041,10006031,description,false,78,135,188
82,10223303,10030397,description,false,78,185,226
82,10166685,10038943,description,false,78,183,185
82,10018943,10006077,description,false,78,273,196
82,10208737,10117143,title,false,78,50,23
82,10111367,10021447,title,false,78,29,26
82,10234247,10266877,title,false,78,61,24
82,10001425,10029687,title,false,78,57,26
82,10166677,10266837,description,false,78,184,198
82,10266945,10018013,description,false,78,205,187
82,10119103,10018997,description,true,78,139,241
82,10111373,10006043,description,true,78,204,188
82,10223315,10266951,description,true,78,185,198
82,10129623,10017133,description,true,78,136,188
82,10137525,10117203,description,true,78,141,133
82,10101691,10266917,description,true,78,235,198
82,10166687,10266823,description,true,78,192,217
82,10111383,10018997,title,true,78,37,43
82,10208737,10075931,description,true,78,229,184
82,10266945,10006043,title,true,78,33,29
82,10111361,10182581,description,true,78,189,130
82,10166687,10266951,title,true,78,32,24
82,10033165,10274569,description,true,78,141,130
82,10018061,10021449,description,true,78,188,189
82,10111365,10017133,title,true,78,64,25
82,10101665,10063557,description,true,78,139,188
82,10223285,10117195,description,true,78,159,141
82,10029235,10018075,description,true,78,251,187
82,10137521,10117203,title,true,78,46,25
82,10137151,10266917,title,true,78,47,24
82,10111007,10266823,title,true,78,39,24
82,10129633,10075931,title,true,78,31,22
83,10135133,10178013,description,false,71,122,277
83,10111119,10177975,title,false,71,41,54
83,10038969,10244311,title,false,71,42,48
83,10135133,10032727,title,false,71,44,39
83,10038969,10178029,description,false,71,102,99
83,10236403,10177983,description,false,71,303,138
83,10236403,10185873,title,false,71,27,55
83,10111119,10177965,description,false,71,140,109
84,10003841,10002763,title,false,73,59,36
84,10214815,10002337,title,false,73,47,54
84,10202401,10205399,title,false,73,46,48
84,10017397,10240187,title,false,73,91,66
84,10202481,10239821,title,false,73,45,53
84,10003823,10002761,title,false,73,71,40
84,10017363,10001585,title,false,73,82,47
84,10255909,10258363,description,false,73,114,1396
84,10132125,10001211,description,false,73,77,108
84,10216841,10233129,description,false,73,120,53
84,10017363,10145021,description,false,73,117,300
84,10216841,10001931,title,false,73,45,47
84,10203295,10145033,description,false,73,124,380
84,10214857,10002195,title,false,73,44,53
84,10017391,10207073,title,false,73,80,45
84,10098657,10001573,description,false,73,68,154
84,10051203,10251421,description,false,73,116,178
84,10132123,10266637,title,false,73,48,45
84,10257999,10205403,description,false,73,138,244
84,10003827,10205395,description,false,73,204,229
84,10202401,10092535,description,false,73,126,204
84,10003811,10157901,description,false,73,203,137
84,10202501,10258405,description,false,73,130,1334
84,10098661,10231649,description,false,73,66,40
84,10012715,10002337,description,true,73,81,141
84,10202491,10205399,description,true,73,112,224
84,10003801,10240187,description,true,73,201,141
84,10257999,10239781,title,false,73,63,64
84,10003833,10243509,title,false,73,67,35
84,10132125,10002763,title,true,73,45,36
84,10202463,10001585,description,true,73,126,170
84,10003797,10258363,description,true,73,157,1396
84,10003823,10001211,description,true,73,207,108
84,10003833,10233129,description,true,73,205,53
84,10003843,10145021,description,true,73,159,300
84,10098661,10002337,title,true,73,57,54
84,10098655,10205399,title,true,73,45,48
84,10003831,10240187,title,true,73,65,66
84,10021551,10239821,title,true,73,51,53
84,10202413,10002761,title,true,73,39,40
84,10017405,10001585,title,true,73,87,47
84,10202501,10258363,title,true,73,50,74
84,10003849,10001931,description,true,73,206,125
84,10214815,10145033,description,true,73,124,380
85,10266625,10256685,description,false,79,49,426
85,10266623,10256649,title,false,79,47,42
85,10001731,10041847,description,false,79,873,1212
85,10002487,10256737,description,false,79,138,597
85,10002393,10256739,title,false,79,45,36
85,10239847,10063693,title,false,79,61,34
85,10001483,10122041,title,false,79,34,34
85,10266653,10256717,title,false,79,56,50
85,10001899,10019563,title,false,79,21,40
85,10266625,10256709,title,false,79,50,56
85,10001445,10256733,description,false,79,231,730
85,10001003,10137533,title,false,79,46,35
85,10002393,10041877,description,false,79,195,1027
85,10266635,10240225,title,false,79,42,41
85,10001731,10041821,title,false,79,44,48
85,10266653,10181019,description,false,79,640,60
85,10266643,10256689,description,false,79,458,335
85,10001265,10184915,title,false,79,49,50
85,10002487,10233269,title,false,79,72,27
85,10266631,10256677,description,false,79,266,357
85,10266631,10041871,title,false,79,43,46
85,10001899,10041873,description,false,79,437,1026
85,10266623,10240299,description,false,79,477,509
85,10266643,10256647,title,false,79,43,42
85,10001445,10127099,title,false,79,57,26
85,10266635,10041839,description,false,79,296,1028
85,10001265,10256663,description,false,79,114,365
85,10001483,10256645,description,false,79,432,266
85,10266647,10238571,title,false,79,38,58
85,10266661,10106181,title,false,79,45,83
85,10266661,10256703,description,false,79,314,596
86,10041823,10205395,description,false,76,1035,229
86,10233311,10243479,title,false,76,37,30
86,10207419,10182347,description,false,76,147,106
86,10255037,10244671,description,false,76,140,158
86,10251903,10244695,title,false,76,57,27
86,10260573,10180919,description,false,76,163,43
86,10239431,10247703,description,false,76,118,52
86,10239441,10239821,title,false,76,42,53
86,10225009,10247807,description,false,76,207,53
86,10041847,10244385,title,false,76,46,47
86,10207465,10244679,description,false,76,105,100
86,10239423,10145033,title,false,76,46,47
86,10132571,10001931,title,false,76,51,47
86,10207271,10199919,description,false,76,124,86
86,10255037,10234797,title,false,76,36,14
86,10239423,10206943,description,false,76,118,92
86,10234535,10245441,title,false,76,53,58
86,10239449,10001773,description,false,76,133,150
86,10239431,10243563,title,false,76,55,30
86,10225009,10182375,title,false,76,78,90
86,10234535,10205399,description,false,76,222,224
86,10132571,10106181,description,false,76,133,339
86,10239463,10244583,title,false,76,63,28
86,10239463,10145021,description,false,76,105,300
86,10239441,10193867,description,false,76,123,152
86,10041823,10137151,title,false,76,56,47
86,10197627,10244381,description,false,76,229,158
86,10233311,10205395,description,true,76,144,229
86,10207461,10266637,title,false,76,48,45
86,10207465,10205395,title,true,76,45,50
86,10207461,10243479,description,true,76,121,161
86,10260573,10243479,title,true,76,37,30
86,10207317,10182347,description,true,76,97,106
86,10260563,10182347,title,true,76,37,50
86,10260563,10244671,description,true,76,158,158
86,10041847,10244695,description,true,76,1212,76
86,10239449,10244671,title,true,76,35,33
86,10207419,10244695,title,true,76,58,27
86,10207317,10180919,title,true,76,31,19
86,10207271,10247703,title,true,76,51,51
86,10251903,10180919,description,true,76,146,43
86,10197627,10239821,title,true,76,61,53
87,10152795,10244381,description,false,75,87,158
87,10154653,10145043,title,false,75,61,31
87,10089225,10145031,description,false,75,91,127
87,10153625,10235405,title,false,75,68,33
87,10245077,10144983,title,false,75,44,24
87,10030161,10244581,description,false,75,108,87
87,10155661,10145245,description,false,75,109,106
87,10245121,10243457,title,false,75,45,34
87,10073485,10145027,title,false,75,43,27
87,10176915,10244583,title,false,75,56,28
87,10268335,10157877,title,false,75,49,27
87,10154963,10145025,description,false,75,121,214
87,10254389,10144987,description,false,75,90,139
87,10030193,10243509,title,false,75,46,35
87,10027735,10157931,title,false,75,48,33
87,10245407,10145323,description,false,75,76,105
87,10154963,10145313,title,false,75,66,33
87,10029987,10145053,title,false,75,47,31
87,10245125,10145061,description,false,75,78,138
87,10245105,10145079,description,false,75,111,240
87,10152795,10243471,title,false,75,52,35
87,10245121,10145005,description,false,75,108,117
87,10108639,10145045,description,false,75,108,214
87,10030001,10157913,description,false,75,109,92
87,10155463,10244381,title,true,75,57,28
87,10245105,10145043,title,true,75,43,31
87,10030075,10244381,description,true,75,110,158
87,10062739,10145031,title,true,75,53,27
87,10020069,10235405,title,true,75,48,33
87,10153137,10144983,title,true,75,65,24
87,10254389,10243457,title,true,75,53,34
87,10030167,10145043,description,true,75,101,215
87,10030075,10244581,title,true,75,48,24
87,10245045,10145031,description,true,75,112,127
87,10038885,10235405,description,true,75,111,660
87,10245283,10145245,title,true,75,42,33
87,10017609,10145027,title,true,75,41,27
87,10060367,10144983,description,true,75,110,133
87,10089225,10244583,title,true,75,42,28
87,10030119,10244581,description,true,75,109,87
87,10155661,10157877,title,true,75,60,27
87,10038885,10145025,title,true,75,48,31
87,10268335,10145245,description,true,75,109,106
87,10245077,10145027,description,true,75,107,127
88,10168463,10179289,description,false,70,220,136
88,10236739,10243509,title,false,70,84,35
88,10256015,10144987,description,false,70,126,139
88,10075165,10145045,title,false,70,72,31
88,10197727,10111397,title,false,70,79,56
88,10197737,10205463,description,false,70,476,98
88,10256015,10145259,title,false,70,43,28
88,10144797,10237785,description,false,70,167,56
88,10075177,10111405,description,false,70,496,127
88,10236739,10145025,description,false,70,211,214
88,10168463,10243471,title,false,70,75,35
88,10197741,10111407,title,false,70,91,62
88,10173143,10246473,title,false,70,52,72
88,10234525,10157901,description,false,70,305,137
88,10234523,10182347,description,false,70,334,106
88,10144797,10237771,title,false,70,65,43
88,10235413,10157931,description,false,70,574,91
88,10234523,10246963,title,false,70,70,57
88,10234533,10207409,title,false,70,68,72
88,10207639,10157939,description,false,70,299,85
88,10051241,10237779,title,false,70,42,39
88,10075165,10237777,description,false,70,630,56
88,10271953,10111409,title,false,70,48,62
88,10235421,10205425,description,false,70,420,56
88,10051241,10157955,description,false,70,70,87
88,10075177,10213119,title,false,70,64,64
88,10235413,10016735,title,false,70,72,38
88,10271953,10027171,description,false,70,87,92
88,10173143,1001050,description,false,70,221,275
88,10207639,10111417,title,false,70,57,62
88,10197737,10145079,title,false,70,63,21
88,10235421,10205431,title,false,70,85,39
88,10234525,10132043,title,false,70,73,28
88,10245789,10145061,description,false,70,220,138
88,10245789,10111395,title,false,70,72,62
88,10234533,10051111,description,false,70,291,126
88,10197727,10051681,description,false,70,470,123
88,10197741,10157877,description,false,70,736,322
89,10117015,10244671,title,false,67,51,33
89,10136257,1015996,title,false,67,58,24
89,10238843,10050791,description,false,67,71,80
89,10003155,10144983,description,false,67,79,133
89,10136049,10015145,title,false,67,64,56
89,10238843,10187753,title,false,67,50,43
89,10136257,10041407,description,false,67,78,86
89,10256525,10147465,title,false,67,49,55
89,10136027,10014361,title,false,67,56,47
89,10003543,10263145,description,false,67,77,249
89,10136049,10244381,description,false,67,76,158
89,10239079,10243509,title,false,67,53,35
89,10003249,10041421,description,false,67,68,95
89,10237959,10243563,title,false,67,46,30
89,10139197,10041423,title,false,67,47,62
89,10003543,10173645,title,false,67,54,52
89,10239207,10180919,title,false,67,47,19
89,10136149,10014345,description,false,67,72,71
89,10239115,10145033,description,false,67,75,380
89,10136417,10013567,title,false,67,57,53
89,10003249,10202819,title,false,67,50,33
89,10238849,10145313,title,false,67,55,33
89,10238981,10015141,title,false,67,47,61
89,10256525,10145245,description,false,67,74,106
89,10002989,10159213,description,false,67,73,51
89,10139197,10089045,description,false,67,148,98
89,10117015,10184275,description,false,67,71,67
89,10238981,1011679,description,false,67,72,155
89,10238755,10244677,description,false,67,131,84
89,10136417,10159225,description,false,67,69,51
89,10239207,10013573,description,false,67,70,111
89,10238979,10232793,title,false,67,61,56
89,10136027,10244459,description,false,67,68,88
89,10238979,10263143,description,false,67,74,253
89,10003149,10157901,description,false,67,150,137
89,10239079,10145323,description,false,67,71,105
89,10237957,10244421,title,false,67,58,27
89,10002989,10244583,title,false,67,56,28
89,10238755,10145021,title,false,67,64,60
89,10003605,10243479,description,false,67,84,161
89,10237959,10263197,description,false,67,79,255
89,10239115,10243471,title,false,67,50,35
89,10238849,10205395,description,false,67,85,229
89,10003149,10035883,title,false,67,59,47
89,10003605,10244671,title,true,67,49,33
89,10237957,10244671,description,true,67,85,158
89,10136149,1015996,title,true,67,48,24
9,10027907,10017771,title,false,71,48,50
9,10101611,10015929,title,false,71,45,54
9,10207229,10004129,title,false,71,56,57
9,10264839,10244401,title,false,71,44,28
9,10016669,10013487,description,false,71,63,160
9,10121079,10006029,title,false,71,49,36
9,10265139,10004165,title,false,71,45,65
9,10265303,10015167,title,false,71,47,53
9,10144529,10000571,title,false,71,48,49
9,10203031,1000905,description,false,71,69,229
9,10148149,10017211,title,false,71,43,42
9,10222787,10212949,description,false,71,60,59
9,10239387,10006075,description,false,71,61,257
9,10164127,10002181,title,false,71,42,59
9,10014413,10015921,title,false,71,49,59
9,10236397,10006039,title,false,71,32,32
9,10202973,10004201,description,false,71,56,58
9,10267939,10015163,title,false,71,48,50
9,10035821,10013483,description,false,71,65,157
9,10132013,10243509,title,false,71,48,35
9,10245871,10015913,description,false,71,79,68
9,10274779,10000599,description,false,71,66,73
9,10163941,10145245,title,false,71,42,33
9,10030115,10244581,description,false,71,57,87
9,10012429,10006003,title,false,71,68,34
9,10016697,10013677,title,false,71,42,78
9,10148149,10244203,description,false,71,57,56
9,1011488,10017723,title,false,71,43,41
9,10222787,10246487,title,false,71,47,66
9,10143889,10005937,title,false,71,43,64
9,10061153,10145301,title,false,71,53,28
9,1002096,10012761,description,false,71,182,111
9,10099519,10157913,title,false,71,44,33
9,10265139,10015159,description,false,71,195,74
9,10267767,10157877,description,false,71,56,322
9,10000543,10244381,title,false,71,40,28
9,10000281,10003439,title,false,71,42,51
9,10147211,10144987,description,false,71,55,139
9,10012435,10011163,title,false,71,52,56
9,10180687,10000553,title,false,71,38,49
9,10265325,10157931,description,false,71,174,91
9,10000281,10006073,description,false,71,55,188
9,10035823,10014735,title,false,71,47,55
9,10000245,10145005,description,false,71,59,117
90,10143931,10145061,description,false,71,99,138
90,10106295,10144987,description,false,71,585,139
90,10259959,10255831,description,false,71,126,431
90,10144063,10255557,title,false,71,50,71
90,10143941,10244583,title,false,71,51,28
90,10106211,10144983,title,false,71,75,24
90,10143941,10255751,description,false,71,105,416
90,10259959,10145061,title,true,71,50,24
90,10143875,10145061,description,true,71,99,138
90,10144063,10144987,description,true,71,64,139
90,10143857,10255831,description,true,71,70,431
90,10232643,10255557,description,true,71,454,379
90,10106047,10244583,description,true,71,519,158
90,10232643,10144987,title,true,71,61,24
90,10143789,10255831,title,true,71,46,61
90,10259957,10144983,description,true,71,81,133
90,10106181,10255751,description,true,71,339,416
90,10144061,10255557,title,true,71,59,71
90,10106299,10244583,title,true,71,80,28
90,10106299,10145061,description,true,71,479,138
90,10143909,10144983,title,true,71,56,24
90,10143975,10255751,title,true,71,51,56
90,10106295,10145061,title,true,71,68,24
90,10106211,10144987,description,true,71,480,139
90,10143975,10255831,description,true,71,64,431
90,10106267,10144987,title,true,71,67,24
90,10259957,10255831,title,true,71,45,61
90,10143931,10255557,title,true,71,57,71
90,10143789,10255557,description,true,71,102,379
90,10157913,10244583,description,true,71,92,158
90,10143909,10144983,description,true,71,67,133
90,10143867,10255751,description,true,71,65,416
90,10106119,10244583,title,true,71,69,28
90,10143857,10144983,title,true,71,58,24
90,10143903,10145061,description,true,71,89,138
90,10106047,10255751,title,true,71,60,56
90,10106181,10145061,title,true,71,83,24
90,10143903,10144987,title,true,71,58,24
90,10157913,10255831,title,true,71,33,61
90,10106267,10144987,description,true,71,435,139
90,10106119,10255831,description,true,71,513,431
90,10143757,10255557,description,true,71,94,379
90,10143959,10244583,description,true,71,65,158
92,10182267,10248895,title,false,67,35,39
92,10101529,10248941,description,false,67,199,89
92,10105861,10248885,description,false,67,215,151
92,10166959,10259619,description,false,67,253,82
92,10181923,10231031,title,false,67,78,33
92,10167843,10265867,description,false,67,211,516
92,10182279,10254773,description,false,67,166,105
92,10105877,10017417,title,false,67,86,35
92,10181833,10248925,title,false,67,47,36
92,10182275,10017441,title,false,67,39,37
92,10182273,10017433,title,false,67,35,36
92,10182277,10231001,title,false,67,34,33
92,10167843,10186937,title,false,67,55,34
92,10182275,10265887,description,false,67,170,698
92,10181833,10017409,description,false,67,496,389
92,10181867,10249055,description,false,67,196,110
92,10167837,10051479,description,false,67,241,393
92,10105877,10186693,description,false,67,198,89
92,10244125,10249015,title,false,67,51,37
92,10156877,10017443,title,false,67,59,37
92,10182273,10203389,description,false,67,166,197
92,10211875,10017449,title,false,67,51,35
92,10181867,10051481,title,false,67,43,43
92,10244125,10017457,description,false,67,116,356
92,10181923,10017445,description,false,67,228,410
92,10211875,10017459,description,false,67,127,410
92,10182277,10068639,description,false,67,165,183
92,10166959,10248895,title,true,67,67,39
92,10156877,10248895,description,true,67,456,136
92,10101529,10248941,title,true,67,65,37
92,10105861,10248885,title,true,67,68,45
92,10167837,10259619,title,true,67,63,55
93,10265887,10002267,description,false,71,698,256
93,10167235,10001773,title,false,71,56,46
93,10265887,10266619,title,false,71,42,44
93,10017459,10014817,title,false,71,36,51
93,10025329,10198073,description,false,71,180,88
93,10017423,10130747,title,false,71,50,40
93,10025329,10002761,title,false,71,41,40
93,10167239,10176801,description,false,71,334,110
93,10017415,10186693,description,false,71,400,89
93,10190999,10181003,description,false,71,217,56
93,10167239,10002193,title,false,71,37,39
93,10051487,10001585,description,false,71,398,170
93,10017415,10001573,title,false,71,50,40
93,10017437,10176789,description,false,71,356,110
93,10190999,10198123,title,false,71,72,36
93,10017449,10243509,title,false,71,35,35
93,10017449,10198225,description,false,71,409,88
93,10167851,10198085,description,false,71,226,89
93,10190997,10002267,description,true,71,218,256
93,10017455,10001773,description,true,71,397,150
93,10131759,10266619,description,true,71,71,44
93,10235563,10014817,description,true,71,159,83
93,10167241,10198073,description,true,71,333,88
93,10072955,10176801,description,true,71,227,110
93,10051483,10239781,title,false,71,47,64
93,10235563,10266637,title,false,71,61,45
93,10126779,10186693,description,true,71,453,89
93,10126783,10239821,title,false,71,47,53
93,10126795,10181003,description,true,71,269,56
93,10167851,10130745,title,false,71,49,37
93,10017423,10001585,description,true,71,400,170
93,10126751,10266601,title,false,71,52,46
93,10167235,10001573,description,true,71,362,154
93,10017437,10002267,title,true,71,36,44
93,10051479,10001773,title,true,71,41,46
93,10131759,10266619,title,true,71,45,44
93,10185733,10176789,description,true,71,905,110
93,10167241,10014817,title,true,71,36,51
93,10051487,10130747,title,true,71,46,40
93,10126783,10198123,description,true,71,257,87
93,10191001,10198073,title,true,71,73,59
93,10017459,10198225,description,true,71,410,88
93,10051483,10198085,description,true,71,399,89
93,10072955,10002761,title,true,71,40,40
93,10126751,10002267,description,true,71,262,256
93,10017451,10001773,description,true,71,355,150
93,10265867,10266619,description,true,71,516,44
93,10021085,10014817,description,true,71,445,83
93,10190997,10176801,title,true,71,73,50
93,10051479,10198073,description,true,71,393,88
94,10248889,10236183,title,false,79,45,51
94,10073681,10180919,title,false,79,30,19
94,10073623,10106749,title,false,79,27,32
94,10074713,10041841,description,false,79,71,1029
94,10186559,10244583,description,false,79,152,158
94,10252689,10206151,description,false,79,108,71
94,10073649,10106181,description,false,79,195,339
94,10073681,10265887,description,false,79,191,698
94,10133399,1008985,title,false,79,35,50
94,10254773,10157955,description,false,79,105,87
94,10186559,10206159,title,false,79,37,37
94,10092533,10236179,title,false,79,36,51
94,10073653,10243537,description,false,79,190,136
94,10186469,10157901,description,false,79,153,137
94,10073661,10206021,description,false,79,188,100
94,10254773,10244381,title,false,79,47,28
94,10073645,10039845,description,false,79,206,776
94,10248895,10041879,description,false,79,136,1026
94,10252689,10041823,title,false,79,38,56
94,10074713,10236177,title,false,79,29,50
94,10073635,10041847,description,false,79,207,1212
94,10186717,10041877,description,false,79,180,1027
94,10254767,10041821,description,false,79,168,1027
94,10092533,10041835,description,false,79,178,1026
94,10073635,10266647,title,false,79,29,38
94,10254767,10243509,title,false,79,48,35
94,10073645,10243479,title,false,79,28,30
94,10186717,10236211,title,false,79,47,63
94,10073685,10137151,title,false,79,35,47
94,10073685,10041871,description,false,79,213,1025
94,10073659,10041839,description,false,79,206,1028
94,10073659,10041873,title,false,79,28,47
94,10248889,10236183,description,true,79,136,847
94,10248895,10236183,title,true,79,39,51
94,10073623,10180919,description,true,79,212,43
94,10073625,10106749,description,true,79,177,80
94,10133399,10041841,description,true,79,209,1029
94,10073677,10244583,description,true,79,188,158
94,10186469,10180919,title,true,79,32,19
94,10073653,10106749,title,true,79,29,32
95,10074451,10030349,description,false,67,196,232
95,10074437,10017133,title,false,67,35,25
95,10001657,10138009,description,false,67,114,233
95,10074437,10203229,description,false,67,193,198
95,10234239,10266795,description,false,67,633,197
95,10074451,10029819,title,false,67,34,40
95,10167925,10071081,title,false,67,37,36
95,10001209,10196897,description,false,67,164,87
95,10001657,10021449,title,false,67,47,26
95,10074431,10137339,title,false,67,24,45
95,10252869,10117233,title,false,67,42,44
95,10234239,10138029,title,false,67,52,49
95,10074463,10064639,description,false,67,197,695
95,10074453,10193611,title,false,67,35,52
95,10167925,10213451,description,false,67,196,127
95,10074453,10274569,description,false,67,196,130
95,10074431,10266813,description,false,67,159,207
95,10074433,10213423,title,false,67,35,49
95,10074463,10006055,title,false,67,39,36
95,10001209,10182147,title,false,67,48,36
95,10252869,10166685,description,false,67,462,183
96,10216863,10003259,description,false,75,419,101
96,10242709,10002193,title,false,75,44,39
96,1010018,10157955,title,false,75,52,28
96,1010018,10214963,description,false,75,147,869
96,10133089,10244695,title,false,75,69,27
96,10133089,10244671,description,false,75,258,158
96,10216863,10243509,title,false,75,39,35
96,10242709,10145021,description,false,75,110,300
97,1005514,10182355,description,false,70,132,114
97,10262795,10263399,description,false,70,342,291
97,10256947,10263425,title,false,70,52,51
97,10187323,10255879,description,false,70,132,96
97,10262865,10255505,title,false,70,80,47
97,10235405,10268117,title,false,70,33,53
97,10262895,10244583,title,false,70,80,28
97,10262865,10268249,description,false,70,281,71
97,10262869,10244381,title,false,70,73,28
97,10028859,10264839,title,false,70,58,44
97,10012927,10145061,description,false,70,128,138
97,10256963,10145245,title,false,70,55,33
97,10262837,10255835,description,false,70,281,124
97,10256885,10157877,description,false,70,112,322
97,10144961,10243509,title,false,70,31,35
97,10262947,10144987,title,false,70,66,24
97,10262863,10244679,title,false,70,73,48
97,10262881,10268201,title,false,70,51,53
97,10262867,10255817,description,false,70,342,74
97,10144959,10182355,description,true,70,365,114
97,1010500,10182355,title,true,70,28,44
97,10145033,10263399,description,true,70,380,291
97,10001281,10263399,title,true,70,40,58
97,10262843,10263425,description,true,70,277,88
97,10262869,10255879,description,true,70,275,96
97,10256885,10263425,title,true,70,54,51
97,10262745,10255879,title,true,70,79,68
97,10256975,10255505,title,true,70,79,47
97,10256979,10268117,title,true,70,74,53
97,10180489,10255505,description,true,70,437,90
97,10262895,10268117,description,true,70,293,56
97,10256947,10244583,description,true,70,112,158
97,10262755,10268249,description,true,70,288,71
97,10145011,10244381,description,true,70,253,158
97,10012927,10244583,title,true,70,48,28
97,10244677,10268249,title,true,70,45,42
97,10205441,10244381,title,true,70,35,28
97,10145011,10264839,title,true,70,72,44
97,10256985,10145061,title,true,70,77,24
97,1010498,10264839,description,true,70,112,165
97,1013864,10145061,description,true,70,152,138
97,10256975,10145245,description,true,70,92,106
97,10144959,10145245,title,true,70,48,33
97,10180489,10255835,title,true,70,48,59
97,10064489,10243509,title,true,70,73,35
97,10262867,10157877,title,true,70,76,27
97,10145017,10255835,description,true,70,341,124
97,1013864,10144987,title,true,70,40,24
98,10048389,10266273,description,false,71,212,157
98,10173137,10266661,title,false,71,40,45
98,10235413,10173173,description,false,71,574,205
98,10048373,10266643,description,false,71,211,458
98,10237729,10258233,description,false,71,228,173
98,10048371,10130745,title,false,71,54,37
98,10235413,10239821,title,false,71,72,53
98,10048371,10258195,description,false,71,207,164
98,10264741,10266647,title,false,71,53,38
98,10037089,10173359,description,false,71,339,189
98,10173127,10019567,title,false,71,54,40
98,10048389,10173357,title,false,71,30,37
98,10173137,10251421,description,false,71,195,178
98,10173119,10241519,description,false,71,224,117
98,10180209,10001975,title,false,71,39,56
98,10048373,10173165,title,false,71,58,58
98,10173119,10001931,title,false,71,52,47
98,10264741,10001203,description,false,71,176,149
98,10180209,10266619,description,false,71,346,44
98,10180227,10080229,description,false,71,214,196
98,10180227,10173129,title,false,71,39,39
98,10173127,10258213,description,false,71,232,352
98,10237729,10266601,title,false,71,34,46
98,10037089,10001773,title,false,71,42,46
99,10244671,10198011,description,false,67,158,161
99,10145021,10207305,title,false,67,60,43
99,10244671,10042697,title,false,67,33,50
99,10145021,10253761,description,false,67,300,112
